bce;nom;exercice;schema;ebitda;bilan;etp;alertes
0201543234;TIBI;2025-12-31;m82-f;-47443556.78;151020494.34;684.9;dépôt plus récent inexploitable (2026-00248188:404)
0203430576;SOCIÉTÉ NATIONALE DES CHEMINS DE FER BELGES;2025-12-31;m02-f;55376878.12;13089860911.11;;"EBITDA dans la bande sans personnel déclaré; dépôt plus récent inexploitable (2026-00162246:404, 2026-00162458:404)"
0214596464;bpost;2025-12-31;m02-f;161841206.35;4267183505.97;23730.2;dépôt plus récent inexploitable (2026-00118969:404)
0216881904;Intercommunale de Gestion de l'Environnement;2025-12-31;m02-f;20358508.2;379702044.55;406.3;dépôt plus récent inexploitable (2026-00250999:404)
0219802592;Association intercommunale Bureau économique de la Province de Namur;2025-12-31;m82-f;334172.01;37298622.92;151.4;variation N/N-1 extrême
0222869673;SIBELGA;2025-12-31;m82-f;156350446.78;1515105469.87;;EBITDA dans la bande sans personnel déclaré
0239025519;INTERCOMMUNALE DES ABATTOIRS PUBLICS DES ARRONDISSEMENTS DE LIEGE ET DE WAREMME;2024-12-31;m01-f;-325534;3112600;;630 absent
0249268719;LE PORT DE BRUXELLES;2025-12-31;m02-f;17749077.98;372168726.94;119.6;variation N/N-1 extrême
0400311773;Niagara;2025-09-30;m07-f;-1896.09;15845.17;;630 absent
0400338992;Nouvel Adem;2025-12-31;m01-f;86976.46;1660098.09;3.3;variation N/N-1 extrême
0400354731;FCA BELGIUM;2024-12-31;m02-f;9144538.43;136885565.4;;"EBITDA dans la bande sans personnel déclaré; variation N/N-1 extrême"
0400442526;SCHLEIPER;2023-12-31;m02-f;359886.6;11562594.09;140.8;"exercice ancien (2023-12-31); dépôt plus récent inexploitable (2026-00291148:404, 2025-00217196:404)"
0400456580;Usines Auriol;2025-12-31;m87-f;415199.69;1342134.2;;"EBITDA dans la bande sans personnel déclaré; variation N/N-1 extrême"
0400462916;Carrières Unies de Porphyre;2025-12-31;m02-f;8386385.08;66977296.57;137.1;dépôt plus récent inexploitable (2026-00496121:404)
0400584264;Rose et Van Geluwe;2026-01-31;m81-f;175988.08;37011.16;2.7;EBITDA > total du bilan
0400600003;American Supply Corporation Belgium;2025-12-31;m87-f;34472.57;113347;;variation N/N-1 extrême
0400613364;M-R & C°;2025-12-31;m87-f;6163.3;8865.42;;"630 absent; variation N/N-1 extrême"
0401115388;NGK CERAMICS EUROPE SA;2026-03-31;m02-f;13602985.23;296193458.1;319.2;dépôt plus récent inexploitable (2026-00522433:404)
0401154683;International Moving and Storage Mory and Co;2025-03-31;m01-f;826835.85;386265.83;17.4;EBITDA > total du bilan
0401157950;COMPAGNIE DE PARTICIPATIONS ET DE DEVELOPPEMENT INDUSTRIEL;2025-12-31;m01-f;-7410.22;1341011.7;;630 absent
0401174479;Société Anonyme des Anciennes Usines Victor Fontaine;2025-12-31;m01-f;-64565;8202506;1;630 absent
0401176855;CARRIERES GAUTHIER & WINCQZ;2025-12-31;m02-f;-301233.49;20542070.84;;"630 absent; variation N/N-1 extrême"
0401250101;MENART;2025-12-31;m81-f;1147211.16;7292148.76;;EBITDA dans la bande sans personnel déclaré
0401371053;ANDRE-ZINC;2025-12-31;m01-f;581163.9;1566444.42;6.3;variation N/N-1 extrême
0401381644;LOGICOL;2025-12-31;m81-f;7978.34;725305.49;;630 absent
0401397777;ETABLISSEMENTS HONTOIR;2025-12-31;m01-f;313005.53;691670.5;;EBITDA dans la bande sans personnel déclaré
0401403420;Etablissements Latour;2025-12-31;m07-f;615545.68;2015300.01;;EBITDA dans la bande sans personnel déclaré
0401408863;Materne - Confilux;2025-12-31;m02-f;-11846909.26;147399013.58;607.8;variation N/N-1 extrême
0401414209;PALATE;2025-12-31;m87-f;-53.26;6155.14;;630 absent
0401417771;GOMMY STAMPS;2025-12-31;m87-f;3812.18;181476.54;;"630 absent; variation N/N-1 extrême"
0401464588;Moulins de Statte;2023-12-31;m01-f;-117216.37;2870502.63;9.3;exercice ancien (2023-12-31)
0401471023;Chantier de Waterloo;2025-12-31;m87-f;-4228.59;340503.07;;630 absent
0401490720;IMPRIMERIE MALENGREAUX - LEKIME;2025-12-31;m87-f;-2374.44;75731.15;;630 absent
0401493391;GHIANDONI;2023-01-31;m01-f;-356256.54;4611865.08;15.9;exercice ancien (2023-01-31)
0401496955;INDUSTRIELLE BORAINE;2024-12-31;m81-f;-1394980;595825;24;"exercice de 18 mois; variation N/N-1 extrême"
0401531104;Maison Jacques Dolisy;2025-12-31;m81-f;10920.39;367139.18;0.9;630 absent
0401574852;UMICORE;2025-12-31;m02-f;193117894.51;6261113927.52;3209;dépôt plus récent inexploitable (2026-00154992:404)
0401607615;Société Anonyme des Charbonnages du Petit-Try;2024-12-31;m01-f;-42412.79;224004.85;;630 absent
0401688282;Vilain - Di Valerio;2025-12-31;m87-f;-6444.08;142356.95;;630 absent
0401728567;LES POMPES FUNEBRES MICHEL;2025-12-31;m87-f;18245.32;430888.08;2;variation N/N-1 extrême
0401823191;Les Etablissements J.D.V.;2025-12-31;m87-f;5126.5;222300.05;;630 absent
0401876641;Etablissements Corado;2024-12-31;m87-f;33949.14;101938.52;0.5;variation N/N-1 extrême
0401898417;BROCAL;2025-12-31;m07-f;-29898.66;1029945.06;1.8;630 absent
0401909503;Ateliers de Décolletage et de Constructions Oudaert;2025-12-31;m01-f;-76921.13;620643.78;;variation N/N-1 extrême
0401914352;Le Ressort Industriel;2025-12-31;m07-f;12123.51;110277.66;;variation N/N-1 extrême
0401923161;TREBLA;2025-12-31;m01-f;68425.31;876108.52;2.3;variation N/N-1 extrême
0401947016;Copeland Belgium;2025-09-30;m01-f;175329.7;975614.38;;630 absent
0401983935;USINES LIGOT;2025-12-31;m81-f;-50634;74585;1.3;"630 absent; variation N/N-1 extrême"
0402011550;Etablissements Belge de Time Limit;2025-12-31;m07-f;-2535.36;227249.4;;630 absent
0402026495;BPP INVESTMENT;2025-12-31;m81-f;425347.14;984022.45;0;"EBITDA dans la bande sans personnel déclaré; variation N/N-1 extrême"
0402154872;E. Fischer et Cie;2025-05-31;m87-f;-12136.28;116021.11;;630 absent
0402163582;Les Ateliers M. Moureau;2024-12-31;m07-f;-20757.27;18277.23;2;"630 absent; dépôt plus récent inexploitable (2026-00378948:404)"
0402184269;RECKITT BENCKISER (BELGIUM)SA/NV ou RECKITT BENCKISER HEALTHCARE (BELGIUM) NV/SA;2023-12-31;m02-f;4876577;139944212;65.3;"exercice ancien (2023-12-31); dépôt plus récent inexploitable (2026-00300783:404, 2025-00529321:404)"
0402294434;X - PACK;2025-12-31;m01-f;648085.55;5768082.12;18.7;variation N/N-1 extrême
0402362532;SOCIETE INTERNATIONALE DE MOTEURS ELECTRIQUES;2024-12-31;m01-f;41439.17;727993.03;4.7;variation N/N-1 extrême
0402391137;COMPAGNIE ARDENNAISE DELCOURT;2024-12-31;m01-f;-13973.76;5301827.41;;630 absent
0402505656;Marquette et fils;2025-06-30;m01-f;15461.84;1515724.34;21.1;variation N/N-1 extrême
0402521492;Couperie de Poils du Hainaut Lucien Waignier;2025-12-31;m01-f;580044.25;4629498.78;;EBITDA dans la bande sans personnel déclaré
0402549406;Les Carrières de Marbre Noir de Golzinne;2025-12-31;m01-f;2603.03;240509.63;;630 absent
0402573160;Les Sarcelles;2025-03-31;m87-f;-21594.05;222025.1;;630 absent
0402583751;Accinauto;2025-11-30;m07-f;-1972.29;518274.8;;630 absent
0402656502;SOBELTAX LOCATION;2024-12-31;m01-f;481639.95;12217602.22;;EBITDA dans la bande sans personnel déclaré
0402673526;APOLLON ENTREPRISES;2025-12-31;m07-f;-25103.64;1309669.01;;variation N/N-1 extrême
0402678375;L.T.B.;2025-12-31;m07-f;-22205.03;417688.16;;"630 absent; variation N/N-1 extrême"
0402678672;BK Archi;2025-12-31;m87-f;-525.15;22234.81;;630 absent
0402690550;Label-Pak-Int'l Co;2023-12-31;m01-f;-47246.49;3131593.87;23.9;exercice ancien (2023-12-31)
0402755381;Groep Terryn Construct;2025-12-31;m02-f;2620971.64;5873501.31;1;variation N/N-1 extrême
0402937802;PRINTEMPS INVEST;2025-12-31;m01-f;-1895;27625173;;630 absent
0402942057;GILOPS GROUP;2025-12-31;m02-f;3858400.44;28713046.01;0;EBITDA dans la bande sans personnel déclaré
0403014511;Pianos Hanlet;2024-12-31;m87-f;-14688.62;1790613.52;;variation N/N-1 extrême
0403026585;Essilor Group Belgium;2023-12-31;m02-f;220270;12834200;52.5;exercice ancien (2023-12-31)
0403047074;SOCIETE DE GESTION D'ACTIFS;2025-12-31;m02-f;133523.94;1038852.41;;"630 absent; variation N/N-1 extrême"
0403064593;Floridienne;2025-12-31;m02-f;-263083.22;826606953.13;5.4;dépôt plus récent inexploitable (2026-00230544:404)
0403091220;SOLVAY;2025-12-31;m02-f;7074111.65;4879966599.32;317;dépôt plus récent inexploitable (2026-00124615:404)
0403102997;Adora;2025-12-31;m87-f;24707.65;64720.03;;630 absent
0403118835;Engineering service;2025-12-31;m87-f;-6681.58;62533.24;;variation N/N-1 extrême
0403126258;BELGONUCLEAIRE;2025-09-30;m02-f;-835297.92;106324218.05;;630 absent
0403170701;ELECTRABEL;2025-12-31;m02-f;1532636923.06;20524145593.63;4261;"EBITDA aberrant (> 1 Md); dépôt plus récent inexploitable (2026-00287420:404)"
0403295019;Les Voyages Star et Capri Cars;2025-12-31;m81-f;346347.67;1343255.5;16.7;variation N/N-1 extrême
0403352031;EXIMMCO;2025-12-31;m01-f;17566.72;1039301.19;;variation N/N-1 extrême
0403394195;Joaillerie Leysen frères;2023-12-31;m01-f;-278827.83;1228063.95;4;exercice ancien (2023-12-31)
0403449724;INTERCONTAINER - INTERFRIGO, SOCIETE INTERNATIONALE POUR LE DEVELOPPEMENT DU TRANSPORT COMBINE ET DU TRANSPORT SOUS TEMPERATURE DIRIGEE;2025-12-31;m01-f;-131606.35;1847461.85;0;630 absent
0403459919;INTERPARKING;2025-12-31;m02-f;30974083.03;2478427071.92;325.3;dépôt plus récent inexploitable (2026-00110836:404)
0403480507;Ziegler;2024-12-31;m02-f;2407472.01;120610803.17;324;dépôt plus récent inexploitable (2025-00286971:404)
0403544150;LVD Technics;2025-06-30;m87-f;18608.52;92272.32;;"630 absent; variation N/N-1 extrême"
0403879096;LA LORRAINE BARCHON;2023-12-31;m02-f;1861924.84;45123689.88;339.6;"exercice ancien (2023-12-31); dépôt plus récent inexploitable (2026-00117420:404, 2025-00109871:404)"
0403905327;AMPCO METAL BENELUX;2025-12-31;m07-f;35128.67;372199.91;3.9;630 absent
0403909978;Assenmaker;2025-12-31;m07-f;-27810.56;336285.15;;variation N/N-1 extrême
0403930467;VISE MAGAZINE;2025-12-31;m01-f;928.08;53896.85;;630 absent
0403939672;BRU-CHEVRON;2024-12-31;m02-f;2284273;16421297;25.8;dépôt plus récent inexploitable (2026-00264382:404)
0403987182;Unda;2025-12-31;m01-f;53928.23;517604.97;0;630 absent
0404285211;Biral Lubricants;2025-12-31;m01-f;-9540.59;4146195.2;1.1;630 absent
0404399829;Etablissements A. Brandt et Cie;2025-12-31;m07-f;-1465.7;54153.27;;630 absent
0404404084;VIDEO LOCATION SERVICE;2023-12-31;m81-f;-307874.71;190669.52;4.5;"630 absent; exercice ancien (2023-12-31)"
0404430018;Métamil;2025-06-30;m87-f;16376.29;122066.82;;630 absent
0404683307;Bureau voor Informatie, Organisatie en Service;2024-12-31;m81-f;-27116.03;30621.41;0.8;"630 absent; variation N/N-1 extrême"
0404750712;SOTRADIS;2025-12-31;m07-f;13470.57;1653083.09;;630 absent
0404929171;Sametal;2025-09-30;m01-f;-1350163.05;1059292.19;6;variation N/N-1 extrême
0405417834;REMAGO;2023-12-31;m87-f;;1969565;;"9901 absent; 630 absent; exercice ancien (2023-12-31)"
0405448419;M. Vandeginste en Co;2025-12-31;m01-a;-29310;217623;;variation N/N-1 extrême
0405628759;Etablissements Debay;2025-12-31;m07-f;1068.31;44310.74;;630 absent
0405666668;RECTICEL;2025-12-31;m02-f;14157008.97;746360635.93;226.5;dépôt plus récent inexploitable (2026-00149680:404)
0405688444;Autobus et Autocars Georges;2025-12-31;m82-f;566753.86;4560575.49;5.9;variation N/N-1 extrême
0405747040;PRAYON;2025-12-31;m02-f;21552883.17;861801889.1;1082.8;dépôt plus récent inexploitable (2026-00194488:404)
0405771388;Intertrans;2024-12-31;m02-f;-1755577.04;28894750.39;128.1;dépôt plus récent inexploitable (2025-00291578:404)
0405897290;Montefiore;2025-12-31;m01-f;366419.19;5168769.55;0;EBITDA dans la bande sans personnel déclaré
0405920749;Usines Dupuis;2025-12-31;m02-f;1033219.46;1692297.38;;"630 absent; EBITDA dans la bande sans personnel déclaré; variation N/N-1 extrême"
0405934211;TRANSPORTS DIDIER CLAUSE;2023-12-31;m87-f;-6983;97498;;exercice ancien (2023-12-31)
0406053084;Transbel;2024-12-31;m87-f;-6261.45;262699.93;1;variation N/N-1 extrême
0406132961;Automix;2025-12-31;m01-f;-578220.94;191343.25;2.9;variation N/N-1 extrême
0406482062;BLOCQUAY S.A.;2025-12-31;m01-f;329697.28;589917.72;;EBITDA dans la bande sans personnel déclaré
0406520961;Sylvabel;2025-12-31;m07-f;63836.48;1006868.86;;630 absent
0406589158;Bivan;2025-12-31;m87-f;-23225;114425.56;;630 absent
0406651615;Flowell International;2025-12-31;m01-f;378062.04;4100492.96;14.4;variation N/N-1 extrême
0406659335;Monastère Notre-Dame d'Hurtebise;2025-12-31;m04-f;111988.77;4816409.99;5.8;variation N/N-1 extrême
0406708924;BARBIER MEUBLES;2025-12-31;m01-f;92010;940650.46;2.8;variation N/N-1 extrême
0406756533;Adaptis;2024-12-31;m07-f;23565;73250;;variation N/N-1 extrême
0406820671;Société belge des Combustibles nucléaires Synatom;2025-12-31;m02-f;-270456109.72;8976145820.84;22.1;630 absent
0406918067;Etablissements JAMOULLE;2025-12-31;m81-f;51073.05;737412.82;2;variation N/N-1 extrême
0406946969;HAPPY PAPER;2023-03-31;m01-f;1646511.81;2451702.32;28.8;"exercice ancien (2023-03-31); variation N/N-1 extrême"
0406947365;ETABLISSEMENTS VIELLEVOYE;2025-03-31;m02-f;3202608.57;27959339.1;38.9;variation N/N-1 extrême
0406950632;Transnubel;2025-12-31;m02-f;-6658283.54;24269708.34;247.8;variation N/N-1 extrême
0406954689;Etablissements Deladrière;2023-12-31;m81-f;-95208.39;530837.11;15.8;"exercice ancien (2023-12-31); variation N/N-1 extrême"
0407015364;Transports Cavrenne;2025-12-31;m87-f;86621;530603;;variation N/N-1 extrême
0407122460;Etablissements HARTMAN & FILS;2025-12-31;m81-f;-124196.94;838443.78;5.5;variation N/N-1 extrême
0407206790;Transport Torlet et Fils;2025-06-30;m07-f;80343;405347;3.3;variation N/N-1 extrême
0407214809;TERRE asbl;2025-12-31;m05-f;-1982059.99;8912776.53;244.1;variation N/N-1 extrême
0407562326;J.Y. Dubois;2023-12-31;m81-f;57852.41;387406.11;7.8;exercice ancien (2023-12-31)
0407845903;Entreprise de Travail adapté 123 -  Atelier protégé de Beauraing;2023-12-31;m05-f;780356.37;10814118.37;277.6;"exercice ancien (2023-12-31); dépôt plus récent inexploitable (2026-00168233:404, 2026-00001621:404)"
0407851148;BROCHAGE RENAITRE;2025-12-31;m05-f;615502.47;26729423.35;159.2;variation N/N-1 extrême
0407899054;Maison Andreux et Liègeois;2025-12-31;m81-f;246026.75;330802.02;0;variation N/N-1 extrême
0407899747;Carfin;2025-12-31;m02-f;-1907314.44;1056851606.98;2;variation N/N-1 extrême
0407939141;G. Belin Transports;2025-12-31;m01-f;255918.72;3225910.56;17.5;variation N/N-1 extrême
0408057719;Jumo Automation;2025-12-31;m81-f;592925.26;7513119.88;37.4;variation N/N-1 extrême
0408354558;VERVIERS PNEUS;2025-12-31;m01-f;310819.31;27348846.59;;EBITDA dans la bande sans personnel déclaré
0408436811;ETS. DIJKMAN S.P.R.L.;2025-12-31;m87-f;28472.32;177671.57;2;630 absent
0409657625;Libre-Parcours, association rationaliste;2025-12-31;m04-f;50031.27;1790844.3;74.2;variation N/N-1 extrême
0411091344;Fort - Labiau;2025-12-31;m07-f;-2694;379190;;630 absent
0411516065;Immobilière Socomanex;2024-12-31;m01-f;-8307.57;1648184.48;;630 absent
0411527943;Vidange moderne et industrielle;2025-12-31;m81-f;356500.56;835097.68;2;variation N/N-1 extrême
0411977806;Cygraform;2025-12-31;m87-f;-61423.37;272117.64;2;630 absent
0411988593;COMET BELGIUM;2025-08-31;m01-f;302776.99;4383379.24;19.7;variation N/N-1 extrême
0412081734;PIERRET;2025-12-31;m02-f;12447522;114013242;304;dépôt plus récent inexploitable (2026-00306630:404)
0412101728;Tessenderlo Group;2025-12-31;m02-f;-54408197.73;2508602971.56;707.5;dépôt plus récent inexploitable (2026-00122771:404)
0412398369;J. Marlière-Meubles d'Art;2025-06-30;m81-f;305482.05;747629.98;10.1;variation N/N-1 extrême
0412605930;SPECIBETON;2023-12-31;m01-f;-19332.93;260551.02;0;exercice ancien (2023-12-31)
0412633248;Danly Europ S.A.;2025-12-31;m01-f;2521469.38;5283486.16;2.3;variation N/N-1 extrême
0412717281;ARMAC;2024-12-31;m01-f;18592.28;280451.8;;630 absent
0412789438;GETEC;2025-09-30;m01-f;-26.55;229455.72;;630 absent
0412797356;ESSELER & C°;2025-12-31;m87-f;23735.33;34094.1;;630 absent
0412804977;Etablissements Cajot;2025-12-31;m87-f;2836.78;4220.73;;630 absent
0412811412;Renault Trucks Belux;2022-12-31;m02-f;1265244.94;26455247.85;41.9;"exercice ancien (2022-12-31); dépôt plus récent inexploitable (2026-00243385:404 [m02-f-p/Initial], 2025-00226750:404 [m02-f-p/Initial], 2024-00146586:404 [m02-f-p/Initial])"
0412826555;Solvappret;2025-12-31;m01-f;25058.31;694813.76;;630 absent
0412889309;AROLUX;2024-12-31;m01-f;-312;163880;;630 absent
0412919991;Laminoirs du Ruau;2024-12-31;m01-f;-200163.62;513087.84;1.8;630 absent
0412941371;Entreprise générale de Menuiserie Abraham et fils;2024-12-31;m87-f;-15066.52;366572.39;;630 absent
0412995514;Feluy Services Center;2025-12-30;m07-f;346081.89;3611006.73;;EBITDA dans la bande sans personnel déclaré
0413187138;DP-Terrassement;2024-12-31;m07-f;400177.69;9581.94;;"630 absent; EBITDA > total du bilan; EBITDA dans la bande sans personnel déclaré; variation N/N-1 extrême"
0413198917;ETABLISSEMENTS MADELEINE PIERRE;2025-12-31;m81-f;-6461;92587;;variation N/N-1 extrême
0413605525;Les Editions Européennes;2025-12-31;m07-f;-41814.65;149311.42;;variation N/N-1 extrême
0413684016;Maison Remy;2025-03-31;m07-f;-369.32;13545.8;;630 absent
0413779630;PNEUMAC HOUDENG;2025-12-31;m07-f;-1772.77;15010.25;;630 absent
0413795961;FLEX;2025-12-31;m81-f;396537.36;4722993.95;10.6;variation N/N-1 extrême
0413838424;RADIO TAXIS DE BRUXELLES;2025-12-31;m01-f;15.63;28389.57;;630 absent
0413969472;Atelier de ferronnerie A. VANCAMPENHOUT;2025-12-31;m87-f;69036.36;233639.19;4.4;variation N/N-1 extrême
0413978380;Meubles Morren;2025-12-31;m87-f;-42288.96;296369.02;;variation N/N-1 extrême
0414017873;J.D Transports;2025-12-31;m87-f;1681.41;63340.23;;630 absent
0414128434;SART - IMMO;2025-12-31;m01-f;9869.51;210164.45;;630 absent
0414146151;SH & Co;2025-12-31;m87-f;12360.08;49761.62;;630 absent
0414197720;BARIUM MINERALS;2025-12-31;m07-f;19032.34;483012.27;;630 absent
0414259581;PREFILM;2025-12-31;m87-f;-33597.48;46966.06;0.5;variation N/N-1 extrême
0414282644;Le Bric - Science Service Travail;2025-12-31;m04-f;57035.86;934137.75;15.8;variation N/N-1 extrême
0414393995;Gabert;2025-12-31;m07-f;-8130.95;103927.98;;630 absent
0414489512;Etablissements Leloux - Laurent;2025-12-31;m81-f;269645.78;2400284.91;6.5;variation N/N-1 extrême
0414522174;ETABLISSEMENTS SCALCO;2025-12-31;m07-f;161008.11;729011.46;;variation N/N-1 extrême
0414580077;Etablissements Emile Totté;2025-12-31;m81-f;-711.84;146095.17;;630 absent
0414593638;Entreprises G. Deravet;2025-12-31;m87-f;25611.31;108107.16;;variation N/N-1 extrême
0414593935;AGMura-Build;2025-12-31;m87-f;-5174;1790;;630 absent
0414698853;Braive - Instruments;2025-12-31;m07-f;-1269.91;6491.28;;630 absent
0414712117;Adant et Fils;2024-12-31;m87-f;-12384.8;50617.01;;630 absent
0414736663;Peter MÜLLER;2025-12-31;m81-f;416242.73;6398699.01;19.7;variation N/N-1 extrême
0414842967;TAXIS MELKIOR;2025-12-31;m02-f;303602.03;1911458.9;89.3;variation N/N-1 extrême
0414901860;GOLDPRINT;2025-12-31;m02-f;-260557;3537130;54.3;variation N/N-1 extrême
0414922052;LENDERS - BOOST;2025-09-30;m87-f;-7423.96;88521.23;;630 absent
0415131492;CHICOBEL;2025-12-31;m01-f;-57439.69;1732582.1;3;630 absent
0415345387;DELMAR METAL;2025-10-31;m81-f;1435918.3;1723183.91;0.7;exercice de 23 mois
0415496530;EMI SONGS BELGIUM;2026-03-31;m01-f;30940.08;1208057.83;;630 absent
0415520185;Maison de la poésie d'Amay/Identités Wallonie/Bruxelles;2025-12-31;m04-f;52163.31;350393.56;10.8;variation N/N-1 extrême
0415561856;LES SABLIERES DE WAUTHIER - BRAINE;2025-12-31;m01-f;7346.71;50211.18;;630 absent
0415583632;IPM Petite Ile;2025-06-30;m02-f;-2548411.75;3302618.15;19.6;"exercice de 18 mois; variation N/N-1 extrême"
0415597290;CERTEX;2025-09-30;m01-f;-6665.05;3629368.4;0;630 absent
0415621937;ETABLISSEMENT NICOLAS QUETIN;2025-12-31;m87-f;339.67;47692.14;;630 absent
0415657965;ATELIERS ROGER PONCIN ET CIE;2025-12-31;m07-f;-575.7;703711.48;;630 absent
0415718442;ETS. CAVEYE - VINDEVOGEL;2025-12-31;m87-f;13974.66;462539.85;;630 absent
0415780008;IMPRIMERIE J. DIEU - BRICHART;2025-12-31;m87-f;37866.71;141434.95;;variation N/N-1 extrême
0415796141;Vitrerie FOX;2025-12-31;m01-f;185707.26;381604.13;2.8;630 absent
0415909373;WISYX;2025-12-31;m87-f;;;;"9901 absent; 630 absent"
0416063781;POLYPRINT;2025-12-31;m87-f;2459.11;136477.42;;630 absent
0416143658;LEXITECH;2023-12-31;m01-f;-28463.13;659530.12;5.4;exercice ancien (2023-12-31)
0416150487;K.P. INTERNATIONAL;2024-12-31;m01-f;-1351.77;1179735.81;;630 absent
0416201165;RUBBERPLAST;2025-12-31;m81-f;-4398.26;1818.57;;630 absent
0416219476;S.P.R.L. Chatelle;2024-12-31;m07-f;8542;23550.09;;variation N/N-1 extrême
0416283814;PHILENOR;2025-12-31;m01-f;138007.77;599349.54;;630 absent
0416427334;Maison BERNA;2025-12-31;m87-f;24101.5;60677.18;;variation N/N-1 extrême
0416461184;Barthel PAULS;2025-12-31;m02-f;4065116;55497302;21.6;variation N/N-1 extrême
0416507805;Ayrel;2025-12-31;m07-f;-1861.1;56696.42;;630 absent
0416596786;Ets. DEVILLE J., S.A.;2025-12-31;m01-f;566446.94;2304386.11;0;EBITDA dans la bande sans personnel déclaré
0416609852;ROYAL PROPERTIES;2025-12-31;m81-f;-4464.9;4592.84;;630 absent
0416610644;La Chaise Delmee;2025-12-31;m07-f;221541.98;388495.39;;630 absent
0416644593;Immobilière Rivet;2025-12-31;m07-f;-42082.38;870836.06;;630 absent
0416847008;KADRAL;2025-12-31;m01-f;-1006.43;69400.21;;630 absent
0416892637;EIFEL - GALERIE;2025-12-31;m81-f;45507.39;2058105.68;;630 absent
0416945392;ANTRAFA;2025-12-31;m07-f;49488.2;445951.7;;variation N/N-1 extrême
0416948263;BUSKES;2025-12-31;m87-f;-83292.6;293817.14;;"630 absent; variation N/N-1 extrême"
0417175917;PLUO;2025-06-30;m02-f;964461.3;6472667.35;37.3;variation N/N-1 extrême
0417283112;OPTICABLE;2023-12-31;m02-f;-6300378.14;30223586.41;137.2;exercice ancien (2023-12-31)
0417327058;Société minière de Gosselies et Thiméon;2025-12-31;m02-f;2748275.63;18060237.43;;"630 absent; EBITDA dans la bande sans personnel déclaré; variation N/N-1 extrême"
0417371303;DITEK;2025-12-31;m87-f;-465.43;215.37;;630 absent
0417628748;RENE LEONARD;2025-12-31;m81-f;107061.7;922696.75;9;variation N/N-1 extrême
0417669033;CREATION 2000;2024-12-31;m87-f;-34519;200634;;variation N/N-1 extrême
0417718127;Moulin G. SCHYNS;2025-06-30;m02-f;-2865903.06;10022612.13;16.5;variation N/N-1 extrême
0417798202;VLUX;2025-12-31;m02-f;26042.67;1939202.64;18.8;variation N/N-1 extrême
0417890153;DARDENNE;2025-12-31;m01-f;-230287.19;3709413.98;19.3;variation N/N-1 extrême
0417892331;Imprimerie LEMAIRE;2025-12-31;m87-f;26321.16;40674.52;;630 absent
0418085143;IMPRIMERIE MUSCH;2024-12-31;m81-f;-433238.85;851810.84;13.2;variation N/N-1 extrême
0418162347;LUTOSA;2025-06-30;m02-f;109741060.31;485669620.81;1009.7;dépôt plus récent inexploitable (2026-00304849:sans rubriques)
0418287556;BRAZILIA BELLES ROCHES;2025-12-31;m87-f;-7531.01;13715.48;;630 absent
0418306164;Castingpar;2023-12-31;m02-f;149555;21339887;177.5;"exercice ancien (2023-12-31); dépôt plus récent inexploitable (2026-00184337:404, 2025-00148390:404)"
0418328138;Freddy Hupperts;2025-12-31;m81-f;385280.87;1168714.24;;EBITDA dans la bande sans personnel déclaré
0418363572;POUJOULAT BELUX;2025-03-31;m02-f;442931.18;8565915.68;23.9;variation N/N-1 extrême
0418408213;BELGIAN LAW ENFORCEMENT AGENCY;2025-12-31;m87-a;-1011.49;6751.56;;630 absent
0418463641;La Goutrielle;2025-12-31;m04-f;223505;1147426;28.4;variation N/N-1 extrême
0418554802;Ets TROISFONTAINES Christian et fils;2025-12-31;m87-f;-13468.69;253011.08;;variation N/N-1 extrême
0418560146;D.V.L.I.;2025-06-30;m87-f;308568.39;1788333.57;;EBITDA dans la bande sans personnel déclaré
0418567668;ETABLISSEMENTS KIPAR - ETABLISSEMENTEN KIPAR;2026-08-04;m01-f;-426.23;26757.86;;"630 absent; exercice de 4 mois"
0418618049;HMY BENELUX;2025-12-31;m07-f;174743.32;405050.08;1;630 absent
0418634479;Z Customs;2024-12-31;m01-f;-11487.36;17228.11;;630 absent
0418637944;Bruynzeel Storage Systems;2025-12-31;m02-f;360285.89;2805194.91;6.4;630 absent
0418684563;TIRAM;2025-11-30;m07-f;-3756.5;1351430.48;;630 absent
0418977147;Distillerie J. De Bruyn;2025-12-31;m01-f;-2388;227180;;630 absent
0418977741;TECHNI-K;2025-12-31;m87-f;4005.35;27904;;variation N/N-1 extrême
0419201534;VMA be.Maintenance;2024-12-31;m02-f;2118108.15;16295668.08;134.9;dépôt plus récent inexploitable (2026-00135796:404)
0419228555;CLAP COPY;2025-12-31;m07-f;14418.55;22872.15;;630 absent
0419376035;EFGECO;2025-12-31;m01-f;36860.08;699021.57;16.7;630 absent
0419422555;Major Europe;2025-12-31;m01-f;-399631.65;1800891.97;12.9;variation N/N-1 extrême
0419445816;COMPAGNIE DES CIMENTS BELGES;2025-12-31;m02-f;101620527.05;549351291.81;351.7;dépôt plus récent inexploitable (2026-00144838:404)
0419483428;AstenJohnson;2025-12-31;m82-f;-2463747.2;18001032.23;165.8;variation N/N-1 extrême
0419487881;DYWIDAG SYSTEMS INTERNATIONAL;2025-12-31;m01-f;-21592.56;1054594.89;;630 absent
0419493326;Pirson - Montage;2025-12-31;m02-f;151976.17;5949435.88;11.8;variation N/N-1 extrême
0419757897;CHERBAI;2025-12-31;m87-f;-36145.01;212587.18;2;variation N/N-1 extrême
0419822235;STAR FREIGHT;2024-12-31;m01-f;73825.86;742975.78;;630 absent
0419845989;NETRANS;2024-12-31;m87-f;-3300;55912;;630 absent
0419857570;Warbel;2024-12-31;m81-f;210069.95;2896060.48;;variation N/N-1 extrême
0419928242;Ateliers BUZE Bobinage Moteurs;2025-03-31;m07-f;57968.86;838466.56;4.7;630 absent
0420155894;F.F.F. Informatique;2025-06-30;m87-f;40382.45;660998.97;1;variation N/N-1 extrême
0420197664;MATAGNE - HODY;2023-06-30;m81-f;290993.1;8993329.75;10.8;"exercice ancien (2023-06-30); dépôt plus récent inexploitable (2025-00325532:404)"
0420296248;IMMO DBK 66;2023-12-31;m01-f;3745445.6;69486532.58;;"exercice ancien (2023-12-31); EBITDA dans la bande sans personnel déclaré; variation N/N-1 extrême"
0420366128;ROGISTER EXPEDITION;2025-12-31;m01-f;8443.11;9782695.19;;630 absent
0420447488;PROBST AG;2025-12-31;m07-f;147270.84;3467950.4;;630 absent
0420497572;GENO consult;2025-12-31;m87-f;-1583.46;252689.21;;630 absent
0420536075;MILCAMPS;2025-12-31;m02-f;-3808106.3;18089749.72;81;exercice de 6 mois
0420541124;Tarmacs et Agrégats;2025-12-31;m02-f;-828944.53;8529275.04;26.3;variation N/N-1 extrême
0420627632;PATRIMONIALE LOULIVIA;2025-12-31;m87-f;267807;460932;;variation N/N-1 extrême
0420641389;Lambert Mobility;2025-12-31;m01-f;-82098;664;;"630 absent; variation N/N-1 extrême"
0421005041;BERTEMES;2025-12-31;m02-f;8698420.45;53501110.91;;EBITDA dans la bande sans personnel déclaré
0421078582;SÄGEWERK UND HOLZHANDEL GmbH Paul Pankert – Axel Thönnes Nachf.;2025-12-31;m81-f;-4645.26;158504.53;;630 absent
0421109266;STANDFORM;2025-06-30;m01-f;57116.35;663934.49;3.8;variation N/N-1 extrême
0421151135;Williams';2025-12-31;m81-f;698799.1;3216769.72;;EBITDA dans la bande sans personnel déclaré
0421159746;IMPRIMERIE DE LA HILL;2024-12-31;m01-f;-4810034.97;6732488.76;40.5;variation N/N-1 extrême
0421211810;TELEREP;2025-12-31;m07-f;-2643;17492;;630 absent
0421297922;TLD LEBRUN;2025-12-31;m02-f;-3072867.2;31503093.52;188.8;variation N/N-1 extrême
0421314253;DE MERBES - SPRIMONT - MARPIC;2025-12-31;m01-f;411180.12;4570605.17;6;variation N/N-1 extrême
0421319993;NATIONAL INDUSTRIES II ATELIERS CORNIL;2025-12-31;m87-f;-2581;10965;;630 absent
0421364634;AU PETIT PATISSIER SRL;2024-12-31;m87-f;78476.64;349052.51;5.8;variation N/N-1 extrême
0421387103;MARBRERIE MATHYS;2025-12-31;m07-f;-3565.42;228371.69;;630 absent
0421413530;EUROFEN;2025-12-31;m87-f;15724.75;1007053.74;;variation N/N-1 extrême
0421465196;TOCATRA;2025-12-31;m01-f;388230.47;2408791.64;;EBITDA dans la bande sans personnel déclaré
0421468166;SOGEX-EREM;2025-12-31;m01-f;442724.68;2988497.38;0;EBITDA dans la bande sans personnel déclaré
0421564968;A.V.S.;2025-12-31;m87-f;-2338.55;107916.11;;630 absent
0421668502;LIZON ET FILS;2025-12-31;m01-f;-7468.12;113322.91;;630 absent
0421736303;LA LORRAINE FERNELMONT;2024-12-31;m02-f;199151.82;1511652.54;10.3;dépôt plus récent inexploitable (2026-00123030:404 [m02-f-p/Initial])
0421754515;ATELIERS FALISE;2025-12-31;m87-f;-12422.73;120151.73;;variation N/N-1 extrême
0422102626;PAMA;2025-12-31;m87-f;-8469;115952;0.1;630 absent
0422141525;Socomef;2025-12-31;m01-f;170451.38;919777.15;0.2;630 absent
0422177157;C. G.;2025-09-30;m07-f;1586399.49;1829420.52;;"EBITDA dans la bande sans personnel déclaré; variation N/N-1 extrême"
0422220808;RISOU;2025-12-31;m87-f;10506.32;72877.89;1.4;variation N/N-1 extrême
0422291082;LA MAFRANGE;2025-12-31;m87-f;7662.19;153385.77;;variation N/N-1 extrême
0422362447;JOHN COCKERILL;2025-12-31;m02-f;30014197.09;851913730.64;565.5;dépôt plus récent inexploitable (2026-00265280:404 [m121-f-p/Initial])
0422414709;S'JONGERS;2024-12-31;m87-f;-13574.21;24175.12;;630 absent
0422426387;ATELIERS JOIRET;2025-04-30;m01-f;-151407.27;126084.09;13;exercice de 4 mois
0422507452;K-CONNEXION;2024-12-31;m01-f;-64542.37;284382.23;0.7;"exercice de 15 mois; variation N/N-1 extrême"
0422510026;Transicom;2024-12-31;m01-f;-4325.58;201320.46;;630 absent
0422531703;CARRIERE DE RANHISSART;2025-12-31;m87-f;-25575.54;73844.96;;variation N/N-1 extrême
0422585151;RELIART;2025-12-31;m01-f;742;18903;;630 absent
0422594455;Labodent;2025-12-31;m87-f;38214.25;181193.66;;variation N/N-1 extrême
0422597128;TAJA PLASTICS;2023-12-31;m07-f;-323330.97;964695.62;;exercice ancien (2023-12-31)
0422631968;PARKING OPERA;2023-12-31;m07-f;81902.99;2999506.98;6.1;exercice ancien (2023-12-31)
0422764008;Veolia Environmental Services Wallonie;2025-12-31;m02-f;3954604.3;54153056.78;508.4;variation N/N-1 extrême
0422905251;Tool and Record Industry;2025-12-31;m87-f;35830.93;516516.98;2;variation N/N-1 extrême
0423089254;TABETAX;2025-12-31;m87-f;-505;2;;630 absent
0423139536;SCAILLET Michel, Tailleur de pierres;2023-12-31;m81-f;7801;103226;;exercice ancien (2023-12-31)
0423222678;MAGEMAR INTERNATIONAL;2025-12-31;m02-f;-125342.02;3807037.68;2;variation N/N-1 extrême
0423229212;ADV;2025-12-31;m87-f;-1088.58;539936.36;;630 absent
0423280185;RUPELMEAT;2025-12-31;m01-f;-102137.02;1931662.63;4;630 absent
0423310572;VESUVIUS EUROPE;2025-12-31;m02-f;1013422.52;9884706.17;1;630 absent
0423404802;ADRAGANTE;2024-12-31;m07-a;23099;98772;;630 absent
0423472603;KS Techniques;2026-03-31;m01-f;-3513.7;591564.31;;630 absent
0423497347;MAISON LEROY - GODENNE ET FILS;2025-12-31;m87-f;-3219.17;106204.19;;"630 absent; variation N/N-1 extrême"
0423533078;FRANCIS SODINI;2025-12-31;m07-a;14134.39;119618.44;;630 absent
0423588904;AUTRE TERRE;2025-12-31;m04-f;-41916.5;1628182.82;11;variation N/N-1 extrême
0423636909;ATELIERS J. SERVAIS ET FILS;2025-12-31;m87-f;240617.87;245336.86;0.4;variation N/N-1 extrême
0423683330;CONSTANTIA LOUVAIN;2021-12-31;m82-f;1727979;5469485;34.5;"exercice ancien (2021-12-31); dépôt plus récent inexploitable (2026-00135751:404 [m82-f-p/Initial], 2025-00543194:404 [m82-f-p/Correction], 2025-00138086:404 [m82-f-p/Initial], 2024-00159834:404 [m82-f-p/Initial], 2023-00143553:404 [m82-f-p/Initial])"
0423693624;THERMIBEL;2025-12-31;m01-f;1202085;4245941;29.2;variation N/N-1 extrême
0423790327;CUYPERS;2025-12-31;m07-f;-1546.84;98239.59;;630 absent
0423837045;C.T.S.I.;2025-12-31;m02-f;2440797.96;27419403.39;;EBITDA dans la bande sans personnel déclaré
0423864363;INTERSCIENCES;2025-12-31;m87-f;441.33;23913.59;;630 absent
0423954534;OXALPRINT;2025-12-31;m01-f;86722.12;1387540.16;;630 absent
0423968885;STRASAL;2025-09-30;m81-f;35481;66214;21.8;630 absent
0424022929;MECAMOLD;2023-12-31;m02-f;-1183987.75;6111181.53;90.6;exercice ancien (2023-12-31)
0424039260;Eder;2025-12-31;m01-f;-4946.35;509309.55;0;630 absent
0424090532;Michel BOONEN;2025-12-31;m01-f;-6292;21070;;630 absent
0424130718;TECHNIC ONE;2025-09-30;m01-f;-3474268.26;3362155.72;29.6;"exercice de 21 mois; variation N/N-1 extrême"
0424217028;VTK;2023-12-31;m81-f;-72702.08;802369.39;0.8;exercice ancien (2023-12-31)
0424230884;Euro Design;2025-12-31;m01-f;1920.68;335351.59;;630 absent
0424306704;WOOD STYLE;2025-12-31;m87-f;112603.39;107493.48;;"EBITDA > total du bilan; variation N/N-1 extrême"
0424338277;MURS;2025-12-31;m07-f;4508.78;36303.13;;630 absent
0424436465;BRANCALEONI DIFFUSION;2025-12-31;m81-f;15078.84;647677.95;;630 absent
0424564941;BETTER BODIES;2024-12-31;m87-f;-32854;148760;0.4;variation N/N-1 extrême
0424614035;MICROTECHNICS;2023-12-31;m07-f;-2271;49371;;"630 absent; exercice ancien (2023-12-31); variation N/N-1 extrême"
0424656991;LEVI STRAUSS & co EUROPE;2025-11-30;m82-f;172857806.09;1468357541.25;219.3;dépôt plus récent inexploitable (2026-00181451:404 [m121-f-p/Initial])
0424661842;TIME LOGISTICS;2024-12-31;m87-f;-8286.01;182875.06;;630 absent
0424674710;KEY GRIP SYSTEMS DEVELOPMENT;2026-03-31;m01-f;345018.53;1286948.23;;"EBITDA dans la bande sans personnel déclaré; variation N/N-1 extrême"
0424684905;PROMODENT;2023-12-31;m07-f;-7100.82;11646.63;;"630 absent; exercice ancien (2023-12-31)"
0424848023;V&M SOLUTIONS;2023-12-31;m87-f;5917.22;98269.78;;exercice ancien (2023-12-31)
0424860295;METROPOLIS;2025-12-31;m01-f;29617.53;1037105.5;1;630 absent
0424903847;EXPLOITATION DE VERGERS HESBIGNONS;2025-09-30;m81-f;-1359402.56;7890142.18;11.5;exercice de 18 mois
0425047565;GILLES MATÉRIAUX;2025-12-31;m82-f;418259.62;9831177.93;21.1;variation N/N-1 extrême
0425071420;COCA-COLA EUROPACIFIC PARTNERS BELGIUM;2025-12-31;m82-f;248471852.77;3618269815.99;1966.3;dépôt plus récent inexploitable (2026-00303336:404 [m121-f-p/Initial])
0425117742;Carrosserie GENTILE;2024-12-31;m81-f;-114916.83;21572.5;;630 absent
0425163668;SUN EQUIPMENTS;2025-12-31;m01-f;-27199.37;51099.51;;630 absent
0425177823;SOCIETE INDUSTRIELLE LIEGEOISE DES OXYDES;2025-12-31;m02-f;-822287;96682986;6.4;dépôt plus récent inexploitable (2026-00147936:404 [m120-f-p/Initial])
0425190194;KANGOUROU;2025-12-31;m87-f;-7726.45;46849.47;;630 absent
0425195144;AMATO;2025-12-31;m07-f;1202.46;3484.79;;630 absent
0425212267;RADIO RESEARCH;2025-12-31;m87-f;11454.6;46311.18;;630 absent
0425216326;STRAET et CORMAN;2025-12-31;m07-f;-2179.35;142348.36;;630 absent
0425282939;OTHMAN;2023-12-31;m07-f;;47431.91;;"9901 absent; 630 absent; exercice ancien (2023-12-31)"
0425334112;POOL EVOLUTION;2025-12-31;m87-f;-12037.48;12545.96;;630 absent
0425353116;PHOENIX Pharma Belgium;2023-03-31;m02-f;1118084;220884750;560.1;"exercice ancien (2023-03-31); dépôt plus récent inexploitable (2026-00217431:404 [m02-f-p/Initial], 2025-00272078:404 [m02-f-p/Initial], 2024-00228427:404 [m02-f-p/Initial])"
0425370833;Entreprises GOFFREDO;2025-12-31;m81-f;431930.08;5110069.36;;EBITDA dans la bande sans personnel déclaré
0425379939;NLMK JEMAPPES STEEL CENTER;2025-12-31;m02-f;47435.7;1587657.42;;variation N/N-1 extrême
0425471197;Schotte-Construct;2023-12-31;m81-f;;44094;;"9901 absent; 630 absent; exercice ancien (2023-12-31)"
0425485649;Collecte et Destruction de Déchets Industriels;2025-12-31;m01-f;-782;192626;;630 absent
0425547512;ELOY TRAVAUX;2024-12-31;m02-f;5497548.96;51514000.61;237.8;dépôt plus récent inexploitable (2026-00268478:404 [m02-f-p/Initial])
0425639166;M.L. WARNY;2025-12-31;m87-f;8275;24292;1;630 absent
0425751707;DYNALI;2025-12-31;m81-f;456736.15;5907730.96;19.8;variation N/N-1 extrême
0425795851;DIAMOND PRODUCTIONS;2025-12-31;m87-f;3931.18;39214.85;;630 absent
0425819310;D-COPY;2025-12-31;m07-f;-18310.84;183823.49;2;variation N/N-1 extrême
0425876124;D.I.A.L. SERVICES;2025-12-31;m07-f;873418.8;2859989.94;;EBITDA dans la bande sans personnel déclaré
0425972431;LES METAUX DE MARIANNE;2025-12-31;m07-f;-3196.47;5389.24;;630 absent
0426085267;HEMAG;2025-09-30;m01-f;-254966.36;6640825.86;2;variation N/N-1 extrême
0426154454;Hermans;2025-12-31;m07-f;-301;152177;;630 absent
0426209585;NEW IMPRIMEX;2025-12-31;m07-f;-9553.67;30495.14;;"630 absent; variation N/N-1 extrême"
0426255810;ENTREPRISES GENERALES DE DECORATION;2025-12-31;m87-f;1969.21;11338.48;;630 absent
0426269765;Emile SANGLIER;2025-12-31;m01-f;713703.58;3512895.93;5.8;variation N/N-1 extrême
0426289561;WOPOTEC Intelligent POS Solutions & Services;2025-12-31;m07-f;50262.27;335227.12;;variation N/N-1 extrême
0426405268;HOLVOET-LECOMTE;2025-06-30;m07-f;-1280;74610;;630 absent
0426424866;COBRA;2025-06-30;m07-f;14735;328553.05;;630 absent
0426456639;Gooris Transport International;2025-12-31;m87-f;-5524.22;64955.72;1;630 absent
0426464161;Ad Hoc assistance;2023-12-31;m87-f;-20768.35;21416.04;;"630 absent; exercice ancien (2023-12-31); variation N/N-1 extrême"
0426492865;BELGIAN ADVANCED TECHNOLOGY SYSTEMS;2025-12-31;m02-f;1056919.8;21140666.84;8.4;variation N/N-1 extrême
0426506822;RASKIN - ARLON;2024-12-31;m87-f;0;3356.07;;630 absent
0426537704;M.P.R. IMPRESSIONS;2025-12-31;m07-f;-3254;17628;;630 absent
0426716262;A.M.'s;2025-12-31;m01-f;-119501.66;1016335.24;5.3;variation N/N-1 extrême
0426737246;Société Internationale de Travaux Publics;2025-12-31;m01-f;116827.39;5080501.05;;630 absent
0426749619;AB.5;2025-06-30;m87-f;-36.87;58407.57;;630 absent
0426912044;WORLD PACK BRUSSELS;2024-12-31;m01-f;-716732.08;918930.86;5.7;variation N/N-1 extrême
0426947973;CAFES RIGO;2025-12-31;m07-f;53877.95;373403.54;0.5;variation N/N-1 extrême
0427029434;ESSI;2023-12-31;m01-f;60408.56;999471.11;24.1;exercice ancien (2023-12-31)
0427194235;I.A.S.;2025-12-31;m07-f;4447;66794;;630 absent
0427258868;Victor DENIS;2024-12-31;m07-f;-5561.01;451575.53;;630 absent
0427276882;ISS Reception & Support Services;2025-12-31;m02-f;60549.62;2542440.01;83.4;630 absent
0427544326;Séchage de Bois des Hautes-Ardennes;2025-12-31;m01-f;32244.84;281757.7;1;630 absent
0427555511;Etablissement AMAND Freddy;2025-12-31;m07-f;-18696.03;90758.43;;630 absent
0427556697;CARROSSERIE José PHILIPPE;2025-06-30;m87-f;-24437;60558;;"630 absent; variation N/N-1 extrême"
0427615194;JANLI;2023-12-31;m07-f;103448.34;1773302.76;;exercice ancien (2023-12-31)
0427618560;TRI - TERRE;2025-12-31;m81-f;-504111;3315195.56;15;variation N/N-1 extrême
0427650729;METALEM;2025-12-31;m87-f;40103;149165;1.9;variation N/N-1 extrême
0427653501;GASON;2023-12-31;m01-f;-157280.76;807563.14;19.6;exercice ancien (2023-12-31)
0427754954;AMALIA;2025-12-31;m87-f;3178.67;23767.58;;variation N/N-1 extrême
0427762278;NOUVELLE SOCIETE MINERAL PRODUCTS INTERNATIONAL;2025-12-31;m02-f;-432416.49;5889867.62;64.4;variation N/N-1 extrême
0427769010;UPIGNAC;2025-09-30;m02-f;1079047.28;10496274.15;24.1;exercice de 18 mois
0427801969;PAN-TERRE;2025-12-31;m81-f;87361.76;964488.69;8.9;variation N/N-1 extrême
0427845521;HOFFMANN TRADE;2025-12-31;m02-f;375258.85;21942915.61;21.9;variation N/N-1 extrême
0427865119;TONY GILLET CENTER;2025-12-31;m07-f;-412.42;186790.2;;630 absent
0427914906;COBALIN;2025-12-31;m87-f;141468.52;927058.56;1.2;variation N/N-1 extrême
0427915104;ALLMAT;2023-12-31;m02-f;1480529.93;26995026.86;97.2;exercice ancien (2023-12-31)
0427934702;MOVING D;2025-12-31;m87-f;37469.28;50206.4;1.2;variation N/N-1 extrême
0427937769;L'ASTRAGALE;2025-12-31;m87-f;321086.98;1100101.14;;EBITDA dans la bande sans personnel déclaré
0427985675;GROUP VDRT;2025-12-31;m02-f;2631393.14;16062152.7;;EBITDA dans la bande sans personnel déclaré
0427991912;AVIAN BISCUITERIE;2025-12-31;m87-f;83030.89;812173.34;3;variation N/N-1 extrême
0428007253;RSK GROUP;2023-09-30;m07-f;-11584.48;98104.11;;exercice ancien (2023-09-30)
0428038135;Ferring;2023-12-31;m02-f;941775.11;8945602.06;15.3;"exercice ancien (2023-12-31); dépôt plus récent inexploitable (2025-00276180:404 [m02-f-p/Initial])"
0428088516;MEAPRINT;2025-12-31;m87-f;34485.15;320910.3;;variation N/N-1 extrême
0428142360;H.M.Z., Maintenance, Mécanique, Automation;2026-03-31;m87-f;1626;669688;;630 absent
0428165027;CAFES KNOPES;2025-12-31;m07-f;2958.5;209830.27;;"630 absent; variation N/N-1 extrême"
0428167304;E. R. AUTO;2025-12-31;m87-f;-5144.33;48735.05;;630 absent
0428246189;MOBICOM;2025-12-31;m87-f;-476.9;622983.85;;630 absent
0428249159;COMMUNICATIONS D'ENTREPRISES;2024-09-30;m01-f;-19898.31;42174.63;;variation N/N-1 extrême
0428307161;SOCIETE WALLONNE DE LOCATION DE MATERIEL ET D'EXPLOITATION DE CARRIERES;2025-12-31;m01-f;2655577.29;6407239.25;13;exercice de 15 mois
0428333885;IMPRIMERIE DEFFRENNE;2024-12-31;m87-f;-1844.52;8880.62;;630 absent
0428350515;PUBLI-WASH;2024-12-31;m87-f;19873.52;274139.04;;variation N/N-1 extrême
0428393867;Gebrüder Gillessen PGmbH;2023-12-31;m87-f;-38052.59;50720.77;;exercice ancien (2023-12-31)
0428410693;B.W. FIX;2025-12-31;m87-f;1910.58;397977.43;1.7;630 absent
0428420294;Private Life Records;2025-12-31;m87-f;3000;147342;;630 absent
0428476219;BEUKENBOS;2025-12-31;m07-f;-5833.06;902562.54;;630 absent
0428550354;BOULANGERIE - PATISSERIE DU CENTRE;2024-12-31;m81-f;38004.88;98791.36;5;variation N/N-1 extrême
0428624390;MEDISCOPE;2025-09-30;m07-f;303712.4;1330671.99;;"exercice de 21 mois; EBITDA dans la bande sans personnel déclaré"
0428649730;Société Coopérative Agricole de Ligneuville;2025-12-31;m01-f;60534.98;3531995.5;4;variation N/N-1 extrême
0428656064;GREUSE ET FILS;2025-12-31;m87-f;-5971.71;1213154.48;;630 absent
0428700705;FRANZ;2023-12-31;m02-f;72870.23;838253.54;5.7;"exercice ancien (2023-12-31); dépôt plus récent inexploitable (2026-00116894:404 [m02-f-p/Initial], 2025-00107829:404 [m02-f-p/Initial])"
0428750985;Ion Beam Applications;2025-12-31;m02-f;101310342.71;709854075.46;1010.3;dépôt plus récent inexploitable (2026-00347374:404 [m120-f-p/Initial])
0428776622;ETABLISSEMENTS DELVAUX;2025-12-31;m81-f;4453.24;132680.11;;variation N/N-1 extrême
0428777612;IRA.CO;2025-12-31;m87-f;6898.82;57567.98;;variation N/N-1 extrême
0428897475;DEKEERLE;2025-12-31;m87-f;1518.31;26416.18;;630 absent
0428912818;Publimail;2025-12-31;m07-f;-465.43;187230.99;;630 absent
0428914204;CAVADA;2025-12-31;m87-f;-3685.57;449271.57;;630 absent
0428933010;FBFC INTERNATIONAL;2025-12-31;m02-f;-71637.03;4829611.68;;630 absent
0428940928;LA LORRAINE MORLANWELZ;2024-12-31;m02-f;3822900.1;13605438.32;84.3;dépôt plus récent inexploitable (2026-00118680:404 [m02-f-p/Initial])
0428944292;THERABEL IMMO;2025-12-31;m02-f;-250656.81;18390030.07;3;variation N/N-1 extrême
0429149576;ARTELIT;2023-12-31;m01-f;45779.47;230889.09;;exercice ancien (2023-12-31)
0429229057;ETABLISSEMENTS LECLUSE;2025-12-31;m01-f;38349;739045;1;"630 absent; variation N/N-1 extrême"
0429240539;TECHNICAL SECURITY;2025-12-31;m87-f;-12634.81;232377.93;;630 absent
0429241133;FIRE SAFETY AUDIT AND CONSULTING;2025-12-31;m01-f;344.17;16261.16;;"630 absent; variation N/N-1 extrême"
0429244301;Dindong studio;2025-12-31;m87-f;-9704.48;291498.87;;630 absent
0429397521;JUNITRANS;2025-09-30;m81-f;706985.54;2161554.79;40.2;exercice de 21 mois
0429425334;IMMOBILIERE JEROME;2025-12-31;m07-f;13337.15;175082.6;;630 absent
0429565884;DUSAKAT;2024-12-31;m07-f;1208;33206;;630 absent
0429617750;EFPLUS;2025-12-31;m87-f;9231.35;62579.35;;variation N/N-1 extrême
0429618344;Amaxia;2023-12-31;m87-f;-54221.52;102001.85;;"630 absent; exercice ancien (2023-12-31); variation N/N-1 extrême"
0429626658;ELICO ET IDEAL HOUSSE EUROPE;2024-12-31;m87-f;-1120;29833.22;;630 absent
0429635269;Société d'études, conceptions, aides et assistances pour divers process industriels;2025-09-30;m81-f;226991.11;400365.18;;630 absent
0429666052;HAVART;2025-12-31;m01-f;967685.61;14962819.2;;EBITDA dans la bande sans personnel déclaré
0429672584;Menuiserie-Ebénisterie DATHYSTYLE;2025-12-31;m87-f;-213.7;97094.72;;630 absent
0429675158;PLAISANCE DIFFUSION;2025-12-31;m81-f;24175;394127;;variation N/N-1 extrême
0429678326;MECIMMO;2025-12-31;m81-f;1255386.47;4771060.08;;"EBITDA dans la bande sans personnel déclaré; variation N/N-1 extrême"
0429798090;STOCK PLUS COMPANY;2025-12-31;m87-f;33805;237311;;"630 absent; variation N/N-1 extrême"
0429836890;BIPP-BIPP;2025-12-31;m01-f;-45883.68;2003071.62;10;variation N/N-1 extrême
0430009116;MESSAGERIES NADIN;2025-12-31;m01-f;631284.41;4974552.8;;EBITDA dans la bande sans personnel déclaré
0430123635;HOVETA;2025-12-31;m07-f;-36350.31;209671.87;;630 absent
0430133632;Jacques NICOLAY;2025-12-31;m81-f;361173.31;1790599.74;;EBITDA dans la bande sans personnel déclaré
0430451257;SIDICO;2025-06-30;m01-f;375405.21;1963120.56;59.9;"exercice de 21 mois; variation N/N-1 extrême"
0430603487;JDT;2025-12-31;m87-f;-202;60778.7;;630 absent
0430744435;ANALIS;2025-12-31;m02-f;3432902.45;30982491.15;128;dépôt plus récent inexploitable (2026-00193607:404 [m120-f-p/Initial])
0430784324;Keops, Graphs and Photographs;2025-12-31;m87-f;-1157.6;11703.03;;630 absent
0430879542;F.I.M. DECO;2025-12-31;m07-f;14718.15;93815.37;0.5;variation N/N-1 extrême
0431048796;ETABLISSEMENTS MICHEL DAWAGNE ET FILS;2025-12-31;m07-f;-2018.84;62304.92;;630 absent
0431095120;KNIPPING - IMMO;2025-09-30;m07-f;773710.7;11454982.42;;EBITDA dans la bande sans personnel déclaré
0431170839;LA COOP D'ASSONVILLE;2025-06-30;m81-f;23567.07;73429.12;;630 absent
0431302085;CORRECTIONS;2025-12-31;m87-f;986.26;20481.62;;630 absent
0431316240;CARAT GAMES INDUSTRIES;2025-12-31;m01-f;4631.48;107308.92;;630 absent
0431357119;Halliburton Energy Services;2025-12-31;m81-f;-207307.25;16059399.19;;630 absent
0431416507;BELGIUM PARCELS SERVICE;2024-09-30;m81-f;63131.42;3618728.39;29.9;exercice de 9 mois
0431591305;LE CELLIER DES COLLINES;2025-12-31;m87-f;116912.49;224973.2;;variation N/N-1 extrême
0431947136;MINERVA INTERNATIONAL;2025-12-31;m01-a;15442.31;574710.41;;630 absent
0432004148;SPRIMOTOIT;2025-12-31;m87-f;77034.66;821420.78;;630 absent
0432078184;DUPLIVIDEO;2025-12-31;m07-f;-1524.65;360290.42;;630 absent
0432113818;J.C. CONSULTING;2025-09-30;m01-f;332259.76;4456258.1;;EBITDA dans la bande sans personnel déclaré
0432188844;ALPHA;2024-12-31;m07-f;658504.76;853510.52;;"630 absent; EBITDA dans la bande sans personnel déclaré"
0432196069;CONTINENTAL PROPERTIES;2025-12-31;m01-f;1071188.22;37228140.85;;EBITDA dans la bande sans personnel déclaré
0432259714;Aluminium Concept;2023-12-31;m01-f;-38569.59;639168.92;6.2;exercice ancien (2023-12-31)
0432270602;Advertising, Promotion, Sale;2025-12-31;m07-f;376015.44;1093778.24;;EBITDA dans la bande sans personnel déclaré
0432275451;DUROVAN;2025-12-31;m07-f;-231.43;80750.08;1.5;630 absent
0432280993;LLEMIN;2024-12-31;m07-f;-51071.67;2560706.75;0.5;variation N/N-1 extrême
0432433225;ORTHOGESE;2023-12-31;m01-f;-362037.9;780760.28;6.5;"exercice ancien (2023-12-31); variation N/N-1 extrême"
0432435106;TAXIWAY;2025-12-31;m87-f;24411.66;47072.89;;variation N/N-1 extrême
0432458068;BRUMAGO;2025-12-31;m01-f;9266;125779;;630 absent
0432514486;CENTRE MANUTENTION LOGISTIQUE;2025-12-31;m87-f;-65.7;892.94;;630 absent
0432596640;SANIVAC;2025-12-31;m87-f;-3560.51;918.44;;630 absent
0432657513;AV BATAILLE;2024-12-31;m07-f;6789;192493;;variation N/N-1 extrême
0432670973;COSMOPOLITE;2025-12-31;m01-f;113206.97;3393741.91;5;"630 absent; variation N/N-1 extrême"
0432759956;EUROBOIS;2025-12-31;m81-f;408947.58;3136505.8;;EBITDA dans la bande sans personnel déclaré
0432814889;REPARATIONS MECANIQUES;2025-12-31;m87-f;-772.77;3321.37;;630 absent
0432903080;SOCOOTRA;2025-12-31;m87-f;8655.43;10161.09;;630 absent
0432945840;WELTRANS;2025-12-31;m87-f;-28871.16;36766.53;;"630 absent; variation N/N-1 extrême"
0433034526;LONGREE, LUMINAIRE, INSTALLATION;2025-12-31;m87-f;8669.52;8081.2;;EBITDA > total du bilan
0433096189;FLYING-CAM;2023-12-31;m01-f;209234.11;4938395.55;9.9;exercice ancien (2023-12-31)
0433113809;LANGLICHE;2025-12-31;m87-f;-4372.63;42936.81;;variation N/N-1 extrême
0433172405;LES TROIS TECHNIQUES;2025-12-31;m87-f;-9311.07;60177.16;;variation N/N-1 extrême
0433235256;IMERAY;2025-06-30;m87-f;-2817.97;40318.83;;630 absent
0433257230;IMPRIMERIE HESBI-PRESSE;2025-12-31;m87-f;4051.09;78235.88;;630 absent
0433269207;SHOE MINUTE;2024-12-31;m87-f;47536.33;125488.53;;630 absent
0433283558;CORNE PORT-ROYAL CHOCOLATIER;2025-12-31;m02-f;1373521;6723132;;EBITDA dans la bande sans personnel déclaré
0433382835;S.A Baraque Michel;2025-12-31;m01-f;-154588.45;850108.03;5.9;variation N/N-1 extrême
0433444401;FOLIES GOURMANDES;2024-12-31;m87-f;-28386.17;72351.48;;variation N/N-1 extrême
0433462514;TRADITION EVELYN MALENGRE;2025-12-31;m87-f;646.95;27626.14;;630 absent
0433613952;EUROPEAN TECHNICAL DEVELOPMENT;2025-12-31;m87-f;77624.78;388204.93;3;variation N/N-1 extrême
0433642953;LABO DENTAL SERVICE;2025-12-31;m87-f;3147.17;13996.71;;630 absent
0433666709;INBEV BELGIUM;2022-12-31;m82-f;220099945.39;10871210820.4;3008.6;"exercice ancien (2022-12-31); dépôt plus récent inexploitable (2026-00143872:404 [m82-f-p/Initial], 2026-00143986:404 [m82-f-p/Initial], 2025-00104862:404 [m82-f-p/Initial], 2025-00105112:404 [m82-f-p/Initial], 2024-00102216:404 [m82-f-p/Initial], 2024-00099027:404 [m82-f-p/Initial])"
0433678882;AEQUITAS;2025-12-31;m87-f;94887.42;137795.75;;variation N/N-1 extrême
0433685911;COLOPRINT;2025-12-31;m01-f;-262;246023;;630 absent
0433833884;J.M. FINANCE;2023-12-31;m87-f;10119.09;125607.98;;exercice ancien (2023-12-31)
0433885255;JAMINON, RENARD & ASSOCIATES;2025-12-31;m07-f;34476.41;23060.38;;EBITDA > total du bilan
0434098952;TM DIFFUSION;2025-12-31;m81-f;;;;"9901 absent; 630 absent"
0434115481;SOCIETE DE CONSEIL ET ETUDES EN INGENIERIE ET MANAGEMENT;2025-12-31;m87-f;591564.04;560753.26;;"EBITDA > total du bilan; EBITDA dans la bande sans personnel déclaré; variation N/N-1 extrême"
0434116570;TRANSPORTS INTERNATIONAUX - FRANZEN - INTERNATIONAL TRANSPORT;2025-12-31;m87-f;-24065;104836;;variation N/N-1 extrême
0434218025;GUIOT-MAHO&FILS;2024-12-31;m01-f;-25576;125106;;variation N/N-1 extrême
0434273849;GHA RECORDS;2025-12-31;m87-f;81739.32;100651.27;;variation N/N-1 extrême
0434540204;ARNOULD D.L.V.;2025-12-31;m07-f;77867.21;1253507.05;;630 absent
0434540303;SODEVER;2025-12-31;m81-f;8987.21;648805.45;;630 absent
0434664720;MARBRERIE COULON;2025-12-31;m01-f;-1900455.21;268056.93;;variation N/N-1 extrême
0434703223;PNEUS D'IXELLES;2025-12-31;m87-f;15001.93;68292.65;;variation N/N-1 extrême
0434811408;STAROL BURGER;2025-12-31;m87-f;16209;56989;;variation N/N-1 extrême
0434811804;SOGEXPRO;2024-12-31;m07-f;11872.04;14985.63;;630 absent
0434953047;VB Group;2025-12-31;m81-f;3063.54;29933;;630 absent
0435003923;PAJOT DAIRY;2025-12-31;m01-f;-4127.29;2142571.1;0;630 absent
0435027479;NIZET AUTOMATION;2025-12-31;m87-f;-36981.01;538941.36;;variation N/N-1 extrême
0435094389;LOCABELLE;2025-12-31;m01-f;1453;7177;;630 absent
0435169318;SOTREWALL;2025-12-31;m01-f;191816.98;1247954.37;4;exercice de 16 mois
0435262952;THE GOLDEN SHUTTLE;2024-12-31;m87-f;130524.29;330578.09;;630 absent
0435336394;ALPHA IMMO;2025-12-31;m07-f;-2246.66;230853.38;;630 absent
0435359061;AU FIL DE VOS IDEES;2025-12-31;m07-f;30506.05;91209.79;;variation N/N-1 extrême
0435367870;GREENHILL;2024-06-30;m01-f;-7521.53;558105.67;;"630 absent; dépôt plus récent inexploitable (2025-00588860:404 [m01-f-p/Initial])"
0435427060;ATELIER HAZEE;2025-12-31;m87-f;-898.15;61565.19;;variation N/N-1 extrême
0435477441;SCIERIE DU NEBLON;2025-09-30;m07-f;-92.21;139117.61;;630 absent
0435501096;FERRONNERIE CARDINAEL;2025-12-31;m81-f;30851.88;62068.16;0.5;variation N/N-1 extrême
0435628978;CARRIERES DE TRIFFOYS;2025-12-31;m07-f;1771.97;240524.23;;630 absent
0435887514;JDC AIRPORTS;2024-12-31;m01-f;2097741.37;7907705.38;;EBITDA dans la bande sans personnel déclaré
0435909783;AFMECH;2024-12-31;m01-f;-238287.17;7500977.82;14.4;dépôt plus récent inexploitable (2026-00511027:404 [m01-f-p/Initial])
0435949573;VAN HAMME &  FILS;2023-12-31;m87-f;-73780;43701;1;"630 absent; exercice ancien (2023-12-31); variation N/N-1 extrême"
0436103783;FECAM;2023-12-31;m07-f;17957.22;95474.78;;"630 absent; exercice ancien (2023-12-31)"
0436119522;Minute Maid Juices;2025-12-31;m82-f;3610481;32776509;;EBITDA dans la bande sans personnel déclaré
0436123975;AF SERENITY;2025-12-31;m07-f;-562.65;16979.78;;630 absent
0436148721;EDI - PRINT;2025-12-31;m07-f;-29892.49;77763.8;;630 absent
0436255124;MYRTILD CARTON DESIGN;2025-12-31;m07-f;-34278;230501;;630 absent
0436388053;AVIATION BUSINESS CONSULTANTS;2025-12-31;m87-f;30725.57;154176.38;;variation N/N-1 extrême
0436577895;GIBS;2025-12-31;m87-f;-126.8;344.71;;630 absent
0436768927;BHM;2025-12-31;m87-f;2081.75;51157.02;;630 absent
0436770709;L'AURORE;2025-12-31;m87-f;-2099.58;4872.6;;630 absent
0436771697;TAXIS KAVOPOULOS ET CIE;2024-12-31;m87-f;1931.45;32242.61;;630 absent
0436812477;ASSUCOL ET CO;2025-12-31;m87-f;294464.25;326493.49;;variation N/N-1 extrême
0436917791;TECHNIMAR;2025-12-31;m07-f;-1633.9;409991.92;;630 absent
0436918385;S.M.G. GRAVURES;2025-12-31;m81-f;-2059.77;12507.16;;630 absent
0437029243;DOMAINE DE  BELLEFONTAINE;2025-12-31;m87-f;83691.72;1175681.47;1.8;variation N/N-1 extrême
0437054779;S.E.C.T. (Societe d'Expoitation des Carrieres de Tontelange);2025-12-31;m87-f;2610.46;351994.27;;630 absent
0437075565;SOCIETE DE TRAVAUX INDUSTRIELS DE WALLONIE;2025-06-30;m81-f;294295.81;853982.39;;630 absent
0437121194;CHAKIK - TAX;2025-12-31;m07-f;5526.68;12993.36;;630 absent
0437194935;LE FOURNIL DE MICHEL;2025-12-31;m01-f;2180.32;17567.72;2.4;630 absent
0437257291;BALLIGAND;2025-06-30;m07-f;-29791.28;205868.32;1.7;variation N/N-1 extrême
0437308860;EUROPEAN MAGAZINE DISTRIBUTORS BELGIUM;2025-12-31;m01-f;5856.72;117074.11;;630 absent
0437373790;EUROPA VIDANGE;2025-12-31;m81-f;7787.81;53862.02;;"630 absent; variation N/N-1 extrême"
0437449313;COURIM;2025-06-30;m81-f;-2841.15;833507.22;0;630 absent
0437521567;Seibco;2025-12-31;m87-f;-477.7;;;630 absent
0437563832;LES ATELIERS DELCORPS - GILLOT;2025-12-31;m81-f;93397.62;161261.91;;"630 absent; variation N/N-1 extrême"
0437563931;ANNA;2025-12-31;m07-f;-15909.1;7956.45;;"630 absent; variation N/N-1 extrême"
0437593328;ANSELL HEALTHCARE EUROPE;2025-06-30;m02-f;28731277.24;399990781.22;209.5;dépôt plus récent inexploitable (2026-00249546:sans rubriques)
0437624309;HOUMAN;2025-12-31;m87-f;4540.96;100101.53;;variation N/N-1 extrême
0437666374;LESSINES INDUSTRIES;2025-12-31;m01-f;492939.18;3441256.01;11.8;variation N/N-1 extrême
0437700127;P.&G. Décorateurs;2024-12-31;m87-f;-3590.91;5473.72;;630 absent
0437709728;SOCIÉTÉ D’ÉTUDES, COMMERCIALISATION ET RÉALISATION;2025-12-31;m02-f;-6881.74;1699427.09;;630 absent
0437778123;LIMOTAX;2025-12-31;m87-f;8835.55;58955.66;;variation N/N-1 extrême
0437808609;VANHEEDE PROPRETE;2025-12-31;m81-f;-687210.96;3731570.18;76.4;variation N/N-1 extrême
0437816230;GLAVERPANE;2025-12-31;m02-f;456029.92;19529133.75;;EBITDA dans la bande sans personnel déclaré
0437909666;Jean-Louis SPITS - Boulangerie - Pâtisserie;2025-12-31;m87-f;9325;55306;;630 absent
0437965688;AREXMO;2023-12-31;m81-f;-50103.24;355323.53;5.3;exercice ancien (2023-12-31)
0437977764;HOLCIM (BELGIQUE) - HOLCIM (BELGIE);2025-12-31;m02-f;28912186.68;442352075.09;635.3;dépôt plus récent inexploitable (2026-00315449:404 [m121-f-p/Initial])
0438008646;LA LOUCHE A VERO;2025-12-31;m87-f;-8018.39;178648.01;;exercice de 18 mois
0438048337;BARBOSA TRADING;2025-12-31;m87-f;;;;"9901 absent; 630 absent"
0438063282;CONSULTANCY IN MARKETING AND COMMUNICATION;2025-09-30;m87-f;22141.63;9663.64;;"EBITDA > total du bilan; variation N/N-1 extrême"
0438074962;ROLAND SCHAMP ET FILS;2025-12-31;m01-f;407425.35;3061089.02;0;EBITDA dans la bande sans personnel déclaré
0438111188;MOCLA 7 EXPRESS;2025-12-31;m01-f;8187;46017;0;630 absent
0438215217;SABLIERES DE BURY;2025-12-31;m01-f;-1801.06;296766.64;;630 absent
0438246889;C+CURE OPERATIONS;2025-12-31;m87-f;-11014.02;6432.3;;"630 absent; variation N/N-1 extrême"
0438339436;DAXI;2025-12-31;m01-f;747221.12;3439361.78;7.7;variation N/N-1 extrême
0438360519;TRANSPORTS NICOLAS JACQUET;2025-12-31;m01-f;16.6;1112502.63;1;630 absent
0438390312;UNILEVER BELGIUM;2024-12-31;m02-f;29323744.76;316816717.91;255.6;dépôt plus récent inexploitable (2026-00190053:404 [m02-f-p/Initial])
0438495725;Rolls-Royce Solutions Liège;2024-12-31;m02-f;-5169872.39;61798078.93;145;"variation N/N-1 extrême; dépôt plus récent inexploitable (2026-00271705:404 [m02-f-p/Initial])"
0438530862;SWEET COCOON;2025-12-31;m87-f;4336.57;1271.47;;EBITDA > total du bilan
0438590448;LVS Construct;2025-12-31;m87-f;629320.76;1479642.42;9.6;variation N/N-1 extrême
0438663197;TIHON & CIE;2025-12-31;m01-f;-51579.13;195457.67;;variation N/N-1 extrême
0438701207;DECAP'BOIS;2023-12-31;m87-f;-73594.72;43173.96;;exercice ancien (2023-12-31)
0438701405;LESAGE GROUPE;2024-12-31;m81-f;154151.4;622414.94;2.9;variation N/N-1 extrême
0438731097;Hydro-Create Inter;2024-12-31;m07-f;214845.63;1480452.29;;variation N/N-1 extrême
0438769206;Décoration Collectivity Advisors-Meubles Pascal Michiels;2025-12-31;m87-f;23816.77;141829.93;;630 absent
0438802957;EURO - ELEC;2025-12-31;m87-f;-1045;6575;;630 absent
0438924307;INTERCOLIS;2024-12-31;m01-f;115466.2;975323.33;19.9;variation N/N-1 extrême
0438950437;Consultance;2025-12-31;m87-f;12453.18;22560.73;;630 absent
0438953506;CERES;2025-12-31;m02-f;-14777776.33;36071635.72;66.1;exercice de 18 mois
0439020218;IRSI CHOCOLATIER;2025-12-31;m07-f;8182.12;628493.31;;variation N/N-1 extrême
0439099895;CHEMICAL GASPRODUCTS AND SERVICES;2025-12-31;m01-f;-7862.19;355466.1;;630 absent
0439146120;LVMK;2025-12-31;m87-f;-71807;19279;;variation N/N-1 extrême
0439169676;ALFA FILS;2024-12-31;m87-f;-10862.36;11431.63;;630 absent
0439210753;MMM SERVICES;2024-12-31;m81-f;51181.65;271313.19;0.5;630 absent
0439221641;INTERNATIONAL COMPANY;2024-12-31;m81-f;-620056.32;396582.75;;variation N/N-1 extrême
0439228866;GERMAY EMBALLAGES;2026-03-31;m01-f;304351.26;849037.69;;EBITDA dans la bande sans personnel déclaré
0439329331;STEEN LASER SURVEY;2025-12-31;m01-f;117569;367865;3.3;variation N/N-1 extrême
0439342296;EMUREF;2025-12-31;m01-f;618579;1016332;1.2;variation N/N-1 extrême
0439408911;TRAL & CO;2024-12-31;m07-f;-387.34;134.03;;630 absent
0439530160;SABLIERES DE ROSSART;2025-12-31;m01-f;285515.97;593925.46;0;variation N/N-1 extrême
0439540751;RAMON;2025-12-31;m87-f;335610.26;649556.01;;"EBITDA dans la bande sans personnel déclaré; variation N/N-1 extrême"
0439677244;SYTRA;2025-06-30;m07-f;-2195.67;31584.23;;630 absent
0439873818;P.L. FASHION;2025-12-31;m87-f;1781;81174;;630 absent
0439874709;TRANSPORTS DEFFERNEZ;2023-12-31;m87-f;-5157;488;0.2;"630 absent; exercice ancien (2023-12-31)"
0439938253;TRANSNAM;2023-12-31;m02-f;651376.47;1799465.01;73.9;exercice ancien (2023-12-31)
0439960821;GARAGE CHARLIER;2025-12-31;m87-f;123127.48;478089.62;3.7;variation N/N-1 extrême
0439964383;KERRY INGREDIENTS BELGIUM;2025-12-31;m01-f;96909.65;511615.1;2.1;630 absent
0439967749;TRUMP;2025-12-31;m01-f;794690;10243617;;EBITDA dans la bande sans personnel déclaré
0439988733;PORTO-MARBEL;2024-12-31;m87-f;-18042.33;192516.52;;630 absent
0440001995;CHOC AND CO;2025-04-30;m01-f;720246.94;4882897.53;27.1;variation N/N-1 extrême
0440039312;MOMMERENCY;2026-03-31;m87-f;;602.78;;"9901 absent; 630 absent"
0440089790;DELTRIAN INTERNATIONAL;2025-12-31;m02-f;138332.97;41159002.03;70.7;dépôt plus récent inexploitable (2026-00157598:404 [m120-f-p/Initial])
0440135817;ROANN;2025-12-31;m07-f;3932;6521;;variation N/N-1 extrême
0440147297;MODERN TEAM SERVICES;2023-12-31;m87-f;38274.26;372904.68;;exercice ancien (2023-12-31)
0440174320;LDCO;2025-12-31;m07-f;-4671.53;61527.36;;630 absent
0440314573;TRANS - QUERINJEAN;2025-12-31;m87-f;14661.27;61160.69;;"630 absent; variation N/N-1 extrême"
0440354858;Goumanisto Company;2025-12-31;m02-f;465828.44;24764454.1;;"630 absent; EBITDA dans la bande sans personnel déclaré"
0440362182;FERRARA ET FILS;2025-12-31;m01-f;-387631.32;448378.82;7.3;"630 absent; variation N/N-1 extrême"
0440415335;TWO FOR TWO;2025-12-31;m87-f;639.04;32338.62;0.9;630 absent
0440483433;INTERWOOD PRODUCT;2025-12-31;m87-f;453604.9;6383410.75;;EBITDA dans la bande sans personnel déclaré
0440516788;Liege airport;2025-12-31;m02-f;26461820;121397240;241.2;dépôt plus récent inexploitable (2026-00133466:404 [m120-f-p/Initial])
0440521243;AZA;2025-12-31;m87-f;2643.9;13122.53;;630 absent
0440523817;ML SPORT & NUTRITION;2025-12-31;m07-f;-3230;302;;630 absent
0440566476;EUROMI;2025-12-31;m01-f;152911.97;5143503.84;8.9;"exercice de 18 mois; variation N/N-1 extrême"
0440597457;TAMCO;2025-12-31;m81-f;82292.46;979034.19;11;exercice de 15 mois
0440663971;HOK;2025-12-31;m87-f;20177.69;79444.78;2.2;variation N/N-1 extrême
0440744838;beLife;2025-12-31;m01-f;-18180;2943778;;630 absent
0440791160;FORMES ET ESPACES;2025-12-31;m87-f;-2662.15;47766.95;;"630 absent; variation N/N-1 extrême"
0440821646;ETUDES TECHNIQUES;2025-12-31;m81-f;-16854.71;143772.05;;variation N/N-1 extrême
0440872918;GlaxoSmithKline Biologicals;2025-12-31;m02-f;4342207153.63;17831957661.49;8371;EBITDA aberrant (> 1 Md)
0440905679;LOCAGILLES;2025-04-30;m87-f;17661.55;140891.03;1;630 absent
0440953486;LA CHARLOTTE ROYALE;2023-12-31;m01-f;-2315;136509.7;;"630 absent; exercice ancien (2023-12-31)"
0440979321;NESTLE WATERS BENELUX;2025-12-31;m02-f;1571915.21;11127518.67;45.8;variation N/N-1 extrême
0441018616;E.P.C.B.;2025-12-31;m07-f;12331.67;26841.55;;"630 absent; variation N/N-1 extrême"
0441030096;SERVIPARC - SERVIPARK;2025-12-31;m02-f;582779.33;7469458.27;;EBITDA dans la bande sans personnel déclaré
0441134620;ALEXANDRA;2025-12-31;m87-f;-1579.51;135946.93;1;630 absent
0441205092;USIMEC;2025-12-31;m01-f;140845.47;93161.2;5;"EBITDA > total du bilan; variation N/N-1 extrême"
0441219841;SOBE;2025-12-31;m87-f;-4426.56;49113.38;;630 absent
0441223801;ROBBERECHTS;2025-12-31;m01-f;-16672.01;567840.61;2;variation N/N-1 extrême
0441304666;AMITRA;2025-12-31;m07-f;-1165.43;420235.57;;630 absent
0441401666;A.B.P MENUISERIE;2025-12-31;m81-f;44416.61;266020.13;17.1;630 absent
0441463529;EUPEN ANLAGEN;2025-12-31;m01-f;-136646.15;11953448.59;;variation N/N-1 extrême
0441511138;KAMA MOTOR;2025-12-31;m07-f;-1821.42;9232.18;;630 absent
0441525786;EXBAL;2024-12-31;m81-f;63278.38;130886.63;;variation N/N-1 extrême
0441571714;TOYOTA MOTOR EUROPE;2026-03-31;m02-f;738237038.24;14342465984.83;2787.2;dépôt plus récent inexploitable (2026-00540539:sans rubriques)
0441675840;AGORA MEDIA;2025-12-31;m87-f;15031.68;176645.33;1.5;variation N/N-1 extrême
0441790458;G-TRI;2025-12-31;m07-f;148047.77;351517.05;3.4;variation N/N-1 extrême
0441824904;DUMAT Service;2025-12-31;m81-f;-1447;16479;;630 absent
0441826783;ROM;2025-12-31;m02-f;2959505.45;15873558.9;38.4;dépôt plus récent inexploitable (2026-00277442:404 [m120-f-p/Initial])
0441920914;MENUISERIE MARC HARY;2025-12-31;m87-f;9619.84;180740.53;;variation N/N-1 extrême
0441933087;LAB'S CAR;2025-12-31;m87-f;-1282.24;215.99;;630 absent
0442225869;ARCHITECTURAL ANTIQUE;2025-12-31;m81-f;52049.09;1270323.16;1;variation N/N-1 extrême
0442241806;MAMMA LUCIA;2026-02-28;m02-f;8595340.21;25411762.78;159.8;"exercice de 14 mois; variation N/N-1 extrême"
0442298323;M.G. Concept;2024-12-31;m87-f;9479.43;37672.37;;variation N/N-1 extrême
0442361768;TAX - SEPTS;2025-12-31;m87-f;13075.43;94618.1;;variation N/N-1 extrême
0442390670;FRANCKIN;2025-03-31;m87-f;-6348.79;26890.27;;"630 absent; variation N/N-1 extrême"
0442397796;ALL EXPRESS LOUIS GUERRIAT;2025-12-31;m87-f;11845.5;43430.65;;variation N/N-1 extrême
0442446494;FAMCOOP;2025-12-31;m87-f;20487.71;12870.67;;"630 absent; EBITDA > total du bilan"
0442502023;IMMOGER;2025-12-31;m07-f;30262.73;62970.74;;variation N/N-1 extrême
0442538546;TRANSPORTS AHN;2024-12-31;m01-f;-1191.04;1005.8;;630 absent
0442572891;FOURNITURES ET MATERIELS DE DEMENAGEMENTS BENELUX en liquidation;2024-12-31;m01-f;1518.46;25519.99;;630 absent
0442619809;HENKEL BELGIUM OPERATIONS;2025-12-31;m02-f;5035505;40311594;112.3;dépôt plus récent inexploitable (2026-00177939:404 [m121-f-p/Initial])
0442715819;BLS GSL;2025-12-31;m87-f;-52128.71;77447.09;;variation N/N-1 extrême
0442773722;SA L'EXPRESSO;2024-12-31;m07-f;15527.97;298602.55;1.2;variation N/N-1 extrême
0443009391;GALARMO;2025-12-31;m87-f;263676.65;158680.29;2.8;"630 absent; EBITDA > total du bilan"
0443113519;H.L.S.;2025-12-31;m87-f;11348.58;39765.65;;variation N/N-1 extrême
0443143114;SPORT AUTO;2025-12-31;m87-f;2150.74;98038.21;;630 absent
0443153903;Recyc-Mattress Belgium;2025-12-31;m02-f;-122520.6;1444126.23;;variation N/N-1 extrême
0443261987;SOCIETE DE TRAVAUX ET DE FOURNITURES;2025-12-31;m07-f;-599.42;112220.98;;630 absent
0443345131;LE VERT GALANT;2025-12-31;m87-f;-3013.79;51458.54;;630 absent
0443673149;MEAT ASSISTANCE;2025-06-30;m07-f;-13524.08;165419.85;;variation N/N-1 extrême
0443801922;HERMES;2025-12-31;m87-f;781.29;14183.67;;630 absent
0443804395;MABE;2024-12-31;m87-f;-8395.52;98432.01;;630 absent
0443825676;ETABLISSEMENTS JOSEPH MARIN;2025-12-31;m07-f;-6199.81;11048.65;;630 absent
0443831715;IMMO - MANIL;2025-06-30;m01-f;757115;2203887;;EBITDA dans la bande sans personnel déclaré
0443911590;MAHDAOUI;2025-12-31;m87-f;18331;154210;3.6;variation N/N-1 extrême
0444003345;GROUPE TREHOUT PLV;2025-12-31;m01-f;2099695.69;4662663.46;46.7;variation N/N-1 extrême
0444038977;TRANSREMO;2025-12-31;m07-f;-1012.75;180213.62;;variation N/N-1 extrême
0444168344;CONREUR P.;2025-12-31;m87-f;8800.54;68382.95;;630 absent
0444207936;EUROSCAN INSTRUMENTS;2025-12-31;m07-f;311664.29;784299.28;;EBITDA dans la bande sans personnel déclaré
0444224663;CADRES ET HOME;2025-12-31;m87-f;-4988.46;21151.09;;630 absent
0444264354;FLORIENT - MULLER;2025-12-31;m07-f;-3162;190037;0.5;630 absent
0444270391;HOLAY TAX;2025-12-31;m87-f;3057.34;43357.06;;630 absent
0444290187;F.J.A.;2025-12-31;m87-f;55622.76;176587.4;2.4;variation N/N-1 extrême
0444297612;Ever Ocean;2025-12-31;m81-f;-12937.98;11175.07;;630 absent
0444309191;INTERNATIONALE TRANSPORTE R. FRAIPONT;2025-12-31;m81-f;16465.35;7117574.06;;variation N/N-1 extrême
0444375707;ENTRETIEN MONTAGE CONSTRUCTION;2025-12-31;m81-f;-23820.92;169880.62;;630 absent
0444430937;H. VANDERBIEST;2025-12-31;m01-f;212815.72;1853897.27;5.9;variation N/N-1 extrême
0444637706;GENERAL TRANSPORT SERVICES;2025-12-31;m01-f;88848.05;546881.73;1;variation N/N-1 extrême
0444655522;TOP TAX LIMO;2024-12-31;m07-f;17150.77;112025.72;;variation N/N-1 extrême
0444696302;PARVANEH;2025-12-31;m87-f;29059.84;98670.34;;variation N/N-1 extrême
0444706297;HANI;2025-12-31;m87-f;1562.33;32823.24;;630 absent
0444739357;ATENA;2025-12-31;m87-f;7330.07;26919.6;;variation N/N-1 extrême
0444930585;THE CITY;2024-12-31;m07-a;-6468.02;31324.73;;630 absent
0444946918;LAMTAX;2025-12-31;m87-f;-4869.76;61445.54;;630 absent
0444954143;LABORATOIRE DENTAIRE JPB;2023-12-31;m81-f;61559;303048;;exercice ancien (2023-12-31)
0445113204;PUYAN;2025-12-31;m87-f;8619.62;67727.55;;"630 absent; variation N/N-1 extrême"
0445188527;L ET S;2023-12-31;m81-f;26632;80959;;exercice ancien (2023-12-31)
0445232770;SOU.TRAI.CO;2025-09-30;m07-f;7395.76;153112.95;;variation N/N-1 extrême
0445244846;AIR - TRENDS;2025-09-30;m01-f;346570.67;2950805.59;0;EBITDA dans la bande sans personnel déclaré
0445307105;DUMONT - TYOU;2024-12-31;m01-f;-86920;54774;2;630 absent
0445349962;L'ETOFFE;2025-12-31;m87-f;25228.26;80618.92;;variation N/N-1 extrême
0445391039;ACMP;2025-12-31;m01-f;123970.51;2650201.41;1;exercice de 21 mois
0445430037;Transports A. CAPRASSE;2025-12-31;m87-f;25484.2;178260.17;;variation N/N-1 extrême
0445441915;BLUE HAND;2025-12-31;m87-f;1922.98;38562.89;;630 absent
0445609288;CIMESAC;2025-12-31;m01-f;86674.25;950988.72;7.1;variation N/N-1 extrême
0445655315;BRAUNTRUCK;2025-12-31;m01-f;403387.2;3834061.73;0;EBITDA dans la bande sans personnel déclaré
0445677881;CARRIERES SCHAUSS;2025-12-31;m81-f;12815.81;63102.1;;630 absent
0445696588;COUNTRY COURIER EXPRESS;2023-09-30;m07-f;-37995.85;122512.34;2.4;exercice ancien (2023-09-30)
0445770329;CARRIERES DE RHISNES;2025-12-31;m81-f;53164.6;989866.27;7.5;variation N/N-1 extrême
0445844860;TUBEMO;2024-12-31;m07-f;31137.67;202806.61;;variation N/N-1 extrême
0445922856;NEOGEN;2024-12-31;m01-f;2745696.57;15194093.76;;EBITDA dans la bande sans personnel déclaré
0445938791;EUROWOOL  S.A.;2025-12-31;m01-f;385075.89;259906.84;6;"EBITDA > total du bilan; variation N/N-1 extrême"
0446002436;RECHAIN;2025-12-31;m87-f;3030.47;36787.26;;630 absent
0446042919;IMPRIMERIE GUILLAUME;2025-12-31;m07-f;-117879.58;524774.25;4.6;variation N/N-1 extrême
0446121014;ENTREPRISE FLAS;2025-12-31;m87-f;4876.27;29231.87;;630 absent
0446179115;THUNISMO;2025-12-31;m81-f;37230.07;815838.73;3.2;variation N/N-1 extrême
0446191387;GARAGE CHARLIER;2024-12-31;m07-f;-5073.03;81360.49;;630 absent
0446229791;NOUKIES;2024-12-31;m02-f;-1085881;4756195;22.9;variation N/N-1 extrême
0446271165;A.D.S. SCREEN;2025-12-31;m07-f;128;131424;;630 absent
0446350151;T.M.S.B.;2025-12-31;m87-f;5807;60551;;"630 absent; variation N/N-1 extrême"
0446375390;CARRIERE D'OTTRE S.A.;2025-12-31;m01-f;-1329.87;455891.1;;630 absent
0446382617;BIA CONSTRUCTION;2025-12-31;m07-f;36895.7;167680.87;2.8;variation N/N-1 extrême
0446614328;OPHITEO;2025-03-31;m07-f;126960.94;64301.18;;"EBITDA > total du bilan; variation N/N-1 extrême"
0446639963;BELGIAN TRANSPORT CORPORATION;2023-12-31;m81-f;8328.33;72493.09;;exercice ancien (2023-12-31)
0446694797;R.C. MOUSSE;2025-12-31;m87-f;1270.86;66607.95;;630 absent
0446733104;Decoressos;2025-12-31;m07-f;5312.73;18704.29;;"630 absent; variation N/N-1 extrême"
0446756660;MANUFERO;2025-12-31;m01-f;-2657.28;484634.12;1;630 absent
0446776456;Triangle A.M.P.;2025-12-31;m87-f;360314.73;2710925.14;;EBITDA dans la bande sans personnel déclaré
0446820206;PIERARD;2025-12-31;m87-f;-10146.67;48277.15;1;630 absent
0446918986;B.G.M.;2025-12-31;m01-f;695170.05;5248904.29;;"EBITDA dans la bande sans personnel déclaré; variation N/N-1 extrême"
0446933339;NORON ENGINEERING;2025-12-31;m87-f;-1086.1;4799.12;;630 absent
0446945712;SOCONORD;2025-12-31;m02-f;2024223.17;12440230.67;;"630 absent; EBITDA dans la bande sans personnel déclaré; variation N/N-1 extrême"
0446991440;Howden Maintenance Partners Wallonie;2025-12-31;m02-f;-1162694.6;734474.51;2.1;"630 absent; variation N/N-1 extrême"
0447009058;MENUISERIE CHERPION;2024-12-31;m07-f;-4377;42569;;630 absent
0447106652;DUBRAY BOIS;2025-12-31;m87-f;4560.14;101006.59;;630 absent
0447109919;NYLOBEL;2025-12-31;m87-f;-1658.36;25052.2;;630 absent
0447219587;LES GRES GUIDE;2025-12-31;m87-f;-997.4;144.47;;630 absent
0447265317;COMPAGNIE DE DISTRIBUTION;2025-12-31;m01-f;312061.66;223770.44;3.5;"EBITDA > total du bilan; variation N/N-1 extrême"
0447268879;Du Long et du Lé;2025-12-31;m87-f;50258.29;204383.28;3;variation N/N-1 extrême
0447321834;Maquet;2025-12-31;m07-f;-73976.4;260541.41;3.8;variation N/N-1 extrême
0447440214;ACHETOUAN;2024-12-31;m87-f;12393.24;11672.76;;"EBITDA > total du bilan; variation N/N-1 extrême"
0447564631;PATRICK BERASALUCE;2025-12-31;m81-f;-4710.43;490264.09;;630 absent
0447601253;Atelier de Construction Métallique et Sablage;2025-06-30;m87-f;220408.69;424290.41;0.7;"exercice de 22 mois; variation N/N-1 extrême"
0447601946;Promo Signs;2025-12-31;m01-f;-87234.78;420215.89;14;variation N/N-1 extrême
0447621346;LASERFLASH;2023-12-31;m01-f;235668.7;2803689.5;23.4;exercice ancien (2023-12-31)
0447734578;PRESENCE;2025-12-31;m07-f;75674.58;8718.12;;"EBITDA > total du bilan; variation N/N-1 extrême"
0447830786;Etablissements HENROTTE;2023-12-31;m02-f;-1788267.85;2386355.85;55.4;"exercice ancien (2023-12-31); variation N/N-1 extrême"
0448013504;KADBANO;2023-12-31;m07-f;55.94;36079.65;;exercice ancien (2023-12-31)
0448066259;NUTRIPACK WAVRE;2025-12-31;m01-f;3548525.65;16332557.68;6.6;variation N/N-1 extrême
0448188005;MISSING LINK;2025-12-31;m81-f;-7470.23;182762.77;;630 absent
0448250460;AD'JUST;2025-12-31;m07-f;29788.5;15822.44;;EBITDA > total du bilan
0448459506;FISALAM;2025-12-31;m07-f;10816.12;29890.79;;630 absent
0448460593;JOST R.;2024-12-31;m87-f;3104.98;;;630 absent
0448531562;GOSSIAUX PIERRE BOULANGERIE;2025-03-31;m87-f;56972.11;97741.06;3.8;variation N/N-1 extrême
0448569867;G - BLOCK;2024-12-31;m01-f;290899;2542069;5;variation N/N-1 extrême
0448589762;TRAV-ROU;2023-12-31;m07-f;257.09;29496.38;;exercice ancien (2023-12-31)
0448611439;ANAKENA;2023-12-31;m87-f;-13977.35;163134.37;;exercice ancien (2023-12-31)
0448618268;H.D.M.S. EURO LEGAL CONSULTING;2025-06-30;m07-f;41385.17;36725.2;;"EBITDA > total du bilan; variation N/N-1 extrême"
0448828205;DLS;2025-12-31;m01-f;199689.1;1184428.43;39.7;exercice de 15 mois
0448828601;BAKKERIJ THIJS;2025-12-31;m07-f;-112075.79;67156.85;;variation N/N-1 extrême
0448862352;V.D.M.;2025-12-31;m87-f;341337;1467825;;EBITDA dans la bande sans personnel déclaré
0448894026;CECOSY;2025-12-31;m02-f;-7306.87;543466.66;;630 absent
0448895214;GEMIBEL;2025-06-30;m87-f;79761.32;1517491.34;;630 absent
0448937180;O.F.S. TRANS;2025-12-31;m87-f;-2675.7;784.1;;630 absent
0448970240;KUYU;2025-12-31;m87-f;21176.71;87271.93;;630 absent
0448986670;MAYOT-COIFFARD & ass., société d'architectes;2025-12-31;m07-f;48082.8;40442.72;;EBITDA > total du bilan
0449012109;ETABLISSEMENT FRANCOIS BALLEZ;2025-12-31;m87-f;17822.18;134566.12;;variation N/N-1 extrême
0449046256;PROBST FRERES;2025-12-31;m07-f;-8867.5;3077.03;;630 absent
0449046454;L'HORECALIENNE;2023-12-31;m87-f;29996;122368;;exercice ancien (2023-12-31)
0449079118;CLAIR - OBSCUR Photography;2025-12-31;m87-f;-15082.4;36577.45;;variation N/N-1 extrême
0449157213;ETABLISSEMENTS PETROONS;2025-12-31;m01-f;-36438.32;943169.71;;630 absent
0449251045;S.B.F.;2025-12-31;m87-f;35335.84;364662.16;;630 absent
0449283709;HELI - SERVICES;2025-12-31;m07-f;1051;54137;;630 absent
0449296278;DECATHLON BELGIUM;2024-12-31;m02-f;28690467;188177307;1849.2;dépôt plus récent inexploitable (2026-00548635:404 [m02-f-p/Initial])
0449313601;MADJI;2025-12-31;m87-f;7113.63;52110.8;;630 absent
0449333395;NORLAND;2025-12-31;m02-f;337009.06;5530536.61;12.8;variation N/N-1 extrême
0449342996;RECYBEL;2025-12-31;m02-f;246975.19;1923535.45;;630 absent
0449431187;Recymo Wallonie;2025-03-31;m07-f;21286.92;358411.88;0.5;"630 absent; exercice de 13 mois"
0449451280;TAXI WB;2025-12-31;m87-f;21557.17;78561.58;;variation N/N-1 extrême
0449465930;COLLEYE ATELIERS;2025-12-31;m01-f;341061.67;1983103.83;;EBITDA dans la bande sans personnel déclaré
0449608559;Henri DESONAY S.P.R.L. TRANS. EXCEPT. SERVICES;2025-12-31;m87-f;-8130.53;300924.34;;630 absent
0449688337;SPLIMO;2025-09-30;m01-f;884344;9805998;;EBITDA dans la bande sans personnel déclaré
0449719714;European Organisation for Technical Assessment- (Organisation européenne pour l'Évaluation Technique);2025-12-31;m04-f;-466021.88;1113204.19;4;variation N/N-1 extrême
0449732580;GUIAGRI;2025-03-31;m01-f;302300.22;2398872.34;;EBITDA dans la bande sans personnel déclaré
0449774053;ROSIER ANTWERP TERMINAL;2024-12-31;m01-f;294747.63;1678847.04;;dépôt plus récent inexploitable (2026-00369311:404 [m01-f-p/Initial], 2026-00366769:404 [m01-f-p/Initial])
0449801668;SICTAX;2024-12-31;m87-f;-10313;21847;;dépôt plus récent inexploitable (2026-00120226:404 [m07-f-p/Initial])
0449923711;LA BAGUETTE MAGIQUE;2025-12-31;m87-f;30625.99;270367.71;;630 absent
0449937171;Art et Lumière;2024-06-30;m87-f;-846.93;59286.29;;630 absent
0450004675;ETABLISSEMENT FRAITURE;2024-12-31;m07-f;32174.46;31739.85;;"630 absent; EBITDA > total du bilan"
0450012791;ALFA SERVICES;2023-12-31;m01-f;2030.93;29521.5;;exercice ancien (2023-12-31)
0450024867;CARBOMIN;2025-12-31;m01-f;134097;1443868;3;variation N/N-1 extrême
0450059511;LE VINCENNES;2025-12-31;m87-f;-1067.17;8478.66;;630 absent
0450083166;AFFRETEMENTS MARGREVE ET CIE;2025-06-30;m87-f;48395.37;148625.05;;630 absent
0450105140;ELECTRO - CARBONE;2025-06-30;m07-f;10263.89;89567.26;;variation N/N-1 extrême
0450115533;SEGULA BELUX;2025-12-31;m07-f;-8062.38;69199.63;1.3;630 absent
0450118404;Sabena Aerospace Technologies;2025-12-31;m01-f;25923.02;2728010.07;16.5;630 absent
0450124144;SICLI;2023-12-31;m02-f;-7184941.36;29934345.12;298.6;exercice ancien (2023-12-31)
0450259251;M.V.S.;2025-12-31;m87-f;-4596.53;30211.4;;630 absent
0450341009;SAVAGA;2025-12-31;m07-f;155.66;6842.38;;630 absent
0450462060;Container4Home;2025-12-31;m02-f;-8195.6;7345488.15;;630 absent
0450483143;CHORD EUROPE;2025-12-31;m87-f;87585.26;169382.74;;exercice de 17 mois
0450532534;AQUA RESI;2025-12-31;m07-f;-1220.62;63683.08;;630 absent
0450591130;CRACO;2025-12-31;m01-f;314603.73;1958844.49;1;"630 absent; variation N/N-1 extrême"
0450593902;DOBELMA;2025-12-31;m07-f;39157.01;83078.03;;variation N/N-1 extrême
0450637155;CREA - LINE;2025-12-31;m87-f;11437.51;74813.84;;"exercice de 18 mois; variation N/N-1 extrême"
0450726138;K2M INTERNATIONAL BUSINESS;2025-12-31;m87-a;6499.53;49397.76;;630 absent
0450781566;NEWWORK BELGIUM;2023-12-31;m07-f;29266.89;886958.15;5.3;exercice ancien (2023-12-31)
0450817990;MEDSYS;2025-12-31;m07-f;87863.69;403669.09;1;630 absent
0450937063;RASQUIN & CO;2025-12-31;m87-f;8976.39;4888.67;;EBITDA > total du bilan
0451030697;Équipement, Machines et Appareils Spéciaux;2025-12-31;m01-f;63460.13;1831799.67;2;630 absent
0451045050;BETONS DE GOZEE;2025-12-31;m07-f;-7843.7;934111.31;1.4;630 absent
0451068806;EMBASSY;2025-12-31;m07-f;-1349.87;146.71;;630 absent
0451147295;SABCA C.D.R.;2025-12-31;m87-f;-42097.99;53645.39;;630 absent
0451229647;MECANIQUE CHAUDRONNERIE MONTAGE;2025-12-31;m87-f;3310.54;110765.04;;630 absent
0451362180;Schneider Electric;2025-12-31;m02-f;23010935.16;118229369.7;486.7;variation N/N-1 extrême
0451393458;GOBERT - IMMO;2025-12-31;m02-f;620652.98;7600705.9;;EBITDA dans la bande sans personnel déclaré
0451422558;TEKNO JAD EQUIPMENT;2023-12-31;m81-f;-131710;135223;;exercice ancien (2023-12-31)
0451428991;NEXIA DISTRIBUTION;2025-12-31;m87-f;-9280.92;139327.62;;630 absent
0451650311;COLLOT SERVICES;2025-12-31;m87-f;973.53;531023.19;;630 absent
0451675253;A.R.M.I.;2025-12-31;m07-f;-13071.98;110117.03;;630 absent
0451844608;TRANSPORT JEREM;2023-12-31;m87-f;10938.8;58166.36;;exercice ancien (2023-12-31)
0451849259;TOMA GROUP ONE;2025-12-31;m87-f;-2912.12;3218.69;;630 absent
0451868065;Trico Belgium;2025-12-31;m02-f;-29060226.97;25714087.1;197.3;variation N/N-1 extrême
0451936757;ACTION AIR FREIGHT;2025-12-31;m81-f;1022541.42;6345898.48;;EBITDA dans la bande sans personnel déclaré
0452042368;CONNECTING PEOPLE EUROPE;2025-12-31;m87-f;3269;31870;;630 absent
0452084930;SG Electro;2025-12-31;m87-f;6568.3;58325.88;;630 absent
0452115020;BEN-GAFSI;2025-12-31;m87-f;-12597.28;23019.55;;variation N/N-1 extrême
0452138873;SUNCAR;2025-12-31;m87-f;-6575.73;30122.01;2.2;variation N/N-1 extrême
0452232014;CENTRE DE TRI - TRIEERCENTRUM;2025-12-31;m02-f;10363692;294991679;11.5;dépôt plus récent inexploitable (2026-00182451:404 [m120-f-p/Initial])
0452276950;LADAN;2025-12-31;m07-f;-9408.61;8518.43;;variation N/N-1 extrême
0452422549;SPECLAB CONSULT;2025-12-31;m87-f;2703;7099;;630 absent
0452440464;RECYMETAL;2024-12-31;m81-f;2751568.02;13815846.62;2.8;variation N/N-1 extrême
0452477482;MM LOGISTIC;2024-12-31;m01-f;417490;1259144.86;;EBITDA dans la bande sans personnel déclaré
0452510641;S.M. INTERNATIONAL BUSINESS;2025-12-31;m07-f;-65.7;2874.62;;630 absent
0452511631;ELAZ;2025-12-31;m87-f;51375.92;52174.24;;variation N/N-1 extrême
0452524596;WALMAT;2023-12-31;m87-f;54859.81;181482.61;1;exercice ancien (2023-12-31)
0452606651;SOCCIM;2025-12-31;m02-f;718931.16;4565810.12;;EBITDA dans la bande sans personnel déclaré
0452703750;TRANSPORTS NUYTEN;2025-12-31;m87-f;18786.39;24333.26;;variation N/N-1 extrême
0452732355;SOCIETE DE TRANSPORTS ET D'EXPORTATIONS AFRICAINES;2024-12-31;m87-f;289.18;65033.22;;630 absent
0452798671;ISOFOX;2024-12-31;m87-f;194094.23;375725.4;0.3;variation N/N-1 extrême
0452940312;SYSMATHICK;2025-12-31;m07-f;555056.68;1071621.51;1;variation N/N-1 extrême
0453074528;Matthys;2023-06-30;m01-f;-46975.95;1010716.03;22.3;exercice ancien (2023-06-30)
0453139458;PROCOTEX CORPORATION;2025-12-31;m02-f;2477433.68;42076693.77;25.6;dépôt plus récent inexploitable (2026-00384431:404 [m120-f-p/Initial])
0453190037;MAJID;2025-12-31;m87-f;6473.55;37945.49;;630 absent
0453192908;GENERAL DISTRIBUTION SERVICES;2025-12-31;m81-f;4311;513782;27.6;630 absent
0453620993;SOGEREC METALS RECYCLING;2025-12-31;m07-f;371587.28;615379.5;;"630 absent; EBITDA dans la bande sans personnel déclaré"
0453738977;TAXIS BRUXELLES;2024-12-31;m87-f;372.41;36013.24;;variation N/N-1 extrême
0453780054;TAXITOP;2025-12-31;m07-f;203.35;10339.77;;630 absent
0453807471;Maison Saint Roch;2025-12-31;m87-f;38720.06;427101.05;4.1;variation N/N-1 extrême
0453916646;K.D. LA VILETTE;2024-12-31;m07-f;4291;231465;23.9;630 absent
0453968116;Belgarena;2025-12-31;m01-f;386678.66;9467272.11;23;exercice de 6 mois
0454050367;LA NATURE POUR SOI;2025-12-31;m87-f;846.75;4047.22;;"630 absent; variation N/N-1 extrême"
0454145387;M.G. STYLE;2025-12-31;m81-f;18997.92;79085.78;;variation N/N-1 extrême
0454221405;Marc Philippe-Anc. Ets A. MALLIEN;2025-12-31;m87-f;-162568.18;70253.49;;"exercice de 15 mois; variation N/N-1 extrême"
0454225264;DUPIRE FRERES;2025-03-31;m07-f;304234;1169231;;EBITDA dans la bande sans personnel déclaré
0454296926;J.J.J. - TAX;2025-12-31;m87-f;-66;16364;;630 absent
0454335528;BINET;2023-12-31;m01-f;663469.77;973227.68;;"630 absent; exercice ancien (2023-12-31); EBITDA dans la bande sans personnel déclaré"
0454407188;DELSAM;2025-12-31;m87-f;4318.97;4247.5;;EBITDA > total du bilan
0454432429;PUISSANCE 4;2026-03-31;m87-f;1688.6;131247.84;;630 absent
0454492807;PACKAGING RECOVERY ORGANISATION EUROPE;2025-12-31;m87-f;51110.82;422607.89;;630 absent
0454589708;NAMUR AIR PROMOTION;2025-12-31;m01-f;-7165.7;81484.01;;630 absent
0454625439;FAMENNE ENROBES;2025-12-31;m02-f;558346.9;6717353.93;12;variation N/N-1 extrême
0454676810;GLADO;2025-12-31;m87-f;7984.55;19332.58;;630 absent
0454689082;KONSTRUKTIONS- und ZEICHENBURO;2025-12-31;m87-f;-2988.1;958.89;;630 absent
0454740156;DELMA;2025-12-31;m07-f;627.16;43407.6;;630 absent
0454773315;FABRISAC;2025-12-31;m01-f;-393;5647;;630 absent
0454793111;RACHA;2025-12-31;m87-f;469.77;54326.02;;630 absent
0454842205;SOBENOR;2025-12-31;m07-f;2101764.11;2939491.05;;"EBITDA dans la bande sans personnel déclaré; variation N/N-1 extrême"
0454859427;BERKHOUT CONCEPT;2025-12-31;m81-f;340999.11;3152249.27;;EBITDA dans la bande sans personnel déclaré
0454885359;1 homme pour 1 heure;2025-03-31;m87-f;8283.64;40314.04;;630 absent
0454894168;HIFI CAR CONCEPT;2024-12-31;m87-f;2074.15;249177.25;1;630 absent
0454934255;TEKER;2025-12-31;m82-f;-922197.04;30423148.1;4.2;variation N/N-1 extrême
0455005422;TOTAL CONCEPT;2025-06-30;m87-f;-797.38;7438.85;;630 absent
0455022842;N.X. - EXPRESS;2025-12-31;m87-f;11110;66243;0.8;630 absent
0455031255;PHUONG HOANG;2026-03-31;m87-f;1940.43;6483.19;;630 absent
0455039569;ANS NEON;2025-12-31;m87-f;14572.56;66762.59;;variation N/N-1 extrême
0455070253;RAERENER MARMORWERK;2025-12-31;m87-f;20485.94;220700.46;1;variation N/N-1 extrême
0455089455;TRANSLO;2025-12-31;m87-f;62358.58;267657.47;6.2;variation N/N-1 extrême
0455149140;PROLINEA;2025-06-30;m07-f;313725.96;401479.67;;"630 absent; EBITDA dans la bande sans personnel déclaré"
0455178735;SHAYAN;2025-12-31;m87-f;19462;122193;3.4;630 absent
0455192987;M.D.M.;2025-12-31;m82-f;321758.98;3717306.65;;EBITDA dans la bande sans personnel déclaré
0455317109;VANBATTEL ALAIN;2025-12-31;m07-f;-380.7;71853.18;;"630 absent; variation N/N-1 extrême"
0455317604;Avient Colorants Belgium;2025-12-31;m02-f;1441844.69;10942676.17;78.6;variation N/N-1 extrême
0455494479;ENERGIE 2030;2025-12-31;m07-f;-280617;11847621;;630 absent
0455495865;FERME DE SOLBECQ;2025-06-30;m87-f;-74870.18;194329.51;1;variation N/N-1 extrême
0455516651;PIRSON' IMPRIMERIE;2025-06-30;m87-f;18028.6;203260.77;;variation N/N-1 extrême
0455642652;TURBINECOREGUL-SIMCART;2025-12-31;m87-f;-13758.88;40347.98;;630 absent
0455694221;WELL PUMPS;2025-12-31;m02-f;442172.37;3767634.85;11;variation N/N-1 extrême
0455740246;D ART;2025-12-31;m87-a;14167;5976;;"630 absent; EBITDA > total du bilan"
0455980568;KASHKAN;2025-12-31;m87-f;1210.79;128098.04;;630 absent
0455994624;ARDENNE VOLAILLE;2025-09-30;m02-f;1223496.99;25698416.62;81.6;exercice de 18 mois
0456063316;AGRI-TRADACO INTERNATIONAL;2024-12-31;m07-f;-11576.24;683797.59;;630 absent
0456084793;EBENDECO;2025-12-31;m87-f;-336.18;38655.4;;630 absent
0456194958;FILPAP;2025-12-31;m87-f;2591.48;65620.18;;630 absent
0456325018;ETABLISSEMENTS GEIRNAERT;2025-06-30;m07-f;3884.69;10199.95;;630 absent
0456368469;ADOLFI PC;2025-12-31;m87-f;6230;25813;;"630 absent; variation N/N-1 extrême"
0456375595;OLIC-PRODUCTION;2025-12-31;m87-f;3178.14;2011.24;;"630 absent; EBITDA > total du bilan"
0456385790;BUYTAX;2024-12-31;m87-f;8150.06;20791.52;;"630 absent; variation N/N-1 extrême"
0456447653;DERENNE;2025-12-31;m87-f;23072.7;71676.32;;variation N/N-1 extrême
0456527728;V. PIERRE SA;2025-12-31;m07-f;1326.87;215912.23;;630 absent
0456585928;CASA HUMA;2025-12-31;m07-f;12252.47;113299.72;;variation N/N-1 extrême
0456637990;DUCHATEAU;2023-12-31;m87-f;-8111.61;27825.54;;"exercice ancien (2023-12-31); variation N/N-1 extrême"
0456759835;IMMOTIBEL;2025-06-30;m01-f;414755.19;2811440.97;;EBITDA dans la bande sans personnel déclaré
0456863070;IDRABEL;2025-03-31;m81-f;85651.02;589751.09;4.2;variation N/N-1 extrême
0456890487;KAUFFMAN CLEANING;2025-12-31;m01-f;-104423.14;1122611.48;7.5;variation N/N-1 extrême
0456937108;BRUSSELS ICE CREAM;2025-12-31;m01-f;71174.44;244524.95;0.5;variation N/N-1 extrême
0456985806;TRANSCALL;2025-12-31;m87-f;-755.4;94.68;;630 absent
0457182477;Melfi;2024-12-31;m87-f;14691.86;60989.12;;variation N/N-1 extrême
0457303728;DSB PRINT;2023-12-31;m81-f;-128975.34;272725.04;9.4;exercice ancien (2023-12-31)
0457315903;TWINTEC;2024-12-31;m02-f;743666.19;59209282.27;29;dépôt plus récent inexploitable (2025-00285857:404 [m120-f-p/Initial])
0457389345;Carrière du Danube;2025-12-31;m81-f;337039.61;11392480.49;0;EBITDA dans la bande sans personnel déclaré
0457398253;ECOBOIS SYSTEME;2025-12-31;m87-f;50009.49;1558241.03;;630 absent
0457459027;TRADE7;2024-12-31;m07-f;356467.18;1763299.59;;EBITDA dans la bande sans personnel déclaré
0457467044;CHAKROUN FRERES;2025-06-30;m87-f;-8190.92;38649.58;;630 absent
0457492283;ALCYON SECURITY;2025-12-31;m07-f;33946.89;20355.4;;EBITDA > total du bilan
0457536726;FAYMONVILLE Gerhard;2025-09-30;m07-f;21991.31;503965.04;;variation N/N-1 extrême
0457572655;SOMGO;2025-12-31;m87-f;-7225;50876;;variation N/N-1 extrême
0457599082;SECUR LIFE PROTECT;2025-12-31;m87-f;47803.42;177773.62;0.5;variation N/N-1 extrême
0457713009;Michel PREVOT;2025-12-31;m01-f;473085.05;3079492.75;;EBITDA dans la bande sans personnel déclaré
0457811690;W COMPANY;2024-12-31;m07-f;1726.83;50124.57;;630 absent
0457815749;ALT Metallic Solutions;2025-12-31;m81-f;77477.73;2655442.56;19.7;exercice de 6 mois
0457826439;EURO CLEAN & MAINTENANCE;2024-06-30;m87-f;27063.16;201359.92;1.8;630 absent
0457843562;MASSINISSA;2025-12-31;m87-f;20678.44;67468.52;0.1;variation N/N-1 extrême
0457861180;ARMEMENT QUIEVY;2023-12-31;m87-f;340342;133583.39;;"630 absent; exercice ancien (2023-12-31); EBITDA > total du bilan; EBITDA dans la bande sans personnel déclaré"
0457889884;NOI;2025-12-31;m87-f;-23510.15;10823.99;;"630 absent; variation N/N-1 extrême"
0457912254;STARGLASS BELGIUM;2025-12-31;m01-f;39.35;678847.46;1;630 absent
0457931654;ATELIER DE CONSTRUCTION DOHOGNE SYSTEM;2025-12-31;m01-f;106379.48;889580.3;4.6;variation N/N-1 extrême
0457965902;B.K.;2025-12-31;m87-f;-2508.08;51021.36;;"630 absent; variation N/N-1 extrême"
0457996584;C.D.L.C.;2024-12-31;m07-f;1145.11;13601.07;;630 absent
0458009353;TAXI KOKSAL;2025-12-31;m87-f;1794.92;18333.14;;630 absent
0458019944;HOLZHOF;2025-12-31;m07-f;2001.55;238137.72;;630 absent
0458020142;BELGIUM SAYARATE;2025-12-31;m07-f;-2327.36;27833.33;0.5;630 absent
0458077550;Le p'tit bon air glacé;2025-12-31;m07-f;5484.95;16597.39;;630 absent
0458131196;SABATAX;2025-12-31;m87-f;-373.31;64147.55;;630 absent
0458171283;GUARAN;2025-12-31;m07-f;352992.11;1720412.71;;EBITDA dans la bande sans personnel déclaré
0458179104;COMIANT AND MICHOTTE TECHNOLOGY;2025-12-31;m07-f;-11559.59;82096.73;;630 absent
0458181082;Alexopold;2025-12-31;m07-f;-1649.73;280.9;;630 absent
0458256704;A. V. PLASTICS ENGINEERING BELGIUM;2025-06-30;m07-f;-30015;1949.19;;630 absent
0458410617;Ateliers d'Art JM. PIROTTE;2025-12-31;m01-f;12812.49;94796.07;1;variation N/N-1 extrême
0458448922;GEDI Rostschutz Belgien;2025-06-30;m07-f;87845.97;177734.58;3.5;variation N/N-1 extrême
0458481584;SALVA - TRANS;2023-12-31;m87-f;17611.76;121189.18;;exercice ancien (2023-12-31)
0458498709;ECO TRANSPORTS;2023-12-31;m87-f;-46995.99;9647.87;;"630 absent; exercice ancien (2023-12-31)"
0458652127;DUCADOUR;2025-12-31;m01-f;1222380;14465691;;EBITDA dans la bande sans personnel déclaré
0458736853;PARABOLIC BIOLOGICALS;2025-12-31;m87-f;91739.36;132668.84;;"630 absent; variation N/N-1 extrême"
0458789214;ATHENA DIDACT;2025-12-31;m07-f;16569.62;40449.39;;variation N/N-1 extrême
0458850085;K.B.S.;2025-12-31;m87-f;304571.97;1140419.36;10.3;variation N/N-1 extrême
0458858203;GABRIEL TECHNOLOGIE;2025-12-31;m02-f;-21510917.53;22799282.09;46.3;variation N/N-1 extrême
0458959557;ART-METAL;2025-06-30;m87-f;6329.69;465211.06;3.8;variation N/N-1 extrême
0459013896;ATELIER VACHON - FRANCE;2025-12-31;m01-f;474624.81;863858.17;4.2;variation N/N-1 extrême
0459032407;NEW WAVE SERVICES;2025-12-31;m87-f;5241.29;46773.36;;630 absent
0459113371;MARBRERIE FARRUGGIO;2024-03-31;m81-f;-37928.9;327468.07;6.3;variation N/N-1 extrême
0459293812;MENUISERIE SCHYNS G.;2025-12-31;m87-f;9242.89;180104.29;1.9;variation N/N-1 extrême
0459297671;PMV CONCEPT;2025-12-31;m87-f;5825;21630;;variation N/N-1 extrême
0459344290;NordiTube Technologies;2023-12-31;m02-f;-372430.54;2445566.76;33.5;"exercice ancien (2023-12-31); exercice de 21 mois; dépôt plus récent inexploitable (2026-00300236:404 [m01-f-p/Initial], 2025-00480090:404 [m02-f-p/Correction], 2025-00334456:404 [m02-f-p/Initial])"
0459399522;LHOIST;2025-12-31;m02-f;147135211.96;2133810682.48;107;"variation N/N-1 extrême; dépôt plus récent inexploitable (2026-00370813:404 [m120-f-p/Initial])"
0459486228;OMNI CONSUMER MEAT PRODUCTS;2026-03-31;m81-f;148547.92;2682141.39;15.5;630 absent
0459525820;GMAT;2024-12-31;m87-f;-652.44;12531.06;;630 absent
0459672013;MAX RENTAL;2025-12-31;m01-f;8017337.89;19701152.92;;EBITDA dans la bande sans personnel déclaré
0459685869;ILLUDESIGN;2025-12-31;m82-f;1137368.81;7930216.46;41.5;exercice de 21 mois
0459843346;ALIZÉ;2025-12-31;m81-f;558734.29;2093877.07;11.9;exercice de 18 mois
0459853343;EDF BELGIUM;2025-12-31;m02-f;22492909.7;1956201254.46;;"EBITDA dans la bande sans personnel déclaré; dépôt plus récent inexploitable (2026-00250221:404 [m121-f-p/Initial])"
0459863736;DENDRE TRANSPORTS;2025-12-31;m07-f;-334.73;279385.27;;630 absent
0459892836;SAFAA;2025-12-31;m87-f;3796.12;35284.57;;variation N/N-1 extrême
0459940148;BETON FRAGAPANE;2025-12-31;m81-f;-32749.53;1074415.57;8;variation N/N-1 extrême
0459999437;STRATICONFORT;2026-06-30;m87-f;-4085.66;86746.34;;630 absent
0460023686;YARON;2025-12-31;m07-f;20862.77;155008.2;;630 absent
0460122864;NONNA;2024-12-31;m01-f;2021072.63;11323806.65;57.2;dépôt plus récent inexploitable (2026-00379780:404 [m02-f-p/Initial])
0460178094;LE COIN GOURMAND;2025-12-31;m01-f;334667.37;6120631.22;;EBITDA dans la bande sans personnel déclaré
0460194526;FONDERIE ET MECANIQUE DE LA SAMBRE;2023-12-31;m01-f;136445.05;2532785.49;26.2;exercice ancien (2023-12-31)
0460333492;CARSID;2025-09-30;m02-f;984120.58;8046848.81;8;variation N/N-1 extrême
0460399216;SOLUTIONS INFORMATIQUES EN AUTOMATION, BUREAUTIQUE ET TELECOMMUNICATIONS;2025-12-31;m87-f;12364.83;132115.63;;variation N/N-1 extrême
0460507203;TANT QU'IL Y AURA DES ANGES;2025-12-31;m87-f;1535.59;145985.83;;"630 absent; variation N/N-1 extrême"
0460578863;FIRAT;2025-12-31;m81-f;39148.6;132809.68;1;630 absent
0460592523;GLOBAL SERVICES;2025-12-31;m02-f;41850.39;2076388.39;66.2;630 absent
0460680813;GAMMA-WOPLA;2025-12-31;m02-f;5371601.86;37147957.52;71;dépôt plus récent inexploitable (2026-00523323:404 [m120-f-p/Initial])
0460741684;OLL SERVICES;2024-12-31;m01-f;14744.16;285130.06;1;630 absent
0460759403;Maximo;2025-12-31;m87-f;72854.44;1892630.47;;variation N/N-1 extrême
0460798795;European Medical Solutions;2025-12-31;m02-f;-113295;46739656;;630 absent
0460825818;PLANT SUN;2025-12-31;m87-f;-1718.36;784.28;0.5;630 absent
0460852443;TERRE EAU CIEL;2025-12-31;m87-f;877.54;19764.71;;630 absent
0460901042;OROBEL;2025-12-31;m81-f;915425.39;2151951.69;5.5;variation N/N-1 extrême
0460959341;FLASH DELIVERY;2025-12-31;m87-f;-2841.09;135534.34;;630 absent
0461000913;3DID;2025-12-31;m87-f;25082.82;51227.48;;variation N/N-1 extrême
0461005861;AMON LACA;2025-09-30;m87-f;5521.46;9599.79;;630 absent
0461108207;TAWFIK;2025-12-31;m01-f;;;;"9901 absent; 630 absent"
0461115135;QU - ART;2025-12-31;m87-f;-5579.49;12665.06;;630 absent
0461194517;L.V. METAL;2025-12-31;m87-f;19980.8;101940.53;;variation N/N-1 extrême
0461207383;ESRA;2025-12-31;m87-f;13309.67;46716.03;1.6;"630 absent; variation N/N-1 extrême"
0461364464;FERME AVICOLE DE LONGUEVILLE;2025-12-31;m07-f;1412007.42;1642138.84;0.7;variation N/N-1 extrême
0461389012;KIKITRANS;2025-12-31;m87-f;-19456.16;438258.78;;630 absent
0461441668;DISTILLERIE LAMBICOOL;2023-03-31;m07-f;-71263.8;3265429.03;;"exercice ancien (2023-03-31); variation N/N-1 extrême"
0461441866;P and A STEEL;2023-12-31;m07-f;-129785;72747;3.1;exercice ancien (2023-12-31)
0461464038;ROGER & ROGER;2023-12-31;m02-f;24966237.22;117889838.03;348;exercice ancien (2023-12-31)
0461502640;ACB Invest;2025-11-30;m87-f;16104.88;38470.11;;630 absent
0461508578;VAN DAMME DESCHAMPS et Fils  ((VANDAMME DESCHAMPS et FILS));2024-12-31;m01-f;541673.67;3391182.03;;EBITDA dans la bande sans personnel déclaré
0461522139;METANECOT;2025-09-30;m07-f;-65184.07;1897.18;;variation N/N-1 extrême
0461551338;OPTIMAL DESIGN;2025-12-30;m87-f;-6844.86;10556.68;;630 absent
0461555197;VTK TEX;2025-12-31;m87-f;-105755.17;522434.9;;variation N/N-1 extrême
0461648833;ALLIANCE DU SAVOIR-FAIRE ET LOGISTIQUE;2023-12-31;m07-f;-854;196492;;"630 absent; exercice ancien (2023-12-31)"
0461804726;H.V.T.;2025-12-31;m07-f;-18412.31;1690468.39;;630 absent
0461862629;TAXI CITY;2024-12-31;m81-f;31192.5;600772.89;7.3;630 absent
0461952897;A AUTO - RENT BELGIUM;2025-09-30;m81-f;-7818.63;1425206.42;;630 absent
0461965864;MOTRONICS;2025-12-31;m81-f;585538.34;3127731.22;;EBITDA dans la bande sans personnel déclaré
0462034457;SCARLET DESIGN;2025-12-31;m87-f;2588.39;63772.63;;variation N/N-1 extrême
0462081472;OZPEN;2024-12-31;m07-f;22279.28;201219.04;;630 absent
0462103545;societe de gestion industrielle;2025-12-31;m81-f;-47176;213776;1;variation N/N-1 extrême
0462164220;J.T. Siège;2025-12-31;m87-f;6424;32115;;630 absent
0462164319;Interventions Strategiques et Opérationelles;2025-12-31;m87-f;-16055.13;48017.72;;630 absent
0462229645;Prothya Biosolutions Belgium;2026-03-31;m82-f;15458452.19;134385848.48;349;"exercice de 15 mois; dépôt plus récent inexploitable (2026-00279953:404 [m120-f-p/Initial])"
0462296159;1 LOGISTICS EUROPE;2025-12-31;m87-f;-2066.73;33604.95;;630 absent
0462315064;VITRERIE COUARD;2025-12-31;m07-f;327003.11;844041.18;;EBITDA dans la bande sans personnel déclaré
0462327239;BALFROID CONSTRUCTIONS;2023-12-31;m87-f;63558.35;801827.37;;"exercice ancien (2023-12-31); variation N/N-1 extrême"
0462328823;BEPILION;2025-12-31;m87-f;10177.47;275883.13;;630 absent
0462387518;ATELIERS BELLUZZO;2025-12-31;m81-f;139285.81;286319.09;3;variation N/N-1 extrême
0462417905;MSP Bois Engineering;2025-12-31;m01-f;1851623.63;7978589.62;8.6;variation N/N-1 extrême
0462527672;SEPT GRAPHIC DESIGN;2025-12-31;m07-f;-10187.71;28222.96;;"630 absent; variation N/N-1 extrême"
0462588941;JB VARIATION;2025-12-31;m07-f;3324.65;8413.52;;630 absent
0462606064;COUQUES V. COLLARD 1774;2025-12-31;m87-f;3108.17;42606.15;0;630 absent
0462662185;PRO AGRI BELGIUM;2025-12-31;m81-f;98431;8776477;;exercice de 10 mois
0462674162;MAINTENANCE TUYAUTERIE SERVICE;2025-12-31;m87-f;-16010.7;386864.01;4;variation N/N-1 extrême
0462777201;TRANSPORT MULTIMODAL DE CHARLEROI;2025-09-30;m01-f;2136.95;1110945.31;18.4;630 absent
0462779278;LO SARDO  & FILS;2025-12-31;m81-f;11492.82;97614.76;1;630 absent
0462819068;LUC BURY;2025-12-31;m01-f;58419.21;444952.71;2.2;variation N/N-1 extrême
0462837874;PROMO DIRECT;2025-12-31;m01-f;577507.71;3700276.12;;EBITDA dans la bande sans personnel déclaré
0462844309;ART ON THE MOVE;2025-12-31;m87-f;-211197.87;374074.2;;variation N/N-1 extrême
0462947544;ADAR;2024-12-31;m87-f;25490.01;237767.83;;630 absent
0462954571;DOT;2025-12-31;m87-f;19768.13;53237.27;;630 absent
0462976446;R.C.C.;2025-12-31;m07-f;20532.91;254307.85;;630 absent
0463015741;TECAME BELGIUM;2025-06-30;m81-f;45628.64;127732.01;;variation N/N-1 extrême
0463125114;GOLDEN TAX;2025-12-31;m87-f;694.74;53456.05;;630 absent
0463171535;AGRARIUS;2025-12-31;m01-f;189342.86;2078026.65;1.1;variation N/N-1 extrême
0463273879;Transports Baneux;2025-12-31;m07-f;442035.82;729513.87;10.6;variation N/N-1 extrême
0463277839;ACENTO;2025-12-31;m07-f;17535.37;151622.32;;630 absent
0463367218;STOOF;2025-12-31;m87-f;5629.92;12980.22;;630 absent
0463603085;ATELIER STORES;2024-12-31;m01-f;-32778.08;302649.43;;"630 absent; variation N/N-1 extrême"
0463623970;PHILPRINT;2025-12-31;m07-f;;31798.96;;"9901 absent; 630 absent"
0463640994;WEIMAT PRECISION;2025-06-30;m01-f;12703.16;509017.79;;630 absent
0463705530;SYNSOUND;2025-12-31;m07-f;78288.85;320942.73;0.5;variation N/N-1 extrême
0463705629;EDITIONS MUSICALES UNCLE DAN'S;2026-03-31;m87-f;-4054.79;1317.95;;630 absent
0463764819;Gré á Gré;2024-12-31;m87-f;54698.13;18797.49;;EBITDA > total du bilan
0463783031;SECUFIRE;2025-12-31;m81-f;45440.67;42830.1;;EBITDA > total du bilan
0463823118;J.M.O. SERVICES;2025-12-31;m81-f;153629.6;194538.43;;"630 absent; variation N/N-1 extrême"
0463866569;BC-BETON;2025-12-31;m81-f;1043361.26;5705127.27;12.3;variation N/N-1 extrême
0463949119;PRO CONCEPT;2025-12-31;m87-f;1853.76;302.61;;"630 absent; EBITDA > total du bilan"
0463998015;D.G. DISTRIBUTION;2025-12-31;m07-f;-2022.54;64413.89;;variation N/N-1 extrême
0464001577;MVA FIRE DESIGN;2025-12-31;m87-f;12957.34;22877.65;;variation N/N-1 extrême
0464024046;ANTOING RECYCLAGE BETONS;2025-12-31;m01-f;38013.77;157829.69;;630 absent
0464039684;SERVICE PARTS FOR AUTOMATIVE;2024-12-31;m07-f;-5721.17;1468869.55;;630 absent
0464111049;BOOMERANG L ET A;2024-12-31;m07-f;1043.92;6817.65;;630 absent
0464242988;TRANSMOTQUIN;2023-12-31;m87-f;59423;116779;;exercice ancien (2023-12-31)
0464252886;900DPI;2025-12-31;m87-f;-37941.81;28060.63;2.5;630 absent
0464263675;BURHAGRI;2025-12-31;m87-f;3983.12;244235.68;;630 absent
0464424518;M.C.C. TRADE;2025-12-31;m07-f;1089;115783;;630 absent
0464468266;PEGAMO V;2025-12-31;m81-f;494009.11;20058641.55;;EBITDA dans la bande sans personnel déclaré
0464553982;G.F.M. SERVICES;2025-12-31;m81-f;16877.48;129218.05;;630 absent
0464634453;TAXI AIRPORT ZAVENTEM;2024-12-31;m87-f;637.79;38342.07;;630 absent
0464677213;EURODIS;2025-12-31;m87-f;1221.97;10095.43;;630 absent
0464694039;TRUCK & TRAILER RENTING;2025-12-31;m01-f;11566754.06;45738852.12;;EBITDA dans la bande sans personnel déclaré
0464712647;CLINIQUE DU MEUBLE;2025-12-31;m07-f;8919.86;3443.69;;"630 absent; EBITDA > total du bilan"
0464732542;ATEL*MECA BELGIUM;2025-12-31;m07-f;;1;;"9901 absent; 630 absent"
0464784903;NEW START;2025-12-31;m87-f;-1138.2;44653.42;;630 absent
0464786485;GALEPHAR M/F;2025-12-31;m02-f;4952777;21586057;38.8;variation N/N-1 extrême
0464793019;MUS'ARTE;2025-12-31;m87-f;30232.43;86454.61;;"630 absent; variation N/N-1 extrême"
0464849239;Mouse Power;2025-12-31;m87-f;-3941.71;363;;630 absent
0465077683;Schreinerei Gangolf;2024-12-31;m87-f;-4210.94;461193.52;;630 absent
0465127074;FLABEL CORPORATION;2025-12-31;m02-f;3443567.5;76116283.61;;EBITDA dans la bande sans personnel déclaré
0465223777;GAP EUROPE;2024-12-31;m87-f;-116713.87;327288.03;;630 absent
0465281284;OZ GROUP;2025-12-31;m07-f;37612.92;299118.61;;630 absent
0465352055;STEIN KREATIV;2025-12-31;m01-f;32524.81;362721.94;;630 absent
0465353441;TRANSP'OSE;2025-12-31;m87-f;-9835.22;344012.45;;variation N/N-1 extrême
0465391350;Soudden;2023-12-31;m07-f;40847.23;280150.53;;"exercice ancien (2023-12-31); variation N/N-1 extrême"
0465399763;ELECTRABEL GREEN PROJECTS FLANDERS;2025-12-31;m02-f;1715314.3;18629714.06;;EBITDA dans la bande sans personnel déclaré
0465432328;AGM CONCEPT;2023-12-31;m87-f;25021.58;94922.52;;"exercice ancien (2023-12-31); variation N/N-1 extrême"
0465441434;GERPIMETAL;2025-12-31;m87-f;49815.35;114145.25;2;variation N/N-1 extrême
0465519628;TAXI ESPACE;2025-12-31;m87-f;217.55;67957.16;;"630 absent; variation N/N-1 extrême"
0465566643;IVATRA;2024-12-31;m87-f;31013.63;72468.52;;variation N/N-1 extrême
0465585647;ETABLISSEMENTS JEAN MEYER.;2025-12-31;m07-f;3753.19;90830.54;;630 absent
0465586439;SIMPAUL;2025-12-31;m87-f;-20288.87;22461.9;;variation N/N-1 extrême
0465607126;T & C CORPORATE;2024-09-30;m01-a;530.03;554.71;;630 absent
0465666613;S.E.A.M. -D;2024-12-31;m87-f;-10777.05;11671.76;;630 absent
0465685221;A.C.S.V. ORTHOTEC;2025-12-31;m87-f;522048.93;3662447.05;;EBITDA dans la bande sans personnel déclaré
0465697295;BASSANI;2023-12-31;m81-f;-543830.88;1443806.04;21.5;exercice ancien (2023-12-31)
0465740946;CHAINON MANQUANT;2025-12-31;m87-f;6191;111;;"630 absent; EBITDA > total du bilan; variation N/N-1 extrême"
0465935738;Novo Nordisk Production Belgium SA;2025-12-31;m02-f;25248721.02;153475766.48;587.2;"exercice de 18 mois; variation N/N-1 extrême"
0465954148;CARO FERNELMONT;2025-09-30;m81-f;2190887.84;9653361.06;;EBITDA dans la bande sans personnel déclaré
0466002351;DONCHE;2025-12-31;m87-f;26844.33;30447.43;;630 absent
0466049564;MEDIXBEL;2025-12-31;m01-f;-35760;950581.74;;630 absent
0466118553;TRAFIC;2026-03-31;m07-f;-349.47;34006.06;;630 absent
0466135775;BELAGRI;2025-12-31;m87-f;299132.5;811284.45;;variation N/N-1 extrême
0466169132;I.B.V. & Cie;2025-12-31;m02-f;29970134.26;305737582.52;263.8;variation N/N-1 extrême
0466180614;WALBRECQ ET CIE;2025-12-31;m87-f;30420.08;91968.55;;variation N/N-1 extrême
0466203180;L'EMERAUDE;2025-12-31;m81-a;2868;23421;;630 absent
0466208427;CLUYTEN;2025-12-31;m87-f;255873.41;705837.76;;variation N/N-1 extrême
0466314434;P.L. DISTRIBUTION;2025-12-31;m07-f;-2853;226424;;630 absent
0466368971;Emballages Mousset;2023-12-31;m01-f;-5235.3;34897.11;;"630 absent; exercice ancien (2023-12-31)"
0466481314;FONTANA IDENTITY AND DESIGN;2025-03-31;m87-f;14096.15;367882.18;1.2;exercice de 15 mois
0466498734;LE FLEURUSIEN;2025-12-31;m07-f;66289.83;239828.12;10;variation N/N-1 extrême
0466540207;ALAIN VAN KERCKHOVEN EDITEUR;2025-12-31;m07-f;-1222.64;38558.3;;630 absent
0466620577;CIPAPI;2025-01-31;m02-f;1188436.55;7935817.85;50;dépôt plus récent inexploitable (2026-00419868:404 [m02-f-p/Initial])
0466646313;SHANT LABORATORIES BELGIUM;2025-12-31;m07-f;-36765.45;1057062.69;0.5;variation N/N-1 extrême
0466650964;TWINS IMMO;2025-12-31;m01-f;-232265.5;1586862.3;;variation N/N-1 extrême
0466700553;INPACO INDUSTRIE;2025-12-31;m01-f;65651.24;240707.1;3;variation N/N-1 extrême
0466740937;IMD;2024-12-31;m87-f;-195;38.99;;630 absent
0466767958;LA FILIERE BOIS;2025-12-31;m81-f;-159603.07;701040.91;;variation N/N-1 extrême
0466812104;W. FASHION 2000;2025-12-31;m81-f;-2503.55;60035.62;0;630 absent
0466813884;TotalEnergies Petrochemicals Ecaussinnes;2025-12-31;m02-f;3850181.39;43555026.92;;EBITDA dans la bande sans personnel déclaré
0466834274;SCAILLET;2024-12-31;m07-f;1952;10592;;630 absent
0466848132;MODIFROID;2024-12-31;m87-f;50236.99;870431.38;4.1;variation N/N-1 extrême
0466897622;CINARLI;2023-06-30;m81-f;234765.5;798645.05;17.2;exercice ancien (2023-06-30)
0466900293;FINE FOOD CATERING;2025-12-31;m07-f;-6000.96;18760.23;;630 absent
0466927910;DERSIM;2025-12-31;m07-f;3720.9;16058.9;;630 absent
0466976806;PEGAMO III;2025-12-31;m81-f;2508510.94;16978847.41;;EBITDA dans la bande sans personnel déclaré
0467063413;R&F CONSTRUCT;2024-12-31;m87-f;40720.12;60742.92;2.2;variation N/N-1 extrême
0467090335;PLAT'HOME;2025-12-31;m07-f;515061.72;3802100.09;;EBITDA dans la bande sans personnel déclaré
0467151703;Kelvin & Watts Engineering;2025-12-31;m87-f;104358.7;185459.61;;"630 absent; variation N/N-1 extrême"
0467181593;F Real Estate;2025-03-31;m01-f;936514.8;14787983.05;3.5;variation N/N-1 extrême
0467186939;TRANS-TOURNAI;2025-08-31;m07-f;-203.48;151099.04;;630 absent
0467187137;TRANS-LEUZOISE;2025-08-31;m07-f;-203.48;153701.38;;630 absent
0467187929;TRANS-CHAPELLE;2025-08-31;m07-f;-203.48;175335.44;;630 absent
0467237221;RENOV'ARGOR;2023-12-31;m07-f;-17251.78;67028.91;;exercice ancien (2023-12-31)
0467276516;VANHEEDE ENVIRONMENT GROUP;2025-12-31;m02-f;9679359.8;113093269.68;9400;dépôt plus récent inexploitable (2026-00494144:404 [m120-f-p/Initial])
0467595428;BADREPAR;2023-12-31;m81-f;-78646.69;431769.93;3.5;exercice ancien (2023-12-31)
0467626607;BD CONSULT;2025-12-31;m87-f;1728.06;8838.77;;630 absent
0467672236;TRAVELTAXI;2025-12-31;m07-f;104700.23;318319.2;15.7;variation N/N-1 extrême
0468158622;COSMIX;2025-06-30;m87-f;450.02;3486.73;;630 absent
0468313030;ENTREPRISE MATRI;2025-12-31;m01-a;-587.43;3197.03;;630 absent
0468377861;MD VERRE;2025-06-30;m02-f;2176902.36;40597336.16;257.9;exercice de 6 mois
0468455857;GERDAY TRANSPORT;2025-12-31;m81-f;424380.62;1397713.22;16;variation N/N-1 extrême
0468475455;L'OREAL LIBRAMONT;2022-12-31;m02-f;19474853.87;102734187.42;390.2;"exercice ancien (2022-12-31); dépôt plus récent inexploitable (2026-00158244:404 [m02-f-p/Initial], 2025-00227745:404 [m02-f-p/Initial], 2024-00131519:404 [m02-f-p/Initial])"
0468573445;APLIGEER;2024-12-31;m82-f;1329698.77;8274662.74;9.9;dépôt plus récent inexploitable (2026-00238015:404 [m82-f-p/Initial])
0468638276;DUC DE PRASLIN BELGIUM;2023-12-31;m87-f;43926.82;597407.18;;exercice ancien (2023-12-31)
0468667475;VRANCKEN;2025-12-31;m87-f;-1878.74;71509.16;;630 absent
0470365866;REFAT-ELECTRIC;2025-12-31;m87-f;12008.87;115821.24;;630 absent
0471239064;MERISANT EUROPE;2025-12-31;m81-f;65972;1118982;;630 absent
0471287861;Waterschoot Produits Importés et Transports Internationaux;2024-06-30;m07-f;-6307;8640;;630 absent
0471399016;NEW ART CADRE;2025-12-31;m87-f;-1727;28030;;630 absent
0471419307;IMMO-TROC;2025-12-31;m87-f;13572.05;17734.83;;630 absent
0471597865;LESTCO;2025-12-31;m07-f;425280.87;12809085.29;;EBITDA dans la bande sans personnel déclaré
0471620829;JustNCE;2025-12-31;m87-f;77876.41;692138.25;3.1;variation N/N-1 extrême
0471626767;ARDOISIERS GAUMAIS REUNIS TOITURES;2025-12-31;m87-f;13290;19669;;630 absent
0471706545;RauwTec;2025-06-30;m81-f;216973;2042244;3.8;variation N/N-1 extrême
0471737526;OPmobility C-Power Belgium Research;2023-12-31;m02-f;62378335;236432758;21;"exercice ancien (2023-12-31); dépôt plus récent inexploitable (2026-00524626:404 [m02-f-p/Initial], 2025-00522858:404 [m02-f-p/Initial])"
0471747127;AGRI - FAGNE;2025-03-31;m07-f;49277.51;685898.59;;630 absent
0471760686;TEXTIGRAPH 2000;2024-12-31;m87-f;793.76;6943.7;;630 absent
0471760983;Laser Steel;2025-12-31;m87-f;-2498.04;517.91;;"630 absent; variation N/N-1 extrême"
0471837989;AURA;2024-12-31;m07-f;2041;175827;;630 absent
0471845414;ASTRE;2025-12-31;m87-f;253565.85;1216711.44;;"630 absent; variation N/N-1 extrême"
0471875504;TRANSPORTS VELTER;2025-12-31;m87-f;23179.37;99263.61;;variation N/N-1 extrême
0471878967;E-logservice;2025-12-31;m81-f;53494.09;323874.54;2.3;variation N/N-1 extrême
0471918955;TRANSPORT DANIEL SEMAL;2025-12-31;m87-f;;249000;;"9901 absent; 630 absent"
0471940632;ISACO;2025-12-31;m07-f;;64928.04;;"9901 absent; 630 absent"
0471971910;TRANSTERMINAL LOGISTICS;2025-12-31;m01-f;-1986.47;11086.68;;630 absent
0472013480;Mobile Advanced Technology;2025-06-30;m81-f;7274.94;725798.83;;630 absent
0472035949;SKEDIA;2025-06-30;m87-f;-143215.24;346555.28;3.8;variation N/N-1 extrême
0472037434;SOCIETE GENERALE DE TUYAUTERIE;2025-12-31;m81-f;288896.14;1010239.42;8.6;variation N/N-1 extrême
0472039018;ECET;2024-12-31;m81-f;-139672.78;35894.13;0.4;variation N/N-1 extrême
0472065940;ATELIER DE TECHNOLOGIE ET DEVELOPPEMENT;2025-03-31;m87-f;29968.78;145281.74;1;variation N/N-1 extrême
0472168680;RECY - TRI;2025-12-31;m87-f;-1365.93;17859.66;;630 absent
0472174026;BETONS BATIMENTS ET MANUTENTION;2025-12-31;m02-f;33389.25;640816.89;;630 absent
0472174917;COPEL NEON;2025-09-30;m01-f;14330.98;618227.08;10.8;630 absent
0472183825;WEPKA;2025-12-31;m87-f;33546.81;50913.01;;variation N/N-1 extrême
0472286268;THIEBAUT ET CIE;2025-12-31;m07-f;-37091.66;157756.89;;variation N/N-1 extrême
0472371291;A ABC DE LA SERRURE DU GLOBE;2025-12-31;m87-f;-8230.46;10981.47;;630 absent
0472516692;BELVAS;2024-12-31;m02-f;1076838.04;15706817.09;34.2;variation N/N-1 extrême
0472610229;BUYSSE & CO;2025-12-31;m01-f;616565.47;2473102.14;20.5;variation N/N-1 extrême
0472686740;SoftWhere;2025-12-31;m87-f;-1737.43;105.01;;"630 absent; variation N/N-1 extrême"
0472731082;ATELIER LOISEAU;2025-12-31;m07-f;-2293.42;336398.38;;630 absent
0472801358;ACCOFISC BASTIAENS;2024-12-31;m07-f;28183.28;505987.93;1;variation N/N-1 extrême
0472824916;MAZ.OK;2025-12-31;m87-f;4511.94;9851.21;;variation N/N-1 extrême
0472845603;MOLOKO;2025-12-31;m07-f;-2329.31;3406.51;;variation N/N-1 extrême
0472986648;INTERNATIONAL CLINICAL COURIER & SERVICES;2025-12-31;m87-f;9035.72;3581.59;;EBITDA > total du bilan
0472997635;MEDIA-2001 COMMUNICATION & NETWORKS;2025-12-31;m87-f;9864.77;87481.45;;630 absent
0473051182;CHOCOLATERIE GAUDINO;2025-12-31;m87-f;11414.85;125302.01;;630 absent
0473089685;HOEL TRANSPORTS;2025-12-31;m87-f;-11523.73;39667.77;2;630 absent
0473093546;VIROMA;2025-12-31;m87-f;-21237.92;122867.31;1;630 absent
0473125616;POLYPRAXIS;2025-03-31;m07-f;1263.2;27931.09;;variation N/N-1 extrême
0473162832;ARTHABILIS;2025-12-31;m87-f;18914.73;59029.69;;variation N/N-1 extrême
0473387318;BODART & ASSOCIES;2024-12-31;m87-f;5444.23;10784.2;;variation N/N-1 extrême
0473406718;KSB Service Belgium;2025-12-31;m01-f;-300760.24;1583954.55;21.9;variation N/N-1 extrême
0473430967;P2N;2025-12-31;m81-f;150937;4427388;;variation N/N-1 extrême
0473473331;EURO BELGIUM SERVICES;2025-12-31;m87-f;32114.71;909643.8;;variation N/N-1 extrême
0473532125;de FONVENT SRL;2025-12-31;m07-f;1512.19;13187.75;;630 absent
0473545090;VALADIS;2025-12-31;m02-f;627186.85;20851952.77;39.5;exercice de 18 mois
0473591216;MY MODE AUTO YUCE;2024-12-31;m87-f;24225.76;65472.86;;630 absent
0473613485;IMPRIMERIE BIETLOT;2023-12-31;m02-f;-265961.18;8331974.76;33.5;exercice ancien (2023-12-31)
0473699203;Winamp Group;2025-12-31;m02-f;-1103904.59;33899350.04;;dépôt plus récent inexploitable (2026-00287284:404 [m120-f-p/Initial])
0473707715;ETABLISSEMENTS GERARDS;2025-12-31;m87-f;73307;1349.97;0.3;EBITDA > total du bilan
0473733845;IGDIR EXPORT;2023-12-31;m87-f;8657;29905;;exercice ancien (2023-12-31)
0473768685;COSELOG;2025-12-31;m02-f;2395956.01;137134526.49;186;dépôt plus récent inexploitable (2026-00530682:404 [m122-f-p/Correction], 2026-00329986:404 [m122-f-p/Initial])
0473860143;ENTREPRISES R. MOREAU;2023-12-31;m87-f;103969;647451;;exercice ancien (2023-12-31)
0473981788;P.C.B. ELECTRONICS;2025-12-31;m07-f;-65.7;63.48;;630 absent
0474030981;SYLVAMO EUROPE;2022-12-31;m82-f;3852117;164647099;15.3;"exercice ancien (2022-12-31); dépôt plus récent inexploitable (2026-00331043:404 [m82-f-p/Initial], 2025-00293027:404 [m82-f-p/Initial], 2024-00467756:404 [m82-f-p/Initial])"
0474087302;DAG-TOURS;2024-12-31;m87-f;424327.74;2448247.76;;EBITDA dans la bande sans personnel déclaré
0474093042;CANALSIGN;2025-09-30;m07-f;-5684.69;76667.89;;630 absent
0474139859;B.R. TRANSPORTS;2025-09-30;m81-f;-7630.01;856103.77;;630 absent
0474142235;AERO-TRANSPORT;2025-12-31;m87-f;-24061.64;55484.71;2.6;630 absent
0474207759;MenE;2025-12-31;m87-f;-2249.73;50218.32;;630 absent
0474339007;URGO;2025-12-31;m02-f;736426.56;17101367.57;27.9;variation N/N-1 extrême
0474374738;ATLANTIS VIDEO & MULTIMEDIA COMMUNICATION;2025-06-30;m07-f;;34642.84;;"9901 absent; 630 absent"
0474386715;FERRONNERIE DU TILLEUL;2025-12-31;m87-f;380765;2370685;;EBITDA dans la bande sans personnel déclaré
0474571807;PARFAIT A LIGNE;2025-12-31;m87-f;-40341.16;228704.02;;630 absent
0474617832;COLLEYE IMMOBILIERE;2025-03-31;m87-f;11245.71;618633.05;;630 absent
0474640103;ATLANTIS CHAUFFEUR;2025-03-31;m87-f;-2870;28763;;630 absent
0474651682;RODESCO;2025-12-31;m01-f;413115;1473039;;EBITDA dans la bande sans personnel déclaré
0474685633;EUROPA LIMOUSINES;2025-12-31;m87-f;10232.39;22963.37;;variation N/N-1 extrême
0474713347;ROUSSEAU SERVICE;2025-12-31;m07-f;508464.63;1636105.67;;EBITDA dans la bande sans personnel déclaré
0474787482;L'OR DANAE;2025-12-31;m87-f;1362.39;32038.94;;630 absent
0474922193;A-Z GRAVURES;2025-12-31;m87-f;4196;66054;;variation N/N-1 extrême
0474963666;COMPOSITE SYSTEMS;2025-06-30;m07-f;-7734.56;27165.89;;630 absent
0475007218;ETABLISSEMENTS BASTIN A.;2024-12-31;m01-f;-11510.93;511647.42;;variation N/N-1 extrême
0475012760;ENECO WIND BELGIUM;2025-03-31;m02-f;6705307.67;510624658.32;46.7;variation N/N-1 extrême
0475066408;TotalEnergies Gas & Power Western Europe;2025-12-31;m02-f;-11707.9;48311581.41;;630 absent
0475127378;TI GROUP AUTOMOTIVE SYSTEMS (BELGIUM);2025-12-31;m02-f;-7880431.68;146616685.51;373;dépôt plus récent inexploitable (2026-00224787:404 [m121-f-p/Initial])
0475197357;TECHNICAL AIRBORNE COMPONENTS INDUSTRIES;2023-12-31;m82-f;3736817.12;81104891.57;162;"exercice ancien (2023-12-31); dépôt plus récent inexploitable (2026-00153708:404 [m82-f-p/Initial], 2025-00232627:404 [m82-f-p/Initial])"
0475249817;PORTALON;2025-12-31;m87-f;-7091.87;12899.96;;630 absent
0475286934;EURASPHALTE;2025-04-30;m01-f;423243;4697703;;EBITDA dans la bande sans personnel déclaré
0475335533;PIA;2024-12-31;m07-f;139452.94;6543494.75;;630 absent
0475403532;BOUSAMIR;2025-12-31;m01-f;;19;;"9901 absent; 630 absent"
0475429959;DIOPSIDE;2025-09-30;m87-f;5604.89;1480.13;;"630 absent; EBITDA > total du bilan"
0475439461;VOYAGES MOULOUYA;2025-12-31;m07-f;-11071.5;319259.57;3.7;630 absent
0475461534;APOLLON TRANSPORT;2025-12-31;m87-f;-12574;139878.77;;variation N/N-1 extrême
0475498750;ARTEMIS ONE;2024-12-31;m87-f;-31916.07;102128.25;;variation N/N-1 extrême
0475512410;ECOFROST;2024-03-31;m02-f;154301027.56;279092131.53;147.2;"exercice de 22 mois; variation N/N-1 extrême"
0475551507;D.V.L.S. TRANS;2025-06-30;m81-f;360659.81;1621701.29;;EBITDA dans la bande sans personnel déclaré
0475610992;ARISCO;2025-12-31;m01-f;237361.87;5792382.46;16;variation N/N-1 extrême
0475632966;AZ BUILDING BELGIUM;2025-12-31;m87-f;3474.77;44839.38;;630 absent
0475640785;GRANITS LUCAS ET COLMANT;2025-11-30;m01-f;-10517.41;1535390.04;;630 absent
0475809546;JACOBIA;2024-12-31;m87-f;2524.14;40601.27;;630 absent
0475809645;(IN) EXTENSO;2026-03-31;m87-f;-28845.22;51763.16;;variation N/N-1 extrême
0475852405;D.G.P.S.;2025-12-31;m01-f;-683450.63;2967538.69;4;variation N/N-1 extrême
0475891601;JAYDE;2025-12-31;m87-f;9347.26;162216.28;;630 absent
0475895064;MEVLANA TATLICISI;2025-12-31;m87-f;6239.99;56778.51;;630 absent
0475910605;S.A. ANDRE MEENS;2025-12-31;m01-f;652087.8;2361285.64;0;EBITDA dans la bande sans personnel déclaré
0475964251;JCN INVESTMENTS;2023-12-31;m87-f;-17515.68;43340;;exercice ancien (2023-12-31)
0475979691;ESPACE DEGUSTATION BASTIONS;2025-12-31;m81-f;121583.44;64842.09;12.4;EBITDA > total du bilan
0475987215;ALLONS EN VENT;2025-12-31;m87-f;-10294.53;871063.5;;630 absent
0476106385;CUYCKENS;2023-03-31;m81-f;1457023;1995958;1;"exercice ancien (2023-03-31); variation N/N-1 extrême"
0476109949;LIKAU;2024-12-31;m01-f;-2250.6;447992.98;;630 absent
0476137762;CLEMENT CONCEPT;2025-12-31;m87-f;-73642.73;41481.81;;variation N/N-1 extrême
0476138356;ARDENNES CONDROZ TRANSPORTS;2025-12-31;m87-f;279.61;136692.02;;630 absent
0476190816;GOFFIN VIANDE ET FILS;2025-12-31;m07-f;162719.9;1204454.14;;variation N/N-1 extrême
0476208137;MARTIBEL;2025-12-31;m01-f;22682.17;300875.46;3.8;variation N/N-1 extrême
0476286232;MENUISERIE ANTOINE-PAQUET;2025-12-31;m87-f;20872;40020;;variation N/N-1 extrême
0476303850;CLIMATEC D L M;2025-12-31;m87-f;11099.71;221479.34;;variation N/N-1 extrême
0476335425;DELAIDE M.;2025-12-31;m81-f;12987.67;91967.66;1.5;630 absent
0476384321;VENTIROTAS;2025-12-31;m87-f;25316.57;95758.79;;630 absent
0476388378;Elia Group;2025-12-31;m02-f;-28708353;7145155454.14;9.3;"630 absent; dépôt plus récent inexploitable (2026-00431224:404 [m120-f-p/Initial], 2026-00431171:404 [m120-f-p/Initial])"
0476391447;GRAPHITEX;2025-03-31;m81-f;222516.62;1045018.42;6.4;variation N/N-1 extrême
0476436878;KAS - PC;2025-12-31;m87-f;9457.93;92203.06;;variation N/N-1 extrême
0476463208;BRAGARD ETS;2025-12-31;m87-f;463033.02;1739989.88;;EBITDA dans la bande sans personnel déclaré
0476513290;GENERAL V;2026-03-31;m87-f;8788.11;30836.28;;630 absent
0476594949;ORTHOPEDIE CROTTEUX;2023-06-30;m87-f;1388.55;170695.15;1;exercice ancien (2023-06-30)
0476597820;AUTHENTIC CUISINES;2025-12-31;m81-f;-9784.83;27811.29;;630 absent
0476763017;LA MEDINA;2023-12-31;m87-f;10074.34;267429.67;;"630 absent; exercice ancien (2023-12-31); variation N/N-1 extrême"
0476780041;PICKING - LOCK;2025-12-31;m87-f;88864.37;210388.55;1.1;variation N/N-1 extrême
0476791127;TOP SYSTEMS;2025-12-31;m87-f;8377.19;72453.02;;variation N/N-1 extrême
0476792216;DOMI STUDIO;2025-12-31;m07-f;-3767.98;297.85;;630 absent
0476840023;JOANNE TRANS;2025-12-31;m87-f;85918.24;63393.49;;"630 absent; EBITDA > total du bilan"
0476849228;TEMAPAIN;2025-12-31;m81-f;37776.32;761352.53;12.7;variation N/N-1 extrême
0476904359;IMMO DONKERWOLKE;2025-12-31;m07-f;197273.61;2868145.83;;variation N/N-1 extrême
0476934944;DUBOIS & +;2025-12-31;m01-f;-3059.63;16045.43;;variation N/N-1 extrême
0476935736;PATISSERIE GROFFY;2023-12-31;m07-f;-46455.02;137322.45;3.8;exercice ancien (2023-12-31)
0476941971;C.E. PRO BELGIUM;2025-12-31;m87-f;-481.44;;;630 absent
0476991461;HHDB;2025-12-31;m87-f;628.3;1489.4;;630 absent
0477016997;THE DREAM TEAM;2025-12-31;m87-f;746.45;12579.35;;630 absent
0477050849;ALUNION;2024-12-31;m87-f;25100.76;213497.03;2;variation N/N-1 extrême
0477160915;MADAFRICA;2025-12-31;m87-f;-17176.56;276050.6;;630 absent
0477300475;SSG DESIGN;2025-12-31;m87-f;11416.07;32384.62;;variation N/N-1 extrême
0477367583;GREEN WIND;2025-12-31;m02-f;1883462.19;51980924.21;;EBITDA dans la bande sans personnel déclaré
0477371444;FABRICATION, ENTRETIEN ET MAINTENANCE;2025-12-31;m02-f;302931.46;856765.57;;EBITDA dans la bande sans personnel déclaré
0477406581;T.H.P.;2025-12-31;m87-f;-968;37711.83;;630 absent
0477499425;B & B;2025-09-30;m87-f;1200.71;20650.3;;630 absent
0477506749;ART & WOOD;2025-12-31;m07-f;27403.52;186719.51;;variation N/N-1 extrême
0477542183;DU VIN ETC ...;2023-12-31;m87-f;5635.43;92045.46;;exercice ancien (2023-12-31)
0477634136;BUSINESS MIND.BE;2023-12-31;m81-f;102087.79;1391171.08;;exercice ancien (2023-12-31)
0477639579;INTERNATIONAL FINE ART;2025-06-30;m87-f;-7934.36;203910.32;;630 absent
0477683725;RENEWABLE POWER COMPANY;2025-12-31;m82-f;7515226.4;55468839.01;;EBITDA dans la bande sans personnel déclaré
0477740737;RFSCOM;2025-07-14;m07-f;-3212.52;110128.37;;"630 absent; exercice de 0 mois"
0477746675;Transport Démolition Michel Cuvelier;2023-12-31;m87-f;-23438.8;255258.83;;exercice ancien (2023-12-31)
0477746873;TWIN CATS PRODUCTION;2025-12-31;m87-f;6442.34;208838.11;;630 absent
0477850704;VAN ISACKER;2025-06-30;m07-f;-27787.25;1002265.76;;variation N/N-1 extrême
0477937905;A.C.T. INTERPACK;2025-12-31;m87-f;46905.46;89635.92;;630 absent
0477980069;MALDAGUE - LAMBOT MAURICE;2025-06-30;m87-f;201655;336219;;variation N/N-1 extrême
0478081722;CATCH CONCEPT;2025-12-31;m87-f;-63631.42;202061.82;2.1;variation N/N-1 extrême
0478090729;robust design solutions;2025-06-30;m81-f;11575.54;2501.2;1;"630 absent; EBITDA > total du bilan"
0478209307;VANDERBYSE BERTRAND;2025-12-31;m87-f;9246.37;352673.15;;630 absent
0478225440;ANTIPODE;2025-12-31;m07-f;-12696.7;86558.32;;630 absent
0478241672;HLP CONSTRUCT;2025-12-31;m07-f;68072.51;167129.41;;variation N/N-1 extrême
0478243256;CULTURE EVOLUTION;2025-12-31;m87-f;-18187;93923;0.7;630 absent
0478311750;Brussels Corporate Aviation;2023-12-31;m01-f;-121434.27;2754239.37;1;exercice ancien (2023-12-31)
0478328279;DOMAINE DE MELLEMONT;2025-12-31;m87-f;-27959.69;110543.93;;630 absent
0478349560;ARMAN;2025-12-31;m81-f;324302.28;800625.47;;EBITDA dans la bande sans personnel déclaré
0478406176;PASCAL DOULIERE GRAVEUR;2024-12-31;m01-f;0;386797;;630 absent
0478483083;CELINE CUIR;2025-12-31;m07-f;-468.43;1079.47;;630 absent
0478513371;NM. SERVICES;2024-12-31;m07-f;4390.56;7593.43;;630 absent
0478543659;RED PHILIANE BELGIUM;2025-12-31;m87-f;2373;3416;;"630 absent; variation N/N-1 extrême"
0478559990;STEPHANIE HAEGELSTEEN SPRL;2025-12-31;m87-f;-4397.09;103021.35;;variation N/N-1 extrême
0478612648;BIG BANG AND CO;2025-06-30;m81-f;23892.88;512.29;;"EBITDA > total du bilan; variation N/N-1 extrême"
0478653428;NEOPLANET;2025-12-31;m81-f;-49699.14;1751388.71;;630 absent
0478692723;MIKO LOGISTIC;2025-12-31;m01-f;35230.61;394446;1;variation N/N-1 extrême
0478695790;PHINAPOM;2025-12-31;m87-f;145709;1206920;;variation N/N-1 extrême
0478841191;FLYPRINT;2024-12-31;m81-f;1133;46450;0.3;630 absent
0478877221;GABRIAC;2024-12-31;m87-f;-7606.8;2091.36;;630 absent
0478922850;CUYPERS LOGISTICS;2025-12-31;m07-f;-19387.46;1763933.16;;630 absent
0478978674;TAXIS HAUS;2025-12-31;m07-f;396007.84;615454.02;;EBITDA dans la bande sans personnel déclaré
0478997777;DESOBRY LOGISTICS;2025-06-30;m02-f;616364.49;11569353.71;0;EBITDA dans la bande sans personnel déclaré
0479039250;CARROSSERIE BONNI;2025-12-31;m81-f;119764;2078974.8;;630 absent
0479096757;SERRURERIE NICOLI FILS;2025-12-31;m07-f;34799.85;382076.66;2;variation N/N-1 extrême
0479105269;BELCAM.ID;2025-12-31;m07-f;4902.07;65535.83;;630 absent
0479116949;CRT - 1;2025-06-30;m87-f;-11298.2;108103.32;;variation N/N-1 extrême
0479119325;BRUXELLES DEMONTAGE - BRUSSEL ONTMANTELING;2025-12-31;m02-f;39760;460913;1.9;"630 absent; variation N/N-1 extrême"
0479121206;MEMOGRAMES;2025-12-31;m87-f;-41862.65;74150.28;;"630 absent; variation N/N-1 extrême"
0479151987;S.L. DOG SPORTS;2025-12-31;m87-f;-1976.04;9479.07;;630 absent
0479200586;TRIWAY;2025-12-31;m87-f;9009.18;69106;;630 absent
0479258885;DU VILLAGE;2025-12-31;m81-f;240771.96;547043.02;23.6;variation N/N-1 extrême
0479280463;STOEFS - LESCRENIER SERVICES;2025-12-31;m07-f;252873.91;732900.27;;variation N/N-1 extrême
0479291549;FISHER  SCIENTIFIC;2025-12-31;m82-f;1861479.57;16252390.13;10.2;630 absent
0479403989;CURAVAC EUROPE;2025-12-31;m07-f;-92186.57;2352164.21;;630 absent
0479414481;BEBA PARTNERS;2025-12-31;m01-f;17350;77904;3;630 absent
0479444175;WIAME NET;2025-12-31;m81-f;-1037953.14;4154066.21;58.7;variation N/N-1 extrême
0479490202;REGULEC;2025-12-31;m81-f;44780.06;421571.74;4.3;variation N/N-1 extrême
0479545036;ETS GUZENDA;2025-12-31;m07-f;22833.22;93046.67;;variation N/N-1 extrême
0479600860;CHARLES-CUSTOM;2023-12-31;m87-f;28703;201409;1.3;exercice ancien (2023-12-31)
0479612837;ELECTRABEL SEANERGY;2025-12-31;m07-f;-9377.62;3750527.64;;630 absent
0479658070;SOUND & FURY;2025-12-31;m87-f;-237355.94;23616.77;5.4;variation N/N-1 extrême
0479821386;L. & O. PARTNERS;2024-12-31;m87-f;-13964.46;113053.79;1;variation N/N-1 extrême
0479833462;Proxi-Lux;2024-12-31;m87-f;7052.85;14569.45;;630 absent
0479939766;LA JETTOISE;2024-12-31;m87-f;9409;28103;;variation N/N-1 extrême
0479987078;Exhaurea;2025-12-31;m02-f;635322.52;13134600.81;;EBITDA dans la bande sans personnel déclaré
0480002619;BRASSIMEDIA;2025-12-31;m07-f;-5486.99;3823.99;;630 absent
0480020732;MEDIAFACTORY;2025-12-31;m81-f;138015.88;589904.38;;variation N/N-1 extrême
0480023405;EXTREME - TEAM APPLICATION;2026-03-31;m87-f;18873.99;72656.82;;variation N/N-1 extrême
0480025185;Atmos Benelux - GPE;2025-12-31;m87-f;-10348.71;1714290.63;;variation N/N-1 extrême
0480121393;AZENA;2025-09-30;m87-f;1415.52;11419.61;;exercice de 21 mois
0480133073;CARAMALI;2025-12-31;m87-f;31973.22;391589.32;;variation N/N-1 extrême
0480151582;ZEK;2025-12-31;m87-f;-7092.37;34598.43;;"630 absent; variation N/N-1 extrême"
0480156037;AD3D;2023-06-30;m01-f;16645;222659;;"630 absent; exercice ancien (2023-06-30)"
0480192659;WOLFF E.A.G.T.;2025-12-31;m87-f;12517.21;87782.1;2;variation N/N-1 extrême
0480195926;OLYMPIA MARBLE;2025-12-31;m01-f;14931;158056;;630 absent
0480231459;CYAN;2025-12-31;m87-f;-215.71;;;630 absent
0480241060;DREVOTREND;2025-12-31;m87-f;-1513.49;136456.88;;630 absent
0480256205;COMMUNAUTE MUSULMANE DE BELGIQUE;2024-12-31;m04-f;1238780.97;22147937.69;;EBITDA dans la bande sans personnel déclaré
0480283919;ENERGY CLUSTER;2025-12-31;m02-f;-3970.84;135772.64;;630 absent
0480475939;MOULINS JESPERS;2025-12-31;m87-f;-15251.62;47982.98;;630 absent
0500493373;ROYAL DECO;2025-12-31;m07-f;;41108.83;;"9901 absent; 630 absent"
0500586217;DELIXIR;2025-12-31;m81-f;3223.19;14206.33;;"630 absent; variation N/N-1 extrême"
0500606805;GMFC;2025-09-30;m87-f;66444.94;202067.91;;variation N/N-1 extrême
0500654018;LINCHPIN;2025-12-31;m87-f;115815.68;121902.96;;variation N/N-1 extrême
0500679059;MARLOU HOME;2025-12-31;m87-f;11776.1;11070.12;;"EBITDA > total du bilan; variation N/N-1 extrême"
0500852867;STERRES;2025-12-31;m81-f;71408.38;1598299.77;;630 absent
0500928091;Therakos (Belgium);2024-12-31;m81-f;2818.55;105067.13;;630 absent
0500960656;VALORIMAT ENVIRONNEMENT;2025-12-31;m87-f;33943;686263;;variation N/N-1 extrême
0501512764;B.K. CRANE CONSULTING;2025-09-30;m87-f;-5080.4;;;630 absent
0501534936;Business Executive Service Company;2025-12-31;m87-f;11864.21;74585.2;;variation N/N-1 extrême
0501602242;PIXI CREATIONS;2024-12-31;m87-f;;463479.13;;"9901 absent; 630 absent"
0501618573;SYNERCO;2025-12-31;m87-f;3997.41;90662.35;;"630 absent; variation N/N-1 extrême"
0501935804;AG CONFECTION;2025-12-31;m87-f;13188.73;69887.71;2;variation N/N-1 extrême
0501951046;SYSTÈMES PHOTOVOLTAÏQUES;2025-12-31;m01-f;-32388.5;3550378.63;;"630 absent; variation N/N-1 extrême"
0501952630;YARAS;2025-12-31;m87-f;3580.35;36340.97;;"630 absent; variation N/N-1 extrême"
0502353694;STAR FASHION;2025-12-31;m87-f;3141;57492;;630 absent
0502475440;FIRST MOTOR SERVICE;2025-12-31;m87-f;-17141.57;250612.96;;630 absent
0502514339;FD-Network;2023-12-31;m87-f;-666.02;7143.11;;"630 absent; exercice ancien (2023-12-31)"
0502523841;LogArt;2025-12-31;m87-f;-8.23;35874.08;2.1;630 absent
0502542350;DSF RENOVATION;2025-12-31;m87-f;-24182;7231;;630 absent
0502654988;arobase.design;2025-12-31;m87-f;31257;12994;;EBITDA > total du bilan
0502671024;WERK BANDEN;2024-12-31;m07-f;52761.18;152996.93;;variation N/N-1 extrême
0502718534;SEPT LOGISTICS;2023-12-31;m87-f;-15110.04;313581.39;;exercice ancien (2023-12-31)
0502737142;ALBALIFT;2023-12-31;m07-f;96466;235284;;"exercice ancien (2023-12-31); variation N/N-1 extrême"
0502742288;UNIVERCELLS;2023-12-31;m02-f;-4979314.26;231616732.07;83.6;exercice ancien (2023-12-31)
0502912633;AL Limo;2025-12-31;m87-f;-3198.52;48188.78;;630 absent
0502976672;NEJMA TRANSPORT;2023-12-31;m07-f;2436.4;3804.86;;exercice ancien (2023-12-31)
0504853524;Systèmes Photovoltaïques Wallons;2025-12-31;m01-f;1945666.39;3364187.84;;EBITDA dans la bande sans personnel déclaré
0504878862;M.S.A.;2025-12-31;m07-f;48424.25;140399.52;;variation N/N-1 extrême
0504889849;Ingenioled Green Lighting;2023-12-31;m87-f;-2488.42;7864.22;;"630 absent; exercice ancien (2023-12-31)"
0504961016;CRS Consulting;2025-12-31;m07-f;5310.17;15548.11;;"630 absent; variation N/N-1 extrême"
0505607154;LA BELGITUDE;2025-12-31;m87-f;-800;590.65;;630 absent
0505610421;AETHERA;2025-06-30;m87-f;-10304.54;41927.63;;"630 absent; variation N/N-1 extrême"
0505620022;GU RENOV;2025-12-31;m07-f;-69921.17;22059.04;;630 absent
0505836489;CL-COMPUTING;2025-12-31;m87-f;19834.71;112502.07;;variation N/N-1 extrême
0505879645;MAZZARISI SALVATORE DEPANNAGE;2025-12-31;m87-f;44041.06;109031.82;;variation N/N-1 extrême
0506729978;CHEZ LE BOUTCHI;2023-09-30;m81-f;56880.8;518917.52;1.2;exercice ancien (2023-09-30)
0506731067;ECMA SOLUTIONS;2025-12-31;m87-f;45863.76;132613.06;;630 absent
0506842816;YOUR DRIVER SERVICES;2025-12-31;m01-f;19504.14;141230.42;;630 absent
0506845487;TSH INVEST;2024-12-31;m07-f;-50261.66;416134.48;;630 absent
0506944764;Cubitech;2023-12-31;m81-f;-47;35991;;exercice ancien (2023-12-31)
0507610995;Brasserie Ceres Belgique;2023-12-31;m87-f;1682.51;383967.58;3;exercice ancien (2023-12-31)
0507614658;CTDI Belgium;2025-12-31;m81-f;238674.14;2714605.07;4.4;630 absent
0507625843;ILKECOP;2025-09-30;m07-f;3582.33;44174.54;;630 absent
0507634949;HUMAN CAPITAL & BUSINESS EFFICIENCY;2025-12-31;m81-f;6353.51;26759.3;;variation N/N-1 extrême
0507741847;BE WATTS;2025-12-31;m87-f;63632.69;127223.83;;variation N/N-1 extrême
0507819348;RENT A MOVE;2024-06-30;m87-f;-8466.57;39421.61;6;630 absent
0507871412;JACOBS-PLUSQUIN;2024-12-31;m87-f;152751.44;1370142.43;0.8;variation N/N-1 extrême
0507891703;Joaillerie Massis;2023-12-31;m87-f;-122990;188170;;"exercice ancien (2023-12-31); variation N/N-1 extrême"
0507919516;Constructions Modernes;2024-12-31;m87-f;25054.73;90375.16;4;variation N/N-1 extrême
0507946537;ADS-IGN;2026-03-31;m87-f;-2159.83;1855.39;;"630 absent; variation N/N-1 extrême"
0507982169;4U.CEC;2025-09-30;m87-f;12893.47;39438.87;;630 absent
0508783410;MICRO HIGH TECH;2024-12-31;m87-f;12299.57;34618.47;1.2;variation N/N-1 extrême
0508826960;AIRPORT GLOBAL SERVICES;2025-12-31;m02-f;13366.71;661435.97;23.3;630 absent
0508860317;Jimmy's World;2025-12-31;m87-f;18393.59;69902.57;;variation N/N-1 extrême
0508895949;R.S. DEPANNAGE;2024-12-31;m87-f;;;;"9901 absent; 630 absent"
0508919606;LCM CONCEPT;2025-06-30;m07-f;-144551.55;336992.08;;variation N/N-1 extrême
0509998680;SIKIER SEL ISO;2025-12-31;m87-f;119499.96;927775.24;2;variation N/N-1 extrême
0511975205;NOEMY;2025-12-31;m87-f;-10211.34;28025.7;;630 absent
0521874351;AMIVAL CONSTRUCT;2025-12-31;m07-f;8203.76;53352.61;;variation N/N-1 extrême
0521878212;Delta Plastics;2024-03-31;m01-f;173067.14;1937654.62;9.3;dépôt plus récent inexploitable (2025-00550204:404 [m01-f-p/Initial])
0521921663;Broderhood, by Sarah;2024-12-31;m87-f;-996;7012;;630 absent
0521999362;Pain et Passion;2025-12-31;m87-f;79961.5;205014.15;1.2;variation N/N-1 extrême
0523891258;B.M.G. MILK BELGIUM;2025-12-31;m81-f;-6014.28;2424.62;;630 absent
0523959158;SOLAM CONSTRUCT;2025-12-31;m87-f;-29443.26;26758.38;1.3;variation N/N-1 extrême
0524768515;MULTIPRO SERVICE;2025-12-31;m07-f;-1547.57;198.09;;630 absent
0524822260;NIL-TRANS;2025-12-31;m87-f;-9581;4649;;630 absent
0524896692;VEAMAA;2025-12-31;m87-f;6794.62;6314.65;;"630 absent; EBITDA > total du bilan"
0524962416;ANWAR AUTO;2025-12-31;m87-f;-3989.46;24552.21;;630 absent
0524993197;JB BOIS;2025-12-31;m07-f;6410.21;7545.65;;630 absent
0525748017;LAMI & CO;2025-12-31;m87-f;41887;187229;;variation N/N-1 extrême
0525770682;HANA GROUP BELGIQUE;2025-06-30;m82-f;1651731.74;7726830.34;242.9;variation N/N-1 extrême
0525781471;MULTI GROUP;2025-12-31;m81-f;17490.3;575315.29;1;630 absent
0525797507;SUDE TOURS;2024-12-31;m07-f;350295.44;2809495.32;;EBITDA dans la bande sans personnel déclaré
0525866791;CRIMAP;2025-06-30;m87-f;412017.86;4661697.83;;EBITDA dans la bande sans personnel déclaré
0526814720;GRAVITY;2025-12-31;m07-f;-36875.72;47518.41;;630 absent
0526849659;MAINTENANCE PERFORMANCE;2025-12-31;m81-f;-250.74;43158.98;;630 absent
0526872821;LAVERDURE IMMO;2023-12-31;m87-f;-213770;215167;6.9;exercice ancien (2023-12-31)
0526939830;BXL Conciergerie & Services;2025-12-31;m87-a;332.53;3263.05;;630 absent
0527953182;TAXI ACAR AHMET;2025-12-31;m87-f;20529;118096;;variation N/N-1 extrême
0527985054;FLASSCH AVENTURE;2025-12-31;m87-f;1790.33;40680.63;;630 absent
0533715180;AZ CARGO;2025-12-31;m87-f;-15625.57;119943.42;;630 absent
0533824355;FACOPRO;2024-12-31;m01-f;215505.47;4049640.77;15.7;dépôt plus récent inexploitable (2026-00408265:404 [m01-f-p/Initial])
0534447432;BRASSERIE ARTISANALE DE NAMUR;2025-12-31;m81-f;43562.03;1838865.16;4.3;variation N/N-1 extrême
0534524042;MEDI IMMO;2025-12-31;m81-f;245218;1895307;;exercice de 18 mois
0534656278;TAXIS DRIVERS BX;2024-12-31;m87-f;-88.67;29062.16;;630 absent
0534698147;Plukon Agri Belgium;2025-12-31;m02-f;169214.91;29135267.32;6.1;630 absent
0534698246;ALLSTYL;2023-12-31;m87-f;8187.56;18184;0.5;exercice ancien (2023-12-31)
0534805441;PARATOIT;2025-12-31;m87-f;-2139.8;966.08;;630 absent
0534839885;LOC-CARS ON WEB;2025-12-31;m07-f;-3793.4;33986.6;;630 absent
0534863146;CAC-MENUISERIE;2025-12-31;m87-f;-64685.36;102037.65;1;variation N/N-1 extrême
0534895612;CERAM Découpe;2023-12-31;m01-f;127976.88;1299613.95;10;exercice ancien (2023-12-31)
0535563823;CUBEX;2025-12-31;m87-f;-159063;237934;;variation N/N-1 extrême
0535598168;GARDEN VILLAGE;2025-12-31;m01-f;-6148.2;3013.65;;630 absent
0535608957;InternationalPartner - Hi-tech & Products;2025-06-30;m01-f;10965.18;605855.5;17.4;630 absent
0535615192;Power Online;2025-12-31;m02-f;48291551;197983840;21.1;exercice de 15 mois
0535661813;ORTHOPEDIE BRASSEUR;2024-12-31;m07-f;-4484.56;284918.74;;630 absent
0535776035;JODY LO;2025-06-30;m81-f;-23626.38;66149.46;0.5;630 absent
0535839084;ATILGAN;2025-12-31;m07-f;44214.08;129484.18;;630 absent
0535936777;RIGO OPTIQUE S.C.S.;2023-12-31;m87-f;9140.15;85853.42;;exercice ancien (2023-12-31)
0535991712;R.M.A. TRANS;2025-12-31;m07-f;-56136.65;11114.15;;630 absent
0536302112;KING TRANS;2023-06-30;m87-f;4658.17;130042.9;;exercice ancien (2023-06-30)
0536322797;A + ENERGIES;2025-12-31;m81-f;300724.58;1582182.46;10.8;variation N/N-1 extrême
0536367240;ERA LOGISTIC;2023-12-31;m87-f;-86859.92;71309.81;;exercice ancien (2023-12-31)
0536458597;GT Sport Horses SRL;2025-12-31;m87-f;2203;77650;;630 absent
0536603505;4 COULEURS;2025-03-31;m01-f;2887.03;23500.98;;630 absent
0536720497;POP MEDIA INSTORE;2025-12-31;m81-f;80807.21;474689.3;2.1;variation N/N-1 extrême
0536756626;FLAUREA CHEMICALS;2024-12-31;m02-f;1225792.24;8807583.97;47.8;variation N/N-1 extrême
0536795921;FRASNES-LES-VENTS;2025-12-31;m01-f;443025.57;1598642.39;;EBITDA dans la bande sans personnel déclaré
0536882132;1-2 PROTECT;2025-12-31;m87-f;3517.93;16946.74;;630 absent
0536900641;METROLOGY CONSULTING;2025-12-31;m87-f;46510.57;59909.97;;variation N/N-1 extrême
0536909351;TotalEnergies Integrated Power ESS Belgium;2025-12-31;m02-f;3296614.5;59644129.61;;"EBITDA dans la bande sans personnel déclaré; variation N/N-1 extrême"
0536943696;KM INVEST IMB;2024-12-31;m87-f;755;17258.92;;630 absent
0536959930;S.A.V.Y. TRANS SPRL;2025-12-31;m07-f;27595.41;62601.94;;"630 absent; variation N/N-1 extrême"
0536999918;Weckmans Plomberie Chauffage;2024-12-31;m07-f;38771.04;125579.41;0.2;variation N/N-1 extrême
0537179664;AG8;2025-12-31;m87-f;2664.61;6593.83;;variation N/N-1 extrême
0537312890;AD HOC COMMUNICATION;2025-09-30;m87-f;120175.42;106444.51;;EBITDA > total du bilan
0537625666;F&F GLOBAL TRANS SOLUTIONS;2023-12-31;m81-f;-78963.13;469593.6;20.2;exercice ancien (2023-12-31)
0537670604;PEDISA;2025-12-31;m81-f;-1261.98;51.07;;630 absent
0537699902;Ekynox;2025-12-31;m07-f;-13740.42;32106.36;1;630 absent
0537795219;LIM Belgique;2025-09-30;m87-f;-1560.75;131904.74;;630 absent
0537797001;OPTIVENTS;2025-12-31;m81-f;558468.08;2056490.54;;EBITDA dans la bande sans personnel déclaré
0537953486;G.C.V.M. Cosmetics;2025-12-31;m87-f;97228;436334;;variation N/N-1 extrême
0538548156;BUSHRA;2024-12-31;m07-f;;14533;;"9901 absent; 630 absent"
0538557262;D.A.D.S. GROUP;2025-12-31;m87-f;1015.31;55725.84;;630 absent
0538658222;CONCEPTION ET FABRICATION D'ELEVATEURS POUR BAIGNOIRES;2024-12-31;m87-f;-6384.86;1529.44;;630 absent
0538801643;IMW PRODUCTIONS BELGIUM;2023-12-31;m87-f;-144412.53;19698.15;0.6;"exercice ancien (2023-12-31); variation N/N-1 extrême"
0538983666;RESPECTABLE;2024-12-31;m87-f;96515;746686;;variation N/N-1 extrême
0538996534;STOLID S.R.L.;2025-12-31;m87-f;13694.69;1315.26;;EBITDA > total du bilan
0539707406;ID FIRST;2025-12-31;m87-f;4898.1;33146.15;;variation N/N-1 extrême
0539891310;Cegelec Industry;2025-12-31;m02-f;3928594.09;27743948.12;394.3;variation N/N-1 extrême
0539892991;NAEGELS et Fils;2025-12-31;m87-f;55673.97;218935.68;3.7;variation N/N-1 extrême
0539923774;EOLE-LIEN;2025-12-31;m81-f;414034.85;6674921.36;;EBITDA dans la bande sans personnel déclaré
0539934464;MENUISERIE DANDOIS;2025-12-31;m87-f;-10125.42;81511.94;;variation N/N-1 extrême
0539942877;STARNET. BXL;2023-12-31;m07-f;;1447.61;;"9901 absent; 630 absent; exercice ancien (2023-12-31)"
0539952181;KARASALIH;2025-06-30;m07-f;11378.98;17504;;630 absent
0539953171;GH MAINTENANCE ET SERVICES;2025-12-31;m81-f;3604.46;63878.19;3.8;630 absent
0539976729;SMILES IN MOTION;2024-12-31;m07-f;-1423.67;1122.63;;630 absent
0540615147;BE-EXPRESS SERVICES;2025-12-31;m07-f;4241.85;39290.4;;variation N/N-1 extrême
0540622570;ETABLISSEMENTS FRANCK;2025-12-31;m07-f;13973;573302;;630 absent
0540623758;W.A.T.I.B;2025-12-31;m87-f;-3040.15;16656.44;;630 absent
0540869822;EURO MANO;2024-12-31;m87-f;10501.29;17554.99;;630 absent
0540978896;HOVAS;2025-12-31;m87-f;10905.46;43905.52;;variation N/N-1 extrême
0541309290;WEBCLOUD;2025-12-31;m87-f;57583.15;72488.23;;exercice de 15 mois
0541327009;ELAWAN ENERGY FELUY;2025-12-31;m01-f;630950.29;8892549.36;;EBITDA dans la bande sans personnel déclaré
0541487850;SELFBOX;2025-12-31;m07-f;29284.58;86202.69;;variation N/N-1 extrême
0541519821;MSL POSE;2025-12-31;m87-f;-16048.12;6545.18;;"630 absent; variation N/N-1 extrême"
0541525165;EBD CARS;2025-09-30;m07-f;-877.91;37045.36;;630 absent
0541573962;MODUL-TRANS;2025-12-31;m01-f;-18007.49;74662.15;1;variation N/N-1 extrême
0541606428;Tombé sous le charme;2025-12-31;m87-f;30690.98;19003.16;;EBITDA > total du bilan
0541609891;AD CONTAINERS;2024-12-31;m07-f;11094.97;83327.69;0.3;variation N/N-1 extrême
0541626719;MADOTO;2025-12-31;m87-f;-16809.95;73866.06;;630 absent
0541634835;ITSPHUN - EUROPE;2023-12-31;m07-f;-7596.08;2431.93;;exercice ancien (2023-12-31)
0541639783;SOGOOD;2024-12-31;m87-f;3138.24;46757.43;0.5;630 absent
0541643149;EN PLEIN VENT;2025-12-31;m81-f;515952.84;5796082.06;;EBITDA dans la bande sans personnel déclaré
0541668289;YOUR DREAMING HOUSE;2024-12-31;m87-f;39097.94;186899.72;;630 absent
0541672051;EXON DISTRIBUTION;2025-12-31;m87-f;-78038.13;152671.59;1;630 absent
0541687887;BLMS;2025-12-31;m87-f;42396.81;1020185.71;;"630 absent; variation N/N-1 extrême"
0541691352;HR RAIL;2025-12-31;m02-f;1827987.71;549430014.67;27811;"variation N/N-1 extrême; dépôt plus récent inexploitable (2026-00147712:404 [m120-f-p/Initial])"
0541923657;HIDDEN TOWN;2025-12-31;m87-f;-4118.55;32693.09;;630 absent
0542348180;LYESS;2023-12-31;m87-f;-8667.12;54752.05;;exercice ancien (2023-12-31)
0542369758;OUMAMA;2024-12-31;m01-f;14742.5;243860.95;;"630 absent; variation N/N-1 extrême"
0542465372;BUSINESS AB FRET;2023-12-31;m87-f;-15080.8;601575.97;;exercice ancien (2023-12-31)
0542470817;AFORA;2025-12-31;m87-f;4808.85;119297.16;1.5;630 absent
0542506251;Arabelle Solutions Belgium;2025-12-31;m01-f;1944541.63;20618129.41;13.4;630 absent
0542515258;FLY WIN;2025-12-31;m01-f;-966.25;186834.37;;630 absent
0542648880;MLC Lighting;2025-12-31;m81-f;13921;17661;;630 absent
0542656404;FRACTAL-FOOD;2025-12-31;m87-f;131390.65;229444.15;;variation N/N-1 extrême
0542723413;ANA DECO;2025-12-31;m87-f;29587.69;112235.11;;630 absent
0542748157;HesbEnergie;2025-12-31;m81-f;-153602.38;4691610.72;1.1;variation N/N-1 extrême
0542752612;COLMAR LIEGE;2025-12-31;m81-a;39100;140152;;variation N/N-1 extrême
0542769438;ENoRa;2025-12-31;m82-f;799311;3880562;;EBITDA dans la bande sans personnel déclaré
0542854659;BOULANGERIE DELFOSSE;2025-09-30;m81-f;10607.69;217587.96;1.7;"exercice de 9 mois; variation N/N-1 extrême"
0542990261;OURTH'EOLE;2025-12-31;m87-f;558639.21;3891577.33;;EBITDA dans la bande sans personnel déclaré
0542992043;STAR MOBILE;2025-12-31;m87-a;10418.36;75380.13;;630 absent
0543368561;LUC ELECTRIC;2025-08-31;m87-f;10810.45;26112.85;;630 absent
0543386773;WAF SERVICE;2025-12-31;m87-f;221;22650;;630 absent
0543404094;THONON FRERES;2025-12-31;m01-f;388824.7;1240467.36;;EBITDA dans la bande sans personnel déclaré
0543426167;FA WOOD CONCEPT;2025-09-30;m07-f;29029;37115;;variation N/N-1 extrême
0543457544;Nutero;2025-12-31;m87-f;-13239.22;53252.07;;630 absent
0543490010;PROMA;2025-12-31;m07-f;143708.75;507519.75;;variation N/N-1 extrême
0543536530;LimonAD;2025-12-31;m01-f;9140.54;32148.43;;630 absent
0543573053;UCB BIOPHARMA;2025-12-31;m82-f;1811720509;7153115798;1395.2;EBITDA aberrant (> 1 Md)
0543574439;ALBOTOM;2025-12-31;m81-f;766617.01;3669662.22;16.8;variation N/N-1 extrême
0543596413;Fabrice DEBAISIEUX;2023-12-31;m87-f;-25119.48;108855.48;;"exercice ancien (2023-12-31); dépôt plus récent inexploitable (2026-00035049:404 [m87-a-p/Initial])"
0543600767;FD DISTRIBUTION;2025-05-31;m87-a;-1297;208063;;630 absent
0543685988;AZAK TRANSPORTS;2025-12-31;m87-f;15655.47;11866.55;;"EBITDA > total du bilan; variation N/N-1 extrême"
0543696579;ORES Assets;2025-12-31;m82-f;371348791.8;5227753740.93;;"EBITDA dans la bande sans personnel déclaré; dépôt plus récent inexploitable (2026-00144700:404 [m120-f-p/Initial])"
0543710734;FIRMMO;2023-12-31;m87-f;-12682.15;197715.31;;exercice ancien (2023-12-31)
0543767647;DESTOTEX;2024-12-31;m07-f;2020.96;53045.34;;630 absent
0544340244;DECLIC MOVERS;2024-12-31;m01-f;62610.73;221385.35;;630 absent
0544455852;B.C.L.;2025-12-31;m87-f;2765.47;7734.34;;630 absent
0544501679;Fors;2025-12-31;m87-f;11860.68;21873.59;;variation N/N-1 extrême
0544610260;FORAKO;2025-12-31;m87-f;4654;79456;;630 absent
0544622732;FULL CARS SERVICES;2024-12-31;m01-f;501;25232;;630 absent
0544708349;MAINTENANCE TUYAUTERIE SOUDURE INDUSTRIELLE;2025-12-31;m81-f;255766.73;883469.1;16.7;variation N/N-1 extrême
0544720524;VAN DER NYK;2025-12-31;m07-f;38883.99;236094.3;;variation N/N-1 extrême
0544776645;BigCaptain;2025-12-31;m81-f;319946.8;1311143.39;0;EBITDA dans la bande sans personnel déclaré
0544779912;BnB WOOD;2025-09-30;m87-f;44437.51;824952.91;;exercice de 15 mois
0544823858;BRIMA;2023-12-31;m01-f;22886.24;125957.73;;exercice ancien (2023-12-31)
0544840090;LES FRERES DE BAMBETO;2024-12-31;m07-f;6709.81;55287.28;0.2;630 absent
0544871269;ATOUT-WAL;2025-12-31;m81-f;391380.84;4210333.73;;EBITDA dans la bande sans personnel déclaré
0544874041;WAL-VENT;2025-12-31;m81-f;386859.75;4751702.73;;EBITDA dans la bande sans personnel déclaré
0544876615;M BATI RENOV;2024-12-31;m07-f;35756.42;86076.19;;variation N/N-1 extrême
0544883939;WAL'EOL;2025-12-31;m81-f;460856.85;4852582.74;;EBITDA dans la bande sans personnel déclaré
0544919967;BEAURAING-CBGCARCENTER;2025-12-31;m01-f;12570;241803;;630 absent
0544935904;RS COLLECTIONS;2024-12-31;m81-f;-289612;863997;2.8;variation N/N-1 extrême
0544952433;RAYBUL;2023-12-31;m07-f;-786256.86;1145246.4;1;exercice ancien (2023-12-31)
0545789108;AX INV;2025-12-31;m87-f;73776.87;61332.82;;EBITDA > total du bilan
0545918176;S.L.R. EXPRESS;2025-12-31;m87-f;-3787.98;20323.6;;630 absent
0546598760;EMEK RENT;2025-12-31;m87-f;340062.52;834967.61;;EBITDA dans la bande sans personnel déclaré
0546670719;AJ-LP INTERNATIONAL;2025-12-31;m01-f;810.7;1987498.73;;630 absent
0546741983;MYBOXCOMPANY.COM;2025-12-31;m81-f;349660.06;2761174.4;24.5;"exercice de 9 mois; variation N/N-1 extrême"
0546756534;D.Z. GROUP;2025-12-31;m81-f;205923.39;1609992.13;0.6;630 absent
0546800480;BOCCA MOKA;2024-12-31;m07-f;15517.21;183280.59;9.3;variation N/N-1 extrême
0546998143;Synaxial;2023-12-31;m07-f;-242204.9;113323.94;;"630 absent; exercice ancien (2023-12-31)"
0547597662;DECAFE;2024-12-31;m87-f;-11721.81;315.42;;630 absent
0547671502;D.K.V.G.;2024-12-31;m87-f;325757.84;857685.61;;"EBITDA dans la bande sans personnel déclaré; variation N/N-1 extrême"
0547690308;EUROSILVER;2025-09-30;m81-f;-13048.47;134760.02;0.1;variation N/N-1 extrême
0547693870;POLARIS PRODUCTION;2025-12-31;m87-f;1605.23;27359.62;;630 absent
0547754545;SteadyGrip;2025-12-31;m87-f;-17850;29726;;variation N/N-1 extrême
0547768403;J-T-MAN;2024-12-31;m81-f;-2202;72666;;"630 absent; variation N/N-1 extrême"
0547802847;DEPOL CARS;2024-12-31;m87-f;4003.73;35963.89;;630 absent
0547838083;MC LINE;2025-12-31;m07-f;147686.21;377635.95;;variation N/N-1 extrême
0547921920;N-ZONE;2025-12-31;m01-f;625605;3734547;26.7;variation N/N-1 extrême
0547968440;SHA-TEX;2025-12-31;m81-f;80985.81;376824.14;;630 absent
0547975269;PRO G NET;2024-12-31;m07-f;10653.54;71261.82;;630 absent
0548724743;Mixt Bockstael;2024-12-31;m07-f;32165.85;58441.63;;630 absent
0548788287;Z.E. TAXI;2025-12-31;m81-f;-23635;83977;2;630 absent
0548797888;MALONO;2025-12-31;m87-f;20605.78;17985.03;2.1;EBITDA > total du bilan
0548867372;ALMADINA DÉLICE;2025-12-31;m87-f;23999.86;70375.31;;variation N/N-1 extrême
0548959622;IL MONELLO;2025-12-31;m87-f;22489.83;15354.94;;EBITDA > total du bilan
0549890822;AL ITIHAD;2025-12-31;m87-f;73301.47;61340.34;3.4;EBITDA > total du bilan
0550398586;OZTRANS;2023-12-31;m87-f;60107.12;143436.75;1.6;exercice ancien (2023-12-31)
0550497269;COMOTE-TEX;2025-12-31;m81-f;15974;71255;;630 absent
0550529537;Accompagnement, gestion et innovation sociale Bel;2025-12-31;m87-f;300591.83;385722.92;;EBITDA dans la bande sans personnel déclaré
0550578631;GE RENEWABLE BELGIUM;2025-12-31;m82-f;-841027;28185019;3;"630 absent; variation N/N-1 extrême"
0550686915;Sartorius Xpress Biologics;2025-12-31;m02-f;-4985056;10920916;76.2;variation N/N-1 extrême
0550751053;AUTEGARDEN P.;2025-12-31;m87-f;40201;356920;;variation N/N-1 extrême
0550753726;ENERGIRIS;2025-12-31;m81-f;-39265.44;1388475.45;;630 absent
0550873886;TAXI Pick-Up;2024-12-31;m07-f;5113;26571;;630 absent
0551891891;ELYSIA;2025-06-30;m01-f;962122.9;7998765.29;25;variation N/N-1 extrême
0551925842;HELIN COMPANY;2025-06-30;m07-f;9915.76;37531.23;;"630 absent; variation N/N-1 extrême"
0551940391;PHARMACIE HAEGEMAN;2025-12-31;m81-f;736329.03;1220789.79;0;"EBITDA dans la bande sans personnel déclaré; variation N/N-1 extrême"
0551997108;MOBITIME BELGIUM;2025-12-31;m07-f;22239.83;348826.24;;630 absent
0552577623;TEAM EXPRESS;2025-12-31;m01-f;1038131.86;2809325.82;;EBITDA dans la bande sans personnel déclaré
0552654926;GENERATIONS ORTHO CASA;2025-12-31;m87-f;169965.73;90827.44;;EBITDA > total du bilan
0552723024;DONCHE TOURISME;2026-03-31;m07-f;-1001.73;4059.79;;630 absent
0552764396;TEB;2024-12-31;m81-f;-129907.79;729379.06;3.7;variation N/N-1 extrême
0552784192;AKTIMA;2025-12-31;m87-f;302892.13;579484.55;;EBITDA dans la bande sans personnel déclaré
0552942857;GKF Taxis;2025-12-31;m07-f;-5.35;352.68;;630 absent
0552944144;BENVIC;2024-12-31;m81-f;38690.29;321004.53;2;630 absent
0553470221;CROSBY MHA;2025-12-31;m87-f;341296.97;831932.11;;EBITDA dans la bande sans personnel déclaré
0553485859;WIND4Flanders Projects 1;2025-12-31;m02-f;4557154.92;19583912.89;;EBITDA dans la bande sans personnel déclaré
0553486057;WIND4WALLONIA;2025-12-31;m02-f;3414633.43;27226455.37;;EBITDA dans la bande sans personnel déclaré
0553498430;ASERVAIS;2025-12-31;m87-f;89818;336012;1;variation N/N-1 extrême
0553752115;PILATUS ONE;2024-12-31;m07-f;33459.87;2191102.55;;variation N/N-1 extrême
0553805167;TAXI POL;2025-12-31;m81-f;59346.7;186135.99;7;variation N/N-1 extrême
0553977985;ALFATECH;2025-12-31;m87-f;-47387.54;99493.66;;"630 absent; variation N/N-1 extrême"
0554663123;CEPYA-ELECTRONICS;2024-12-31;m81-f;342590.76;3702114.64;12.4;variation N/N-1 extrême
0554709148;HIRA EXPRESS;2023-12-31;m01-a;-54541.2;234573.01;;exercice ancien (2023-12-31)
0554771704;ICL GARAGE TRANSPORT;2025-12-31;m07-f;885.64;209782.38;;630 absent
0554887213;JFE Virton;2024-03-31;m82-f;5214237.94;208464231;312.4;dépôt plus récent inexploitable (2025-00575645:404 [m82-f-p/Initial])
0554946403;Brayton Global;2024-12-31;m82-f;-2587560;3339356;126;variation N/N-1 extrême
0554981738;instit.info;2025-12-31;m87-f;2548.27;23010.71;;variation N/N-1 extrême
0554982530;Urgence Dépollution Hydrocarbures Invest;2025-12-31;m81-f;865450.24;4076541.25;;EBITDA dans la bande sans personnel déclaré
0555656184;TOM MARES;2025-12-31;m87-f;-106736;194875;;variation N/N-1 extrême
0555699835;B BLUE NUTRACEUTICALS;2025-12-31;m07-f;-2991.96;31756.78;;variation N/N-1 extrême
0555853154;Faster Service;2025-12-31;m87-f;106004.03;107715.91;;variation N/N-1 extrême
0555985687;Phil'Cuisine;2023-12-31;m87-f;-71936.91;692150.35;3;exercice ancien (2023-12-31)
0556655878;NASSIM SOUSS;2025-12-31;m07-f;1371.99;5887.33;;630 absent
0556661521;ADCS;2024-12-31;m87-f;7998.01;73564.18;;630 absent
0556753373;PMSWEET;2025-12-31;m02-f;9765718.61;81469682.52;281.7;dépôt plus récent inexploitable (2026-00260459:404 [m120-f-p/Initial])
0556819392;GREEN MANAGEMENT;2025-12-31;m87-f;283.03;18280.67;;630 absent
0556926785;ELECTROLINE;2025-06-30;m87-f;-55407.41;131859.8;;variation N/N-1 extrême
0556967070;Worldwide Distribution;2023-12-31;m07-f;-330668.96;29339.81;;"630 absent; exercice ancien (2023-12-31); variation N/N-1 extrême"
0557987946;WASSATIYA;2023-12-31;m87-f;14855.88;36713.69;;exercice ancien (2023-12-31)
0558844021;HILIGSMANN FRERES;2025-12-31;m87-f;-10089;366642;3.4;variation N/N-1 extrême
0558949929;METAL DESIGN CONSTRUCT;2025-12-31;m87-f;50188.45;49525.02;;EBITDA > total du bilan
0559870637;CarASAP SA;2025-12-31;m01-f;424782.44;964918.37;7.8;variation N/N-1 extrême
0559906269;KOLOBAN;2025-12-31;m87-f;18251.86;33752.14;;variation N/N-1 extrême
0559927748;MECAPAUL;2025-12-31;m87-f;150.98;630875.1;;630 absent
0560722257;Acorn;2025-09-30;m81-f;-19788.66;9605.43;;630 absent
0560795305;XPIR;2025-12-31;m87-f;-1204.63;33658.93;;630 absent
0560825393;O'Shenu Technologies;2025-12-31;m87-f;-78897.09;96905.25;;630 absent
0560955849;La Cafet' American Diner;2024-12-31;m07-f;385.85;54588.69;;630 absent
0561806677;FULL-FUN;2025-12-31;m87-f;-2208.32;21557.13;;630 absent
0561837460;ELITE GROUP;2023-12-31;m87-f;418786.06;4148013.18;;"630 absent; exercice ancien (2023-12-31); EBITDA dans la bande sans personnel déclaré; variation N/N-1 extrême"
0561930205;GFK TRADING;2025-12-31;m87-f;-4537.06;79540.58;;630 absent
0561935747;BOULANGERIE LA TENTATION;2025-12-31;m87-f;562.41;81900.39;2.8;variation N/N-1 extrême
0562723724;B.G. TRANSPORT;2023-12-31;m87-f;-22234.66;140834.52;;exercice ancien (2023-12-31)
0562826167;AGS MOTOR & FILLE;2025-12-31;m01-f;-187.7;797255.89;;630 absent
0562832996;DURI;2025-12-31;m87-f;304576.21;379095.03;;EBITDA dans la bande sans personnel déclaré
0562886149;TERRES DE REVES;2025-12-31;m87-f;35727.29;224721.91;;variation N/N-1 extrême
0563316513;Flyeralarm;2025-12-31;m81-f;25327.27;292356.94;;630 absent
0563456865;Wood & Light;2025-12-31;m07-f;5704.23;7275.84;;630 absent
0563626814;S.F.R. CONCEPT;2024-12-31;m87-f;4028.39;16472.68;;630 absent
0563700454;BAXALTA BELGIUM MANUFACTURING;2025-03-31;m02-f;60506934.77;671256496.36;1187.7;dépôt plus récent inexploitable (2026-00509908:404 [m02-f-p/Correction])
0563799929;A.M.S. Menuiserie;2025-12-31;m81-f;303567.25;736617.99;;EBITDA dans la bande sans personnel déclaré
0563854466;MEHDI COUTURE;2025-12-31;m81-f;3417.75;60498.65;;630 absent
0563937907;BONARIUM;2025-12-31;m87-f;-1652.19;1155.98;;630 absent
0563953743;CASACO;2024-12-31;m87-f;1705.06;79197.93;;630 absent
0564792990;CAROLO CONTAINER;2024-12-31;m87-f;54321.89;99221.93;3.3;variation N/N-1 extrême
0564823575;MISTER DELICES;2024-12-31;m07-f;6011.21;69530.18;;630 absent
0564948883;7 août;2025-12-31;m87-f;19657.48;82536.3;0.5;variation N/N-1 extrême
0567678048;I LOVE FOOD;2024-12-31;m87-f;12721;39374;;630 absent
0567711997;EN STOEMELINGS;2023-12-31;m87-f;-188552.53;417996.79;5.1;exercice ancien (2023-12-31)
0567844532;VAN CONVERSION;2025-12-31;m81-f;1641.91;342417.98;;630 absent
0567865813;VISUAL ART FAIR USE;2025-12-31;m87-f;-12270.73;14006.77;;variation N/N-1 extrême
0567868088;EURO MILLIMETRES;2025-12-31;m87-f;37503.92;14744.44;;"630 absent; EBITDA > total du bilan"
0567895111;BERCHEM X PARKING;2025-12-31;m01-f;2313058.75;22946581.33;;EBITDA dans la bande sans personnel déclaré
0567941730;FBDJ;2025-12-31;m87-f;53983.93;65155.99;;variation N/N-1 extrême
0567976174;SOTAY TANK;2025-12-31;m01-f;-5592.56;360738.62;;630 absent
0568568567;MAGNA WIND PARK;2025-12-31;m01-f;1327161.02;9093605.97;;EBITDA dans la bande sans personnel déclaré
0568606377;KOKEN BONSECOURS;2023-12-31;m81-f;-34377.8;34685.26;1.1;exercice ancien (2023-12-31)
0568721094;Belga & Co Roastery;2023-12-31;m87-f;44021.52;126660.63;;"exercice ancien (2023-12-31); variation N/N-1 extrême"
0568745246;MWD MAINTENANCE;2025-12-31;m87-f;-6723.33;309423.65;;630 absent
0568814235;OB EVOLUTION;2025-12-31;m81-f;7722.13;67391.81;;630 absent
0568820074;SDB Logistics;2023-12-31;m01-f;386465.32;953541.36;13.3;exercice ancien (2023-12-31)
0578863732;BOTIFOOD;2025-12-31;m87-f;23240;21354;0.6;EBITDA > total du bilan
0578887783;HG SERVICE;2025-12-31;m87-f;14215.85;47525.19;;630 absent
0589954097;ALL DEMOLITION SERVICES;2025-12-31;m07-f;236.74;91173.3;0.3;630 absent
0597620661;PREMIUM-CAR;2025-12-31;m81-f;497226.62;1906337.93;;EBITDA dans la bande sans personnel déclaré
0597647286;HACEM;2024-12-31;m87-f;18556;27424;;variation N/N-1 extrême
0597762302;CREMAI;2023-12-31;m07-f;-309.53;125806.75;;exercice ancien (2023-12-31)
0597792192;INTENSEMENT BOIS;2023-09-30;m81-f;15265.03;56232.88;1;exercice ancien (2023-09-30)
0597794073;REFRIGERATION  Guyaux;2025-12-31;m87-f;-21733.41;111272.29;;variation N/N-1 extrême
0597828123;WORLD PRINT;2023-12-31;m87-f;22317.07;239049.7;;exercice ancien (2023-12-31)
0597885531;HUSSIN SComm;2023-12-31;m87-f;28952.17;146002.21;;exercice ancien (2023-12-31)
0598707754;UP & CUT;2025-12-31;m87-f;145191.84;378938.24;2.3;variation N/N-1 extrême
0598782186;REGELEC;2025-12-31;m81-f;9382.08;88490.24;;variation N/N-1 extrême
0598827322;GPH Development;2024-12-31;m87-f;-77167.76;192302.28;;variation N/N-1 extrême
0598994794;TAHITI;2025-12-31;m87-f;9158.48;2814.17;1.2;EBITDA > total du bilan
0599841070;Brasserie du Paradis;2025-12-31;m87-f;-37141.78;794826.17;;variation N/N-1 extrême
0599847802;TAXO TIME;2025-12-31;m87-f;15529.84;83508.64;;variation N/N-1 extrême
0599901349;SBAM;2025-12-31;m87-f;77122.44;98049.58;;variation N/N-1 extrême
0599969447;RL SOUS-TRAITANCE ENGINEERING;2025-12-31;m87-f;16560.24;105501.16;;variation N/N-1 extrême
0599970833;RAMOTOP;2025-06-30;m87-f;-17873.19;212059.23;4;variation N/N-1 extrême
0599974395;Vanhoucke Ignace;2025-03-31;m81-f;1570139.09;1498182.86;2.7;"EBITDA > total du bilan; variation N/N-1 extrême"
0600831559;L&L SERVICES;2025-12-31;m81-f;14058.62;35623;;variation N/N-1 extrême
0600859372;Infrared Research & Development;2025-12-31;m87-f;-211521.42;110280.8;1.2;variation N/N-1 extrême
0600977059;DIGIBIZ;2025-06-30;m87-f;9967.23;145712.93;;630 absent
0607966108;RaumFormat Michels;2025-06-30;m87-f;-15640.31;217598.82;3.4;630 absent
0627627612;COF³;2025-12-31;m87-f;-1934.95;12327.31;;630 absent
0627661264;WIND4FLANDERS PROJECTS 2;2025-12-31;m02-f;4468908.47;30334471.03;;EBITDA dans la bande sans personnel déclaré
0627871892;Immo Valent;2024-12-31;m87-f;-1174.49;24080.31;;variation N/N-1 extrême
0627885255;SOKABO;2024-12-31;m87-f;-11255.04;35673.52;;630 absent
0627974733;PIXOO-PRINT BELGIUM;2025-12-31;m07-f;2641.86;3840.61;;"630 absent; variation N/N-1 extrême"
0627994034;K.A.G. CONSTRUCT;2023-12-31;m07-f;11235.9;110971.77;;"exercice ancien (2023-12-31); variation N/N-1 extrême"
0628737766;ACDC Systems;2025-12-31;m07-f;1418.47;3887.4;;630 absent
0628771519;LUNETIER LUDOVIC;2025-09-30;m87-f;63568.74;274549.71;2;variation N/N-1 extrême
0628838231;HUMACOM;2025-12-31;m81-f;402866.34;1024330.3;6.9;variation N/N-1 extrême
0628915435;M-Cube Belgium;2023-12-31;m81-f;1306683.88;4198599.98;25.8;"exercice ancien (2023-12-31); dépôt plus récent inexploitable (2025-00546965:404 [m81-f-p/Initial])"
0628961460;SERENITY BUILD;2024-12-31;m87-f;-526.53;817.59;;"630 absent; variation N/N-1 extrême"
0628993827;ROLLS-ROYCE SOLUTIONS LIEGE HOLDING;2024-12-31;m02-f;-29092.71;30167034.62;;dépôt plus récent inexploitable (2026-00298931:404 [m02-f-p/Initial])
0629883158;ISO-ALLIANCE;2025-12-31;m87-f;150715.18;119632.22;4;"EBITDA > total du bilan; variation N/N-1 extrême"
0629886722;packaging4professionals;2025-12-31;m01-f;954484.74;6194315.75;22.4;variation N/N-1 extrême
0629916614;ANOE MULTISERVICES;2025-12-31;m87-f;23757.07;212224.39;;630 absent
0630620853;WRAP EUROPE;2026-03-31;m08-f;2687;166535;;"630 absent; exercice de 15 mois"
0630624912;ENJOY;2025-12-31;m87-f;5013.01;15771.21;;variation N/N-1 extrême
0630740817;KEDIO;2025-12-31;m87-f;-618.67;3809.02;;630 absent
0630788822;Pulsa Studio by HCLO3;2025-12-31;m87-f;-9841.02;14403.65;;630 absent
0630803866;FEE - FAR EAST EXPRESS EUROPE;2025-12-31;m01-f;52441.21;405083.64;1;630 absent
0630918781;STL BENELUX;2024-12-31;m81-f;432975;748907;;EBITDA dans la bande sans personnel déclaré
0631706362;The Soil Research Lab;2024-12-31;m81-f;-293645;1395198;;630 absent
0631803758;ECOPRIX BENELUX;2024-12-31;m87-f;5022.76;2304.15;;EBITDA > total du bilan
0631905015;BENZINFABRIK;2025-12-31;m81-f;462954.42;344089.67;0.7;EBITDA > total du bilan
0631910755;LIEGE TANK STORAGE;2025-09-30;m01-f;1432691.29;7366970.97;;EBITDA dans la bande sans personnel déclaré
0632460289;RAVO MIX;2025-12-31;m87-f;933.43;10137.13;;630 absent
0632576986;ENTERTAINMENT OPERATIONS;2025-06-30;m81-f;14868.77;75235.62;;630 absent
0632616083;ORANGERIE ICE 3;2023-12-31;m87-f;-106580.22;40461.35;0.4;exercice ancien (2023-12-31)
0632617568;BELAFRIC;2024-12-31;m87-f;11631.29;65634.12;;630 absent
0632803452;AUTO GARIK;2024-12-31;m01-f;319974.45;2227495.97;;EBITDA dans la bande sans personnel déclaré
0632871253;MENETIA;2024-12-31;m07-f;13343.91;43712.3;;"630 absent; variation N/N-1 extrême"
0632883824;CHARK VOYAGES;2025-12-31;m01-f;-3218.39;2853.23;;630 absent
0633494132;CONSTRUCT POOL;2023-12-31;m87-f;-41993.17;31760.25;;exercice ancien (2023-12-31)
0633588954;LOGISTICS & PACKAGING SOLUTIONS;2025-12-31;m81-f;108161.25;1151920.38;46.2;630 absent
0633639632;NCMP Musical Instruments;2025-06-30;m87-f;7045.25;46901.84;;630 absent
0633658339;Calcaire de Vinalmont;2025-12-31;m01-f;-33285.12;946916.17;0;630 absent
0633695753;PEREZ AS;2025-12-31;m07-f;-20202.22;144922.14;;630 absent
0633724556;FairOils;2025-09-30;m82-f;-702879.88;6526305.64;7.4;variation N/N-1 extrême
0633750488;Etablissements PCM sprl;2025-12-31;m07-f;57760.72;192608.04;;variation N/N-1 extrême
0633820566;CREAFLOORS;2025-12-31;m07-f;-59911.41;1015273.02;1.8;exercice de 18 mois
0633925286;Anti Aging and Beauty Company;2025-12-31;m87-f;11024.9;7087.39;;"630 absent; EBITDA > total du bilan"
0633941718;INVINEO;2023-12-31;m01-f;-6928735.3;1159011.53;19.4;exercice ancien (2023-12-31)
0633954584;THYRION ASCENDING;2025-12-31;m87-f;15454.27;649.26;;"630 absent; EBITDA > total du bilan; variation N/N-1 extrême"
0633993681;PitPoint.BE;2025-12-31;m82-f;2098427;9351095;;EBITDA dans la bande sans personnel déclaré
0634662189;J.J.S. Services;2023-12-31;m07-f;-2213.74;64463.37;0.9;exercice ancien (2023-12-31)
0635515789;BUGOOD FOOD;2025-12-31;m87-f;-1390.61;8743.13;;"630 absent; variation N/N-1 extrême"
0635581315;ALBATROSS LIQUORS;2025-06-30;m81-f;-40919.47;35958.86;0.8;variation N/N-1 extrême
0635742552;M.H. LIMOUSINES;2024-12-31;m87-f;11428.61;69140.05;;variation N/N-1 extrême
0635828862;IMMO MECHELEN CITY CENTER;2026-03-31;m02-f;2180928.57;18564078.2;;EBITDA dans la bande sans personnel déclaré
0635871226;DJ IMMO;2025-09-30;m87-f;81804.01;173037.5;;variation N/N-1 extrême
0635884191;HAUTPHENNE & FILS;2025-12-31;m87-f;24795.22;67679.97;1.3;variation N/N-1 extrême
0636759468;BGP;2025-12-31;m87-f;-1626.03;116559.23;;630 absent
0637867149;Sonaca Aircraft;2025-12-31;m02-f;-1689.98;784924.42;;630 absent
0637883282;MDCars;2025-12-31;m87-f;-865.09;1242.54;;630 absent
0638791718;CABELAG;2023-12-31;m87-f;-13321.97;26848.43;;exercice ancien (2023-12-31)
0639750830;NAUTILUS ART PRINTS;2025-12-31;m07-f;-26563.22;75910.69;;variation N/N-1 extrême
0639822589;ATELIER ALAIN LOVENBERG;2025-12-31;m87-f;43650.54;6840.38;;EBITDA > total du bilan
0639889402;C&K BELGIUM SERVICES;2023-12-31;m87-f;-37866.42;16698.15;;exercice ancien (2023-12-31)
0639910483;AM CONCEPT;2023-12-31;m87-f;18388.77;88248.89;;"630 absent; exercice ancien (2023-12-31)"
0640704893;NUN CONSTRUCT;2025-12-31;m81-f;-2280.28;654.02;;"630 absent; variation N/N-1 extrême"
0640725877;Marvan Pan;2025-12-31;m87-f;2591.42;177549.78;;630 absent
0640730431;B.J.N. Transport;2025-12-31;m81-f;-160150;110906;2;630 absent
0640828223;VRSTN;2025-09-30;m81-f;-4279.81;637520.85;;630 absent
0640984611;SABINA;2025-12-31;m87-f;-610;1752.12;;"630 absent; variation N/N-1 extrême"
0641835736;DEPARTEMENT CENTRAL DE FRACTIONNEMENT;2025-12-31;m82-f;-1667172.43;19731414.32;13.2;variation N/N-1 extrême
0641916997;CASTLE INGREDIENTS;2025-09-30;m01-f;1017304.54;43481003.79;15.1;variation N/N-1 extrême
0642551556;THERMO-EXPERT;2023-12-31;m87-f;42552.27;276528.3;;exercice ancien (2023-12-31)
0642797719;VIP BRUSSELS LIMOUSINES;2024-12-31;m87-f;-33459.51;124093.88;;variation N/N-1 extrême
0642892937;Bruxelles Containers;2025-12-31;m87-f;45014.34;237638.46;;variation N/N-1 extrême
0642932232;BELGIAN MEAT COMPANY;2025-12-31;m81-f;550761;2366769;;EBITDA dans la bande sans personnel déclaré
0642984492;AD SOLUTION FACILITY;2025-06-30;m87-f;541.02;162057.34;;630 absent
0643501166;Tip Top Team HR+;2023-12-31;m87-f;4241.89;113312.92;1.6;exercice ancien (2023-12-31)
0643613806;YAN CONCEPT;2023-12-31;m07-f;14075.66;95703.32;;"630 absent; exercice ancien (2023-12-31)"
0643684773;Flaxtrade;2025-12-31;m82-f;2659082.05;15170488.35;;EBITDA dans la bande sans personnel déclaré
0643696750;MEKADRAMA;2023-12-31;m87-f;6151.36;228129.14;;exercice ancien (2023-12-31)
0643753861;ART IN KITCHEN;2025-12-31;m81-f;22694;50611;;variation N/N-1 extrême
0643759108;ECOWORK;2024-12-31;m87-f;-7884.3;16121.25;;630 absent
0643766927;DUBOIS JMJ;2025-09-30;m07-f;17641.52;28431.75;;variation N/N-1 extrême
0643811764;YOUSAF&CO;2024-12-31;m87-f;-10890.57;11107.73;;630 absent
0643868974;Sirigu & Fils;2023-12-31;m87-f;12722.62;86278.67;;exercice ancien (2023-12-31)
0644571532;JMS²;2025-03-31;m81-f;-5388.42;110865.19;1.9;"630 absent; exercice de 3 mois"
0644575193;MOBIC PROMOTION;2025-12-31;m81-f;-159937.76;1629212.73;;630 absent
0644598751;CSPV 2;2025-12-31;m81-f;507259;1548150;;EBITDA dans la bande sans personnel déclaré
0644601820;BELGO FACADE CONTRACTING;2025-12-31;m87-f;96173.22;191394.29;;variation N/N-1 extrême
0644603008;VIGA;2025-12-31;m87-f;21375.34;32016.65;;630 absent
0644656555;B.R CONCEPT;2025-12-31;m87-f;9067.88;11381.23;;variation N/N-1 extrême
0644659624;AK-KAR;2023-12-31;m07-f;48846.9;280694.08;3;exercice ancien (2023-12-31)
0644699414;R-FIT CONCEPT;2025-06-30;m01-f;16229.64;243336.34;;630 absent
0644708718;EGD CUSTOMS;2023-12-31;m87-f;-8107;758905;;exercice ancien (2023-12-31)
0644722277;PHOENIX ENVIRONMENT;2025-12-31;m07-f;363780;2001356.38;;EBITDA dans la bande sans personnel déclaré
0644779685;FRIGO MAINTENANCE;2025-12-31;m81-f;230758.74;2805200.11;11.6;variation N/N-1 extrême
0644822940;UC Management;2025-12-31;m87-f;11055.55;32815.93;;"630 absent; variation N/N-1 extrême"
0644840855;WIND4FLANDERS PROJECTS 3;2025-12-31;m02-f;5145729.54;53196123.8;;EBITDA dans la bande sans personnel déclaré
0644976358;UNE POUR TOUTES;2025-12-31;m08-f;52746.9;71807.48;;"630 absent; variation N/N-1 extrême"
0645651301;AM CONSTRUCTION;2024-12-31;m87-f;-180024.22;130100.94;;"630 absent; variation N/N-1 extrême"
0645755229;SAP.TRANS;2025-12-31;m87-f;37270.15;74530.37;;variation N/N-1 extrême
0645803927;Jakob & Edward;2024-12-31;m87-f;-110765;145512;;variation N/N-1 extrême
0645806303;FOR BED EUROPE;2025-12-31;m01-f;-34431;38200;1.3;630 absent
0645860939;NIMA CONCEPT;2023-12-31;m07-f;26101.81;215057.87;;exercice ancien (2023-12-31)
0645869847;REALTY TEAM;2023-12-31;m87-f;-4202.52;70761.57;;exercice ancien (2023-12-31)
0645921812;HOME 21;2025-06-30;m87-f;-9803.8;77968.7;;630 absent
0645978824;FLUXYS BUNKERING;2025-12-31;m82-f;4488;2848442;;630 absent
0645988524;BEST RASUL;2025-12-31;m07-f;-15324.77;201797.44;;630 absent
0646741758;Sushi Yan Marche en Famenne;2025-12-31;m87-f;138707.04;161507.41;;variation N/N-1 extrême
0646784617;LUMINUS WIND TOGETHER;2025-12-31;m82-f;1352208.44;11048344.42;;EBITDA dans la bande sans personnel déclaré
0646875875;F&B Management;2025-12-31;m87-f;-12734.7;2008.27;;630 absent
0646901710;FT MENUISERIE;2025-03-31;m87-f;188532.14;613952.94;4;630 absent
0646913784;SOPHISTO;2024-12-31;m87-f;20;3992;;630 absent
0646966640;OGX BENELUX;2025-12-31;m82-f;654.35;56989.72;;630 absent
0646984060;Chrono Wash & Parcel Delivery;2023-12-31;m87-f;-20015.64;19137.13;;exercice ancien (2023-12-31)
0647653855;METALLIA-INDUSTRIES;2025-12-31;m87-f;29388.38;169487.11;;variation N/N-1 extrême
0647712946;TRANSPORTIF;2024-12-31;m87-f;11137.85;48641.41;;630 absent
0647727891;ELISCA;2025-12-31;m87-a;215621.14;65391.07;;EBITDA > total du bilan
0647760753;BRL Snacks;2023-12-31;m81-f;-32180.93;77961.87;;"630 absent; exercice ancien (2023-12-31)"
0647765505;TRAFIQURAIL;2024-12-31;m81-f;1118495.94;4029443.33;;EBITDA dans la bande sans personnel déclaré
0647767285;AVGM;2025-12-31;m81-f;41318.08;921513.79;0;variation N/N-1 extrême
0647847063;JRDM;2024-12-31;m87-f;206702.28;925543.69;2.5;variation N/N-1 extrême
0647848746;B.R.K. TRANSPORT;2024-12-31;m01-f;5592;40330;;630 absent
0647885269;JEBRIL COMPANY;2025-12-31;m87-f;72639;73306;;630 absent
0647946043;DIFFUSION DENTAL;2024-12-31;m07-f;-852.65;17800.56;;630 absent
0647962077;Vezon Dépannage;2025-12-31;m87-f;-10;11844;;630 absent
0648638604;LTM Transport;2023-12-31;m01-f;1263.88;270234.84;11.7;exercice ancien (2023-12-31)
0648670870;NAMé Recycling;2024-12-31;m01-f;-1421577.83;3435905.87;0.3;variation N/N-1 extrême
0648723825;LVMI;2025-12-31;m87-f;282580.99;259000.54;;EBITDA > total du bilan
0648801623;Air Belgium;2023-12-31;m02-f;-20317904.69;41984517.57;451.2;exercice ancien (2023-12-31)
0648824288;MENUISERIE BORREMANS;2025-12-31;m87-f;5760.27;59936.17;;variation N/N-1 extrême
0648957912;AIR TAXI LOW COST;2024-12-31;m87-f;23871.6;47381.59;;variation N/N-1 extrême
0648971372;OPTIQUE GERARD;2025-12-31;m07-f;-91.93;176212.65;;630 absent
0649584848;TLS & CO;2023-12-31;m87-f;-20376;119250;1.6;exercice ancien (2023-12-31)
0649817747;TRIBOX DIRECT;2024-12-31;m81-f;5565.17;142752.44;;630 absent
0649840909;LLAPI GROUP;2024-12-31;m01-f;2274;5845;;630 absent
0649856349;MAUHIN MANAGEMENT;2025-12-31;m81-f;312585.67;1902694.65;;EBITDA dans la bande sans personnel déclaré
0649858329;DE BENDIS;2025-12-31;m01-f;-23740.34;304296.84;;"exercice de 18 mois; variation N/N-1 extrême"
0650546435;BISTIS EUROPE MOVERS;2025-12-31;m07-f;-4344.26;10479.2;;630 absent
0650554650;OHB LOGISTICS & TRANSPORT;2023-12-31;m87-f;35828.52;493225.47;;exercice ancien (2023-12-31)
0650572268;VDD General Technic;2025-12-31;m07-f;85922.52;163670.33;;variation N/N-1 extrême
0650647492;AU BLE BLOND;2025-12-31;m87-f;623.04;129672.44;2.7;630 absent
0650744789;LIMOUSINE-TEAM;2025-12-31;m87-f;-40765.35;13115.75;2;"630 absent; variation N/N-1 extrême"
0650767258;SEDYAZ;2023-12-31;m87-f;2500;37.25;;"630 absent; exercice ancien (2023-12-31); EBITDA > total du bilan"
0650896130;AIR SERVICES EDRIA;2025-09-30;m87-f;-32292.85;126460.34;;630 absent
0650991150;Mochidonuts.eu;2025-12-31;m81-f;995.19;22401.07;;exercice de 21 mois
0651554245;SOTRACOM AIR TRANSIT;2025-12-31;m81-f;88894.47;866247.42;8.2;630 absent
0651668071;EUROMI BIOSCIENCES;2025-12-31;m81-f;1108742.35;4581671.89;0.9;exercice de 18 mois
0651760123;Home Based;2025-12-31;m87-f;-7949.69;175.14;;630 absent
0651876424;NatExtra;2025-12-31;m01-f;301940.07;1702034.63;;EBITDA dans la bande sans personnel déclaré
0651935911;KALISTO GLOBAL;2025-12-31;m87-f;52895.68;137986.18;;variation N/N-1 extrême
0651979263;FULLUP;2025-06-30;m87-f;190765.96;266745.2;1.1;variation N/N-1 extrême
0651992527;R.G.H.B.;2025-12-31;m87-f;917.24;975.31;;630 absent
0652714978;ART & QUALITY FOOD;2023-03-31;m82-f;-196044;804404;14.4;exercice ancien (2023-03-31)
0652742791;LVA;2023-03-31;m87-f;28640.63;80756.7;;exercice ancien (2023-03-31)
0652781888;A.R.T.WORKS;2024-12-31;m01-f;53513.71;218423.61;2.4;variation N/N-1 extrême
0652827519;JAVANUSA;2025-12-31;m87-f;-1362.13;15601.33;;630 absent
0652885719;PETER TRANSPORT;2025-12-31;m07-f;18022.51;67586.35;;variation N/N-1 extrême
0652911750;AEROSPACELAB;2025-12-31;m02-f;-10677841.9;138220489.36;218.4;dépôt plus récent inexploitable (2026-00243454:404 [m120-f-p/Initial])
0653728332;EUROP BUSINESS INTERNATIONAL;2024-12-31;m07-f;2345;118561;;630 absent
0653817216;TEMPO LOG BELGIUM;2024-12-31;m81-f;-107831.27;298269.36;1;630 absent
0653839683;HOME TEGELS;2025-12-31;m87-f;45764.86;35917.56;;"EBITDA > total du bilan; variation N/N-1 extrême"
0654718524;BOVEDA SPRL;2025-12-31;m87-f;-69065.13;18670.3;;variation N/N-1 extrême
0654747129;SOFARMEX;2026-01-31;m82-f;3248675;5234932;;"630 absent; EBITDA dans la bande sans personnel déclaré"
0654764054;MESEL;2023-12-31;m01-f;-1499;104943;;exercice ancien (2023-12-31)
0654799884;IO-BOX;2023-06-30;m81-f;8383.66;68350.03;;exercice ancien (2023-06-30)
0654829578;CAP Source;2025-12-31;m87-f;17073.69;48226.6;;variation N/N-1 extrême
0654915393;PAVIARIS;2025-12-31;m87-f;-4389.93;10110.31;;630 absent
0654921729;IT AND ECOLOGY ADVICE;2025-09-30;m87-f;49057.89;91453.06;;630 absent
0654929251;FISH'S WORLD;2024-12-31;m07-f;;;;"9901 absent; 630 absent"
0654974187;ARTHOS ENERGY;2023-12-31;m87-f;11909.15;380255.22;;"exercice ancien (2023-12-31); variation N/N-1 extrême"
0655688227;SC TECHNICOM;2025-12-31;m87-f;;53407.31;;"9901 absent; 630 absent"
0655751375;TFTC;2023-12-31;m87-f;-22100.27;23316;;"630 absent; exercice ancien (2023-12-31)"
0655807496;DOUZ FOOD;2023-12-31;m87-f;985.31;0.2;;"630 absent; exercice ancien (2023-12-31); EBITDA > total du bilan"
0655839863;SMK SERVICES;2025-12-31;m87-f;4145.93;20490.88;;630 absent
0655886779;D.L.C. SERVICE ROYAL;2025-12-31;m87-f;4967.8;82124.04;;630 absent
0655945276;La Fabrique à Chocolat;2024-12-31;m87-f;-10918.18;36825.98;;variation N/N-1 extrême
0656684852;HELIXEAR;2025-09-30;m87-f;-322.48;23912.39;;630 absent
0656799866;MUM Europe;2025-12-31;m81-f;-5557.96;960.33;;630 absent
0656813031;SAHAL TRANSPORTS;2025-12-31;m87-f;1750;4628;;630 absent
0656924679;STAR LOGISTIC COMPANY;2023-12-31;m01-f;2325.64;11780.7;;"630 absent; exercice ancien (2023-12-31)"
0657837073;HORSE TIME;2024-12-31;m07-f;111914.47;351117.31;;variation N/N-1 extrême
0657975942;BADI & MOUDI TRANS;2025-12-31;m87-f;-26398.62;43557.74;;630 absent
0658812023;MOVING;2024-12-31;m87-f;1657.15;22746.18;;630 absent
0658893086;VESALE PHARMA WOMAN HEALTH;2025-12-31;m07-f;4327.3;62157.81;;630 absent
0658914664;OUZOD;2024-12-31;m87-f;3601;47584;;630 absent
0659672452;Van Calck Group;2025-06-30;m81-f;22236;104340;;630 absent
0659736194;BE-SIGN;2025-12-31;m87-f;-21209.57;15296.09;;"630 absent; variation N/N-1 extrême"
0659802908;Brasserie VALDUC;2024-12-31;m87-f;-4636.13;29996.15;;"630 absent; variation N/N-1 extrême"
0659803995;GREENING-CO2;2023-12-31;m87-f;-315.48;5386.23;;exercice ancien (2023-12-31)
0659901391;TFS MANAGEMENT;2024-12-31;m81-f;65886.46;71670.92;;variation N/N-1 extrême
0660626220;STARLEADS;2024-12-31;m01-f;-6341.11;1750774.41;0;630 absent
0660631465;S.L. PRODUCT;2025-12-31;m87-f;-10048.35;5584.7;1.3;variation N/N-1 extrême
0660709065;TAXI H BEST SERVICE;2025-12-31;m87-f;16946.91;91386.44;0.5;variation N/N-1 extrême
0661628387;KAPTAN GROUP;2024-12-31;m07-f;11514.05;95994.11;;variation N/N-1 extrême
0661660358;ELYPSIA RECORDS;2024-12-31;m07-f;-65351.8;142356.63;;630 absent
0661672335;GAK;2025-12-31;m01-f;26458.11;286369.99;;630 absent
0661797148;PREDUSCA DNM TRANS;2024-12-31;m07-f;72580.84;266692.89;;variation N/N-1 extrême
0661851982;Nochrotech;2024-12-31;m87-f;7798.74;250339.31;;630 absent
0661979171;AGRIPORT DE PECQ;2025-12-31;m01-f;-1201.07;98131.17;;630 absent
0662367072;HERMES EXPRESS;2025-12-31;m81-f;9472;221946;;630 absent
0662432893;ISOTECH INDUSTRIES;2023-12-31;m81-f;136984.13;579760.36;11.3;exercice ancien (2023-12-31)
0662645701;PHENIX GROUP SOLUTIONS;2024-12-31;m01-f;81223.08;912046.27;3.3;variation N/N-1 extrême
0662651342;KAIZER BUSINESS CORPORATE;2025-12-31;m87-f;1982.01;14960.91;;630 absent
0662663220;NEW AUTOS PLUS;2025-12-31;m87-f;7667.75;93731.07;;630 absent
0662746164;Power 2 Green;2025-12-31;m02-f;3605686.73;21299942.03;;EBITDA dans la bande sans personnel déclaré
0662817232;JMJ Construction;2025-12-31;m81-f;15580.07;32310.3;1;630 absent
0662877412;HOLZKNACKER BELGIUM;2025-12-31;m81-f;335444.85;2182444.37;0;EBITDA dans la bande sans personnel déclaré
0662888793;DEMS ENTREPRISE;2025-12-31;m07-f;995306.72;2116553.97;;EBITDA dans la bande sans personnel déclaré
0662895426;3D PROJECT;2023-12-31;m81-f;-23959;111440;0.3;exercice ancien (2023-12-31)
0662897307;EURO BELGIUM COMPANY;2023-12-31;m07-f;-45175.3;;;"630 absent; exercice ancien (2023-12-31); variation N/N-1 extrême"
0662899582;Pierre-Baudoin Holding;2025-12-31;m81-f;208072.07;1129139.2;0;630 absent
0662957980;ITL BELGIUM;2025-12-31;m81-f;257006.34;255511.27;3.1;EBITDA > total du bilan
0662966195;ELID COMPANY;2025-12-31;m87-f;;157076;4;"9901 absent; 630 absent"
0663580562;P'tits Bouquins & Cie;2023-12-31;m87-f;28954.92;161133.41;2.9;"630 absent; exercice ancien (2023-12-31)"
0663637871;FLATLINED;2026-05-31;m87-f;85758.9;212901.63;;630 absent
0663671426;TVO LOGISTICS;2025-12-31;m81-f;58484.63;39681.82;2;EBITDA > total du bilan
0663730913;ESCAUT INDUSTRIE;2025-12-31;m01-f;1319536.77;26495448.17;;"EBITDA dans la bande sans personnel déclaré; variation N/N-1 extrême"
0663745165;LANNOY-NOURRY;2025-12-31;m87-f;572.63;42772.57;;630 absent
0663751994;COPAïBA;2025-12-31;m87-f;71556.98;222509.38;;variation N/N-1 extrême
0663924220;SPORTBACK BELGIQUE;2025-06-30;m87-f;512201.25;1809836.31;;EBITDA dans la bande sans personnel déclaré
0663962030;HANDIKAR;2025-12-31;m87-f;-26800.62;74248.93;4.8;variation N/N-1 extrême
0663980836;METALINOX DESIGN;2023-12-31;m87-f;9328.37;39488.32;;exercice ancien (2023-12-31)
0664455740;LA CIGALIERE;2025-12-31;m87-f;;50139.06;;"9901 absent; 630 absent"
0664495827;RACHID DISTRIBUTION;2025-12-31;m87-f;11673.6;64216.59;;630 absent
0664611930;LEVIS DESIGN;2025-03-31;m87-f;23215.76;135188.16;;630 absent
0664631231;ALBERO SOLUTIONS;2024-12-31;m87-f;12631.41;248639.7;1.3;630 absent
0664633904;FASHION WAY;2024-06-30;m01-f;-2029.32;56413.42;;630 absent
0664698438;AIR-EAU CHAUFFAGISTE;2024-12-31;m87-f;35634.5;105954.32;;variation N/N-1 extrême
0664802960;PREMIUM TAXI;2023-12-31;m87-f;2048.52;19094.82;;exercice ancien (2023-12-31)
0664831268;V.I.D.H.;2024-12-31;m87-f;18721.91;17936.32;;"630 absent; EBITDA > total du bilan; variation N/N-1 extrême"
0664903425;WADD;2025-12-31;m87-f;74049.86;272217.23;;variation N/N-1 extrême
0664928664;VESTACULTURE;2025-09-30;m87-f;-24898.97;164173.39;4.9;variation N/N-1 extrême
0664993297;EUROSPIRO Benelux;2025-12-31;m87-f;-4272;2414.21;;630 absent
0665526007;SAYLO;2025-12-31;m07-f;-31534.7;99384.85;;variation N/N-1 extrême
0665576188;ECOGREEN;2023-12-31;m87-f;2294.69;114146.79;;exercice ancien (2023-12-31)
0665663389;Brasserie du Pays Noir;2025-12-31;m87-f;-2112.49;1475.55;;630 absent
0665677247;NATALIS;2025-12-31;m81-f;-37401.71;336650.9;3.8;630 absent
0665773356;NDCM;2025-12-31;m87-f;3060.26;32367.64;;variation N/N-1 extrême
0665877878;DIMA4TRADING;2023-12-31;m87-f;-4497.29;7233.33;;"630 absent; exercice ancien (2023-12-31); variation N/N-1 extrême"
0665936078;MARTRANS;2023-03-31;m87-f;1207.9;17831.74;;"exercice ancien (2023-03-31); variation N/N-1 extrême"
0665966069;Brussels Limousine Riahi;2025-12-31;m87-f;5291.49;4777.19;;EBITDA > total du bilan
0666406529;SLM AUTO;2025-12-31;m07-f;54484;335598;;variation N/N-1 extrême
0666467796;LUXURY FULL CAR;2025-12-31;m87-f;-11571.2;18568.04;;variation N/N-1 extrême
0666513922;CAR PRESTIGE;2023-12-31;m87-f;-28554.98;176814.32;;"630 absent; exercice ancien (2023-12-31)"
0666666350;CAROLO RECYCLING;2025-12-31;m01-f;-3474.64;97910.53;;630 absent
0666693371;BUBBLES BRUSSELS;2023-12-31;m87-f;;27735;;"9901 absent; 630 absent; exercice ancien (2023-12-31)"
0666866189;MV-STORE;2025-12-31;m87-f;2005.5;65932.13;;"exercice de 3 mois; variation N/N-1 extrême"
0666899942;BLUE PARTNERS PROFITABLE;2024-12-31;m87-f;-42977;77669;;630 absent
0666984074;GREEN4POWER;2025-12-31;m02-f;10933836.3;80129491.16;;EBITDA dans la bande sans personnel déclaré
0667491840;ILIAS;2025-12-31;m87-f;38952;31564;;EBITDA > total du bilan
0667548357;BREMEN;2025-12-31;m81-f;-3554.1;1616307.35;;"630 absent; variation N/N-1 extrême"
0667601213;TAXIS DE LA DYLE;2024-12-31;m07-f;32318.53;42754.61;1;variation N/N-1 extrême
0667684850;WIND4FLANDERS PROJECTS 4;2025-12-31;m02-f;5365346.39;49856823.04;;EBITDA dans la bande sans personnel déclaré
0667687919;DYNAMIC DENTAL SERVICES;2024-12-31;m87-f;-8094.96;203874.5;;630 absent
0667730677;DERMAX;2025-12-31;m01-f;1201035;5726933;;EBITDA dans la bande sans personnel déclaré
0667827182;JOE-EDO;2023-12-31;m81-f;128015.69;1085617.21;19.9;exercice ancien (2023-12-31)
0667836486;ISA GROUPE;2025-06-30;m87-f;17629.78;32047.92;1;630 absent
0667897260;I.M.W.S.;2023-12-31;m81-f;275629.47;2364761.41;184.3;"630 absent; exercice ancien (2023-12-31)"
0667903297;KCF WAPI;2024-12-31;m87-f;136195.81;911702.77;;630 absent
0667948433;PELPAT;2025-12-31;m81-f;8063.24;252173.01;0.6;630 absent
0668497373;NEXT ENERGY;2025-12-31;m01-f;-52488.66;8095.36;1;630 absent
0668605756;CURRY FOOD;2023-12-31;m87-f;-5274.07;5340.84;;"630 absent; exercice ancien (2023-12-31); variation N/N-1 extrême"
0668614862;L'BOTIKE DEL BOLINDJî;2025-06-30;m07-f;-90774.65;61802.29;;"630 absent; variation N/N-1 extrême"
0668617931;Mantarace;2025-12-31;m87-f;-807.48;21987.83;;630 absent
0668683554;CHERIF;2025-12-31;m87-f;-8125;7510;;630 absent
0668729381;ATOUT VASS;2025-12-31;m87-f;12647.63;3104.77;;EBITDA > total du bilan
0668793719;GSM EXPRESS;2023-12-31;m07-f;-4297.56;15876.69;;exercice ancien (2023-12-31)
0668815592;PP HABITAT;2025-12-31;m87-f;949823.47;1069004.02;;EBITDA dans la bande sans personnel déclaré
0668892697;TERRASSEMENT WILKIN-CORNET;2023-06-30;m87-f;-6979.54;54195.41;;exercice ancien (2023-06-30)
0669531612;MOUNACAR;2025-12-31;m87-f;-111126.54;30155.57;;variation N/N-1 extrême
0669560910;Jean-Louis BOESMANS;2025-12-31;m87-f;363839.37;1299016.65;0;EBITDA dans la bande sans personnel déclaré
0669731946;Renaissance Design;2023-12-31;m87-f;36745.42;126969.64;2.3;exercice ancien (2023-12-31)
0669839834;D&A TRANS;2024-12-31;m87-f;56934.18;274833.22;2.7;exercice de 15 mois
0669865370;GENERAL PROJECT;2023-06-30;m81-f;109049.15;1099162.87;;exercice ancien (2023-06-30)
0669921491;Challenge Airlines (BE) S.A;2024-12-31;m02-f;-6960907.34;78446702.97;93.5;variation N/N-1 extrême
0669978901;GM GENERAL CONSTRUCT;2025-06-30;m87-f;116384.52;968934.22;;630 absent
0670452221;HAESKO;2025-12-31;m87-f;6857.38;133221.41;;630 absent
0670472116;VAAT 1927;2025-12-31;m87-f;-69681.42;39942.7;0.3;"630 absent; variation N/N-1 extrême"
0670525069;PRONTO CAR;2024-12-31;m87-f;-2580.08;29277.81;;630 absent
0670534670;SAGEC;2024-06-30;m87-f;-16224;30285;;variation N/N-1 extrême
0670553674;LES VENTS D'ARPES;2025-12-31;m01-f;1541069.59;9463482.17;;EBITDA dans la bande sans personnel déclaré
0670597226;Eole Modave;2025-12-31;m87-f;321061.4;3072846.3;;EBITDA dans la bande sans personnel déclaré
0670691355;TechnoGSM;2023-12-31;m87-f;2923.15;18027.78;;"630 absent; exercice ancien (2023-12-31)"
0670729858;SPIK JR;2025-12-31;m87-a;13481.4;71460.49;;630 absent
0670755988;ELEG;2023-06-30;m01-f;26181.88;198035.92;;exercice ancien (2023-06-30)
0670788850;I-Lube;2024-12-31;m81-f;-39564.59;149108.02;5.8;630 absent
0670866747;MA DECOR;2025-12-31;m87-f;1678.53;52768.45;;630 absent
0670901389;ASMF;2025-12-31;m87-f;-55762.39;71723.99;1;variation N/N-1 extrême
0670914158;AR-Top;2025-12-31;m87-f;-2577.76;2342.11;;630 absent
0671454289;EUGENIE ESPACE BEAUTE;2024-12-31;m81-f;-2617.53;69249.23;;630 absent
0671509224;MOTIOBEL;2025-12-31;m81-f;29183.26;158873.1;;"630 absent; variation N/N-1 extrême"
0671581181;HOTELS BY C;2025-12-31;m01-f;1338179.71;29537948.27;;EBITDA dans la bande sans personnel déclaré
0671611172;TAGOLI;2025-03-31;m87-f;-17363;15801.85;;variation N/N-1 extrême
0671652249;EATWELL;2025-03-31;m87-f;50385.05;231812.04;4.8;variation N/N-1 extrême
0671656902;NATÜRLICH HUNGER;2025-09-30;m87-f;-45587.7;6331.74;;"630 absent; variation N/N-1 extrême"
0671743608;ACT SERVICES;2025-12-31;m87-f;3839.9;25393.72;;variation N/N-1 extrême
0671830116;TRADEVA;2025-09-30;m81-f;126966.8;857161.29;1;variation N/N-1 extrême
0671881980;EnviroLead;2025-12-31;m81-f;45973.09;1176810.74;1;630 absent
0671937608;TRANSPORTS POTGENS;2025-12-31;m87-f;49434;358517;;variation N/N-1 extrême
0671996697;Sink Float Solutions Europe;2025-07-31;m01-f;-88;14027.38;;630 absent
0672428744;BRUSSELS EU EMPIRE LIMOUSINE;2025-09-30;m07-f;922.31;115029.76;;variation N/N-1 extrême
0672568009;AREVER;2023-12-31;m07-f;21437.15;154019.37;;exercice ancien (2023-12-31)
0672677776;ELECTRON LIBRE;2023-12-31;m07-f;46339.14;36569.29;;"exercice ancien (2023-12-31); EBITDA > total du bilan"
0672798829;SCHEHERAZADE PROJECT;2025-12-31;m87-f;10924.94;164031.98;;variation N/N-1 extrême
0672799027;AK TRANS BUSINESS;2025-12-31;m87-f;-8333.68;43056.46;;630 absent
0672879892;INDL;2025-12-31;m81-f;486667.32;4970681.46;;EBITDA dans la bande sans personnel déclaré
0672888406;BEREA SOTRAD INTERNATIONAL;2024-12-31;m01-f;4169299.05;7566121.36;;"EBITDA dans la bande sans personnel déclaré; variation N/N-1 extrême"
0672922355;BOWTEX;2025-12-31;m87-f;424735.31;792489.14;;EBITDA dans la bande sans personnel déclaré
0672947792;CHOP-SA SERVICES;2023-12-31;m81-f;169809.58;467699.33;;"exercice ancien (2023-12-31); variation N/N-1 extrême"
0672949079;LAVIOLETTE CHAUFFAGE & PLOMBERIE;2025-12-31;m87-f;59773.15;99915.56;;variation N/N-1 extrême
0673499209;BRASSERIE SAINT-LAZARE;2025-12-31;m07-f;13310;247120;;variation N/N-1 extrême
0673574235;VASSART & CO Chauffage et Climatisation Industrielle;2025-12-31;m87-f;-1213.95;45002.78;;630 absent
0673693605;ALEXI;2025-06-30;m81-f;45260.32;152306.65;;variation N/N-1 extrême
0673712510;EASY KEY;2025-12-31;m01-f;30437;82679;;630 absent
0673737551;AAK Bastogne;2025-12-31;m02-f;2215680.33;6531411.84;6.1;variation N/N-1 extrême
0673751706;Royal Brand;2024-06-30;m07-f;23500.72;73896.97;;630 absent
0673771403;HUCCORGNE BEER;2025-12-31;m87-f;5608.42;41118.57;;630 absent
0673805253;Maryse LARSIMONT;2023-12-31;m07-f;-42510.17;163740.33;1.1;"exercice ancien (2023-12-31); variation N/N-1 extrême"
0673811884;COCHEZ COMPANY;2025-12-31;m81-f;602.66;912516.45;0.1;630 absent
0673871668;QUEENSBERG;2024-09-30;m87-f;-5137.05;175836.27;2;variation N/N-1 extrême
0673892850;BRIQUE NOIRE;2025-12-31;m87-f;-1933.59;27738.28;;630 absent
0673948476;AL STYL;2025-12-31;m87-f;16265.22;167962.4;2.8;variation N/N-1 extrême
0674383095;MY AUTO CONCEPT;2025-12-31;m87-f;-122732.79;190323.01;;variation N/N-1 extrême
0674411603;ASD;2025-12-31;m87-f;44847.27;154947.9;;"630 absent; variation N/N-1 extrême"
0674420610;AR Contemporary Creations;2025-12-31;m07-f;-525.41;5104.13;;630 absent
0675340130;NIGHT AND DAY ENTREPOT;2025-12-31;m81-f;-7322;44307;13.9;630 absent
0675393281;PROXA MOBILE;2025-06-30;m81-f;-457657.37;1059665.48;;variation N/N-1 extrême
0675398528;GMH;2024-12-31;m07-f;-3030.55;8056.47;;630 absent
0675429608;LIBBURO MANAGEMENT COMPANY;2024-12-31;m87-f;64.1;3053.34;;630 absent
0675454154;FLOW INTERNATIONAL;2024-12-31;m87-f;34174;41346;;"630 absent; variation N/N-1 extrême"
0675460587;MARCEL BIKE CAFE;2025-12-31;m87-f;-2795;5084;;630 absent
0675499981;JC GARAGE;2025-12-31;m87-f;;12442.44;;"9901 absent; 630 absent"
0675547095;Cherelle;2023-09-30;m87-f;-26320.84;25477.58;2;exercice ancien (2023-09-30)
0675561646;EcoLodge;2023-12-31;m81-f;-182622.13;168665.24;3.4;exercice ancien (2023-12-31)
0675648550;MOLENBIKE;2024-12-31;m07-f;10.02;8778.51;;630 absent
0675670425;BA-TECHNIC CONSTRUCT;2023-12-31;m07-f;33134.64;127798.78;;"630 absent; exercice ancien (2023-12-31); variation N/N-1 extrême"
0675794644;iSHOP;2025-12-31;m87-f;11061.2;54331.03;;variation N/N-1 extrême
0675838788;O SERVICES GROUP;2025-12-31;m87-f;43642.53;235873.2;6.2;variation N/N-1 extrême
0675862148;NTT DECO SRL;2023-12-31;m87-f;-7665.93;51171.25;;exercice ancien (2023-12-31)
0675865019;RJ COMPANY;2024-12-31;m87-f;2294.61;3234.11;;630 absent
0675866504;MAISON LAVOISIER;2024-12-31;m87-f;53366.99;119278.99;;variation N/N-1 extrême
0675873729;ARI&ONAT;2025-12-31;m87-f;2420.89;27646.25;;630 absent
0675880162;freva.com;2025-12-31;m87-f;80798.38;156398.02;;630 absent
0675928068;SoluMob Volontaires;2025-12-31;m08-f;-25631.46;175210.56;7.3;630 absent
0675961128;VG PRODUCTION;2025-12-31;m81-f;-1526.93;1375.36;;"630 absent; variation N/N-1 extrême"
0675981716;JAD SERVICES;2025-12-31;m07-f;8213.61;229118.04;;630 absent
0676382582;ANTI CRISIS ANTI CRISE;2025-12-31;m07-f;10319.44;20982.56;;"630 absent; variation N/N-1 extrême"
0676427421;KIMROY;2025-06-30;m81-f;311638.43;4331799.76;;EBITDA dans la bande sans personnel déclaré
0676501358;TM MOTORS;2024-12-31;m87-f;-993.9;70837.03;;630 absent
0676540851;WIND4WALLONIA 2;2025-12-31;m02-f;3991395.63;48744795.98;;EBITDA dans la bande sans personnel déclaré
0676583809;ETO TRANS;2024-12-31;m87-f;4694.19;43592.64;;630 absent
0676685361;CISEO;2025-12-31;m01-f;11036.35;844116.26;0;630 absent
0676900741;BCS MODE;2025-12-31;m81-f;7145.76;2841.66;;"630 absent; EBITDA > total du bilan"
0676900939;MESO 12;2025-12-31;m87-f;47654.95;36436.54;;EBITDA > total du bilan
0676906679;MICRO BRASSERIE LA POSTE;2025-12-31;m87-f;-4419.89;23296.8;;variation N/N-1 extrême
0677480365;TAILFERHYDRO;2025-12-31;m01-f;1650297.97;10782721.47;;EBITDA dans la bande sans personnel déclaré
0677552126;ELLI-TERRE;2023-06-30;m87-f;29404;842318;;exercice ancien (2023-06-30)
0677570734;easyPV;2025-12-31;m81-f;376739.34;1972041.41;0;EBITDA dans la bande sans personnel déclaré
0677601715;"""METHAVERNEUX""";2024-12-31;m87-f;361321.77;2972288.67;;EBITDA dans la bande sans personnel déclaré
0677627152;LICX;2025-12-31;m81-f;108878.84;179131.63;;variation N/N-1 extrême
0677717917;COGEN SERVICE;2025-12-31;m81-f;-4884.62;99008.66;;630 absent
0677759487;GSKI EXPRESS;2023-12-31;m87-f;11420.5;54164;2.5;exercice ancien (2023-12-31)
0677767209;TRANSPORT CARS AND SERVICES;2024-12-31;m87-f;-1034.74;2885.44;;630 absent
0677842136;VIP BELGIUM LIMOUSINES;2025-12-31;m07-f;26689.09;65947.88;;variation N/N-1 extrême
0677861635;DESAMOCO;2025-12-31;m81-f;-489;263;;630 absent
0677924882;Brasserie de la Couronne;2023-12-31;m87-f;295.92;757235.16;0.3;exercice ancien (2023-12-31)
0678364550;VAN HOUCK;2024-12-31;m87-f;102356;154350;;variation N/N-1 extrême
0678409684;MARCHANDISE MONTZEN;2025-12-31;m81-f;15291.37;2920471.87;5;exercice de 18 mois
0678461154;ELSINORE;2025-12-31;m01-f;894969.87;25331243.83;0;EBITDA dans la bande sans personnel déclaré
0678461253;Davos;2025-12-31;m01-f;448898.13;25984672.63;0;EBITDA dans la bande sans personnel déclaré
0678461352;CAPRESE II;2025-12-31;m01-f;1372555.15;26044555.86;0;EBITDA dans la bande sans personnel déclaré
0678461451;FIGUERAS;2025-12-31;m01-f;920564.93;19898597.53;0;EBITDA dans la bande sans personnel déclaré
0678487086;Flash Raccoon;2025-12-31;m07-f;-2190.88;32256.79;;630 absent
0678509357;GOgreen;2023-12-31;m81-f;-33734.8;648047.52;6.3;exercice ancien (2023-12-31)
0678522819;GALOPIN;2025-12-31;m87-f;-980.75;420722.74;;630 absent
0678542714;ARTEAM interactive;2025-06-30;m87-f;-9749;111562;1;630 absent
0678557956;ERELCO;2025-09-30;m87-f;23357.11;441085.6;;variation N/N-1 extrême
0678580920;NST GROUP;2023-12-31;m87-f;25163.09;77065.77;1;exercice ancien (2023-12-31)
0678610812;BOCA GROUPAGES & SERVICES;2025-12-31;m81-f;-167938.79;491734.64;2.9;variation N/N-1 extrême
0678625361;ATELIER CHARLOTTE COURJON;2025-12-31;m87-f;11505.12;47623.12;;variation N/N-1 extrême
0678737803;MOBILE EXPERTS;2024-12-31;m87-f;19715.9;131262.31;;630 absent
0678761557;RAA BUSINESS;2025-12-31;m87-f;59876.37;147104.72;;630 absent
0678777096;Statkraft Brussels;2025-12-31;m81-f;69302.77;615900.21;3.6;630 absent
0678830942;CODEMA PHARMA;2025-12-31;m07-f;-34489.26;375958.83;;630 absent
0678901614;HROSS INVEST;2023-12-31;m87-f;-90292;9955.3;;"exercice ancien (2023-12-31); variation N/N-1 extrême"
0678918143;MDAB;2024-12-31;m07-f;72206.71;223129.63;7;variation N/N-1 extrême
0678963277;Miracor Medical;2025-12-31;m01-f;-208441.73;1214723.3;0;630 absent
0678965950;META4.BE;2025-12-31;m81-f;35946.19;123735.93;2.6;variation N/N-1 extrême
0679460452;Organic Group;2023-12-31;m87-f;1484.97;1952.12;;exercice ancien (2023-12-31)
0679477872;BERIOT CLEANING;2023-12-31;m87-f;-3337.96;19200.59;;"exercice ancien (2023-12-31); variation N/N-1 extrême"
0679488067;GESTEC;2025-12-31;m02-f;621657.95;1069848.26;26.8;variation N/N-1 extrême
0679515286;ENTREPRISE CICERO;2025-12-31;m87-f;107509.5;83894.7;;EBITDA > total du bilan
0679593480;SCA CONCEPT;2025-12-31;m07-f;-17919.04;22431.82;;variation N/N-1 extrême
0679666924;RWT Global Solutions;2025-12-31;m81-f;127355.48;228625.22;1.8;variation N/N-1 extrême
0679670684;F4E;2025-12-31;m87-f;8852.03;476920.12;;630 absent
0679709583;BREATH;2025-09-30;m81-f;-45828.23;697194.32;0.5;630 absent
0679778374;MOUR-EXPRESS;2023-12-31;m87-f;82712.12;112614.69;;"exercice ancien (2023-12-31); variation N/N-1 extrême"
0679888242;Terres de Craie;2025-12-31;m87-f;316923.09;1595159.14;2.7;variation N/N-1 extrême
0679989992;OCUPRO;2025-12-31;m87-f;43139.5;84220.42;;630 absent
0680473707;Moksee;2025-05-31;m07-f;8081.22;26534.09;;variation N/N-1 extrême
0680538142;M&M PRO LIFE;2023-12-31;m87-f;-40230.71;73170.17;;exercice ancien (2023-12-31)
0680571497;ITRAD;2023-12-31;m87-f;88335;170058;0.1;exercice ancien (2023-12-31)
0680698488;AURELIEN MATEO;2024-12-31;m87-f;30707.32;107034.49;;variation N/N-1 extrême
0680783018;Com & Co;2025-09-30;m87-f;238355.32;399129.89;4.3;630 absent
0680788758;FAST 4 YOU;2023-12-31;m07-f;32354.55;294234.56;;exercice ancien (2023-12-31)
0680822610;M&C CLES SERVICE;2025-12-31;m87-f;6263.14;68673.13;;"630 absent; variation N/N-1 extrême"
0680836565;RESPECTEA INVEST;2025-12-31;m87-f;492014.9;4749260.26;;EBITDA dans la bande sans personnel déclaré
0680850126;LUXURY RAS;2024-12-31;m07-f;8697.09;18082.66;;630 absent
0680993943;LIMOKAY;2024-12-31;m07-f;-1172.44;29594.18;;630 absent
0681442618;L’Avenir Design;2023-12-31;m87-f;16753.78;65844.49;;exercice ancien (2023-12-31)
0681461424;MTD BELGIË;2025-12-31;m81-f;110355.11;360802.85;0.2;630 absent
0681501313;MAREX SUBSEA;2023-12-31;m87-f;43020.4;702073.03;;exercice ancien (2023-12-31)
0681577032;PAUSE ATTITUDE;2024-12-31;m81-f;23886.99;175289.95;;630 absent
0681703132;VITES TRANS;2024-06-30;m07-f;-12902.78;995.7;;630 absent
0681776475;T&R Concept;2025-12-31;m07-f;-15591.69;15806.09;;630 absent
0681812901;Blancke Food Service;2025-12-31;m87-f;-1503.9;308.52;;630 absent
0681948701;LIMO GOLD;2023-12-31;m87-f;-5161.63;14647.63;;exercice ancien (2023-12-31)
0682408559;Eole Agri Enviro;2025-12-31;m81-f;4434355.37;29843695.51;;EBITDA dans la bande sans personnel déclaré
0682545448;FIRAT SHIPPING & TRADING;2023-12-31;m87-f;30691.89;637762.68;;exercice ancien (2023-12-31)
0682562274;ARAS EXPRESS;2023-12-31;m81-f;-62558.5;1518913.1;;exercice ancien (2023-12-31)
0682631461;PROSTHESIS;2024-12-31;m07-f;24745.31;37955.38;;variation N/N-1 extrême
0682665016;NM;2023-12-31;m01-f;-23842;11;;exercice ancien (2023-12-31)
0682665709;R.B.S. TRANS;2025-12-31;m81-f;556053.38;1674390.39;;EBITDA dans la bande sans personnel déclaré
0682666105;ZEN TEX;2024-12-31;m87-f;-5918.95;13268.87;;630 absent
0682762511;PLUS OULTRE DISTILLERY;2025-03-31;m87-f;17936.83;687645.05;0.5;exercice de 15 mois
0682770429;AF FASHION;2025-12-31;m87-f;-472693.2;111858.79;0.7;variation N/N-1 extrême
0682814672;DINA CONSTRUCT;2025-12-31;m81-f;2542.34;45009.55;;630 absent
0682874654;EUROVENTILATORI BELGIUM;2024-12-31;m87-f;-18867.6;14627.62;;"630 absent; variation N/N-1 extrême"
0682899695;MARIO-FRESH;2025-12-31;m87-f;22995.51;733368.6;;variation N/N-1 extrême
0682912068;WASSA;2023-12-31;m87-f;;100;;"9901 absent; 630 absent; exercice ancien (2023-12-31)"
0682914543;BRASSERIE H2O;2025-12-31;m87-f;-7795.5;3176.11;;variation N/N-1 extrême
0683519408;ORTHOTEC EVOLUTION;2025-12-31;m07-f;-1110.39;17589.6;;630 absent
0683559889;MOTION LOG;2025-12-31;m87-f;9968.65;81811.85;;630 absent
0683583150;LOUNA TRANS;2023-12-31;m07-f;-12271.49;11084.24;;"630 absent; exercice ancien (2023-12-31)"
0683604233;LIMO DIAMOND;2025-12-31;m87-f;3529.61;72522.47;;630 absent
0683629175;AS Technique;2025-12-31;m87-f;33394.67;266661.4;;630 absent
0683671935;BIOTEC INTERNATIONAL CORPORATE;2025-12-31;m87-f;70197.18;301739.23;;630 absent
0683678764;APPARENCES France;2025-12-31;m87-f;-11998;37178;;630 absent
0683691434;KARISMA AUTO SERVICE;2024-12-31;m01-f;129237;224240;;variation N/N-1 extrême
0683716871;QUALITY SET IMMOBILIER;2025-09-30;m87-f;377216.65;6542151.32;;EBITDA dans la bande sans personnel déclaré
0683866331;BURDINOLA BENELUX;2025-12-31;m81-f;4545.07;243418.15;2;630 absent
0683950166;HISTORIES;2025-12-31;m08-f;25343.47;1054298.98;15.5;630 absent
0683975605;GLAUKOS BELGIUM;2024-12-31;m81-f;59012.15;995752.65;;630 absent
0684477530;BRAUN TECHNI-HOME;2025-12-31;m87-f;-4360.23;32121.88;;630 absent
0684507026;HiFoodTec;2025-12-31;m81-f;-1638.33;15223.18;;630 absent
0684507323;STANLEY'S AUCTION;2026-06-30;m07-f;46819.92;309972.57;;variation N/N-1 extrême
0684549487;DB.S;2025-12-31;m81-f;-163204;115612;1;630 absent
0684608479;LA RELEVE;2024-12-31;m07-f;38973.86;106516.26;;variation N/N-1 extrême
0684651536;TRANSCARLOS BUSINESS;2024-12-31;m01-f;-9807.72;93111.76;;630 absent
0684698155;SEVEN ELEVEN SERVICES;2025-12-31;m81-f;29688;23853;1;EBITDA > total du bilan
0684725671;THE ONE PROJECT;2023-12-31;m81-f;56899.11;1276174.84;;exercice ancien (2023-12-31)
0684741608;Art Sonore;2025-12-31;m87-f;5215.97;14868.15;;630 absent
0684820097;VOLENTIS;2025-12-31;m87-f;20026.68;58555.7;1.4;630 absent
0684848506;The Extrusion Company;2025-12-31;m01-f;660459;493226;6.9;EBITDA > total du bilan
0684906013;EGEIRO PHARMA;2023-12-31;m02-f;-1111099.39;7534190.05;7.5;exercice ancien (2023-12-31)
0684965993;ARCADI ALLIANCE;2025-12-31;m87-f;141929.3;395079.98;;variation N/N-1 extrême
0685413975;EKWALIM;2025-12-31;m87-f;-16524;22135;;"630 absent; variation N/N-1 extrême"
0685421004;DELTO-PULL;2023-12-31;m81-f;1153.65;2585033.97;0;exercice ancien (2023-12-31)
0685422091;G.K. INT;2023-12-31;m87-f;80375.06;183406.87;;exercice ancien (2023-12-31)
0685503255;SINFONY BELGIUM;2025-12-31;m87-f;509306.05;1503506.73;0.8;variation N/N-1 extrême
0685572838;LEPANTO OUALD;2023-12-31;m07-f;16652.18;91779.12;0.1;exercice ancien (2023-12-31)
0685584716;INFINITY SYSTEM;2024-12-31;m01-f;-152654.94;141845.97;;"630 absent; variation N/N-1 extrême"
0685683102;ML WAY;2025-12-31;m87-f;-10184.84;12367.4;;630 absent
0685734867;OJF;2024-12-31;m07-f;3790.62;61354.22;;630 absent
0685762284;LINATrans;2025-12-31;m87-f;-11333.55;14000;;630 absent
0685903529;ELBM TTS SRL;2025-12-31;m07-f;-55171.95;103751.15;;variation N/N-1 extrême
0685912536;CAROLO SPIRIT;2025-12-31;m87-f;-56028.17;165533.09;;"630 absent; variation N/N-1 extrême"
0686562139;TM FOOD & Co;2025-12-31;m87-f;50730;430594;5.2;variation N/N-1 extrême
0686591635;Group Liman;2025-12-31;m07-f;44183.75;88485.09;0.5;630 absent
0686591833;La Hulpe Real Estate;2025-12-31;m01-f;358469.59;3520085.95;;EBITDA dans la bande sans personnel déclaré
0686790781;INTUISIX;2025-06-30;m87-f;18055.47;55821.23;;variation N/N-1 extrême
0686837402;BOILER ROOM;2025-12-31;m07-f;-113897.39;77197.79;;630 absent
0686845221;AKL Services;2025-12-31;m87-f;-93623.28;587043.65;14.3;variation N/N-1 extrême
0686908666;Caloine;2025-12-31;m87-f;11531.32;96391.55;;variation N/N-1 extrême
0686949248;Dose-TEC;2025-12-31;m81-f;131871.68;508620.07;1;"630 absent; variation N/N-1 extrême"
0686978942;EE Erquelinnes;2025-12-31;m81-f;-12460.81;1420955.39;;630 absent
0687558665;SELECT CAR SERVICE;2024-12-31;m87-f;-7916.1;19147.68;;630 absent
0687682290;ATS Quality;2025-12-31;m81-f;-28611;176916;3;630 absent
0687744054;HKK GROUP;2025-12-31;m87-f;-1580.24;46899.43;;630 absent
0687746133;BOUCHERIE ANTOINE-MULLER;2024-12-31;m87-f;43124.71;417280.74;3.8;variation N/N-1 extrême
0688545491;NAVISIM;2025-06-30;m87-f;26519.01;42860.23;;630 absent
0688609334;SCToit;2025-12-31;m87-f;2564.82;75476.94;3.1;variation N/N-1 extrême
0688628437;ONIE;2025-12-31;m87-f;162.24;207348.18;;630 absent
0688669613;VAN'EGG;2025-12-31;m87-f;32472.44;99291.26;;variation N/N-1 extrême
0688889446;TRANSPORT LUNION;2025-12-31;m87-f;14775.06;304645.77;;630 absent
0688965165;BIOLOGIE CLINIQUE ANNE TAMIGNIAU;2025-12-31;m87-f;388523.98;381762.38;;"EBITDA > total du bilan; EBITDA dans la bande sans personnel déclaré"
0688996641;LDBO;2025-12-31;m87-f;118525.83;112512.19;;EBITDA > total du bilan
0688998819;PREST'IJS TRAVELS;2025-12-31;m07-f;-9578.89;33460.49;;630 absent
0689602791;SBH Invest;2025-12-31;m01-f;401463.94;1188912.88;;EBITDA dans la bande sans personnel déclaré
0689672671;MHD COMPANY;2025-12-31;m87-f;3723.96;2514.65;;"630 absent; EBITDA > total du bilan"
0689785212;K.B. Store;2023-12-31;m07-f;222;25082;;exercice ancien (2023-12-31)
0689936947;KIN EXPRESS PRODUCTIONS;2024-12-31;m87-f;1180.45;946.63;;"630 absent; EBITDA > total du bilan"
0689956347;Zenaga;2025-12-31;m87-f;472.53;9054.25;;630 absent
0690544384;AMR LIMOUSINE;2023-12-31;m87-f;17165.52;67345.64;;exercice ancien (2023-12-31)
0690565368;SEYTEK;2025-12-31;m87-a;52017.88;68486.92;;variation N/N-1 extrême
0690585461;ROJ.TEX;2025-12-31;m87-f;9377.37;86466.47;;630 absent
0690685530;HARAS DU REZIDAL;2025-12-31;m87-f;35524.58;299474.93;2.3;variation N/N-1 extrême
0690734723;OUTSIDE DREAM;2025-12-31;m87-f;17068;42963;;variation N/N-1 extrême
0690835186;SEE YOU TOMORROW!;2025-09-30;m87-f;194008.06;190495.22;;EBITDA > total du bilan
0690915261;BRABUS CAR;2024-12-31;m87-f;-18321.71;54868.44;;variation N/N-1 extrême
0690947232;AZ CAR;2025-12-31;m87-f;11288.77;37699.45;;"630 absent; variation N/N-1 extrême"
0690962078;ARTESCAUT;2025-12-31;m81-f;79848.58;324550.45;1.3;variation N/N-1 extrême
0690966731;M-G SERVICES;2023-12-31;m87-f;45095.02;140850.11;;exercice ancien (2023-12-31)
0690980686;JERDICO;2025-12-31;m81-f;5213.14;446035.79;26.3;630 absent
0691553778;SLMA;2023-12-31;m87-f;39822.48;291836.08;3.5;exercice ancien (2023-12-31)
0691583769;NOURANE;2023-12-31;m87-f;-7678.49;38987.14;1.9;exercice ancien (2023-12-31)
0691586343;SOLARCYCLE;2025-12-31;m81-f;9247.06;349941.49;;630 absent
0691657312;CANDY'S COFFEE;2025-12-31;m87-f;-35410.46;38125.76;3.1;variation N/N-1 extrême
0691685422;ITA Logistics;2025-12-31;m81-f;57967;316386;;630 absent
0691692350;GLOBAL MULTI SERVICES;2023-12-31;m87-f;18200;237176;;exercice ancien (2023-12-31)
0691784796;DEDE TRANSPORT;2024-12-31;m87-f;8749.52;73748.11;;"630 absent; variation N/N-1 extrême"
0691805780;WBA TRANSPORT;2024-11-30;m87-f;24344.46;386972.49;1;variation N/N-1 extrême
0691820628;COUR DE CORTENBACH;2025-12-31;m87-f;-31926.13;382699.6;;variation N/N-1 extrême
0691929011;SY CONCEPT;2025-12-31;m87-f;-42215.07;29701.37;0.2;variation N/N-1 extrême
0691969987;CARTEL NAMA;2025-12-31;m87-f;4035.57;3501;;"630 absent; EBITDA > total du bilan"
0692618602;FIGUEIRA THERMO-CONFORT;2025-12-31;m87-f;9347.25;124261.61;;630 absent
0692633250;ALEXA EVOLUTION;2025-12-31;m87-f;729.96;25148.01;;630 absent
0692868822;SHUTTLE BRIDGE LOGISTICS;2025-12-31;m87-f;62374.29;479232.96;1.7;variation N/N-1 extrême
0692878621;AMG MULTISERVICES;2023-12-31;m87-f;-19430.83;103530.86;;exercice ancien (2023-12-31)
0692906038;ALL FOR YOU;2025-12-31;m07-f;-3309.35;;;630 absent
0693672338;RAPISERVICES;2025-12-31;m07-f;51021.49;84015.63;;variation N/N-1 extrême
0693697181;HTM INVEST;2025-12-31;m07-f;-13305.23;36250.83;;630 absent
0693704111;API Management;2025-12-31;m87-f;57424.36;125254.31;;variation N/N-1 extrême
0693713811;FOUR.V.21;2023-12-31;m87-f;-15622.62;26259.6;;"630 absent; exercice ancien (2023-12-31)"
0693779137;EE Genappe;2025-12-31;m81-f;-7221.48;939366.8;;630 absent
0693835852;GEKKOIL;2023-12-31;m87-f;3527.67;38766.35;;exercice ancien (2023-12-31)
0693871088;MIRAC GROUP;2023-12-31;m81-f;7845.51;74590.39;;exercice ancien (2023-12-31)
0693936713;DISTRICHOC BELGIUM;2025-06-30;m81-f;1814223.6;1739377.64;22.5;EBITDA > total du bilan
0693971949;HENCEFORTH CARENTON;2023-06-30;m07-f;-1172.42;29789.34;;exercice ancien (2023-06-30)
0694565035;K&S TRANS;2025-12-31;m87-f;-4478.51;12036.54;;"630 absent; variation N/N-1 extrême"
0694645902;NILY LIMOUSINE SERVICE;2024-12-31;m07-f;-13315.59;16763.03;;630 absent
0694668765;BRASSERIE CENTRE ARDENNE;2024-12-31;m01-f;-23582;151671;;variation N/N-1 extrême
0694746662;HARPER'S PHOENIX;2025-12-31;m87-f;-1383.59;6628.4;;630 absent
0694760619;AVIATION GROUND HANDLING SERVICES;2024-12-31;m02-f;781045;33276585;;"630 absent; EBITDA dans la bande sans personnel déclaré"
0694836734;CONSULTANCY DEMUCO;2025-12-31;m87-f;6398.32;37484.08;1.1;"630 absent; variation N/N-1 extrême"
0694875633;VICTORIA TRANSPORT;2025-12-31;m87-f;-22274.71;21640.8;;"630 absent; variation N/N-1 extrême"
0694889192;Short-Circuit;2025-12-31;m81-f;-1649.68;442052.08;0.2;630 absent
0694931952;Bati Eddermed;2025-12-31;m87-a;10948.73;36135.86;;630 absent
0694948283;GO LUXE TRAVEL;2025-12-31;m87-f;2818.82;38268.03;;630 absent
0695408539;AYGO COMPANY;2023-12-31;m87-f;10828.77;15541.61;;"630 absent; exercice ancien (2023-12-31)"
0695486337;SL. LAB Design;2023-12-31;m87-f;156160.48;887214.52;1.6;exercice ancien (2023-12-31)
0695560274;SDSH;2025-09-30;m87-f;74269.3;190837.36;;variation N/N-1 extrême
0695569479;IONTECH-INDUSTRY;2025-12-31;m87-f;-3746.84;10051.25;;630 absent
0695571063;SCHAMMA PARTNERS;2025-12-31;m81-f;-13438.13;19308.6;;630 absent
0695640151;ESMANS TUYAUTERIE INOX;2024-06-30;m07-f;60959.22;199904.16;1.5;variation N/N-1 extrême
0695643715;GLOBALGATE FREIGHT;2024-12-31;m07-f;14869.13;1600036.44;;630 absent
0695727550;VHA-ALU;2025-06-30;m01-f;-1771.21;21539.39;;"630 absent; variation N/N-1 extrême"
0695752492;NESS CONSULTING;2024-12-31;m07-f;52202.67;115722.22;;variation N/N-1 extrême
0695825243;W.E. Bridge;2025-12-31;m87-f;18405.91;354263.43;;variation N/N-1 extrême
0695888490;SAINT-JACQUES BAKERY;2025-09-30;m07-f;56117.99;37553.68;4.6;EBITDA > total du bilan
0695890272;M.D.T;2025-12-31;m87-f;-65737.27;54658.24;;variation N/N-1 extrême
0695898982;OCE & CHRYS TLS;2024-12-31;m87-f;1393.81;18550.49;;630 absent
0695991331;FLASHDRIVER;2025-12-31;m87-f;14135.17;60667.46;;variation N/N-1 extrême
0696624702;MINI MARKET FAMILLY;2025-12-31;m87-f;29092.02;44231.51;;variation N/N-1 extrême
0696638459;MD BEAUTY & LOGISTICS;2025-12-31;m87-f;7228.39;69352.92;;variation N/N-1 extrême
0696670331;BIOSEUTICA BELGIUM;2025-12-31;m87-f;-22660;836552;0.6;variation N/N-1 extrême
0696680823;MIRISCO;2023-12-31;m07-f;-205243.78;435979.87;;exercice ancien (2023-12-31)
0696765747;RSH CONCEPT;2025-12-31;m07-f;33552.86;3890.17;;EBITDA > total du bilan
0696804052;ALL TECH SOLUTIONS;2025-12-31;m81-f;241740.22;879615.58;22.4;630 absent
0696890263;BULL;2025-12-31;m87-f;19214.72;40517.72;;"630 absent; variation N/N-1 extrême"
0696969447;MAXGROEP;2023-03-31;m87-f;22563.61;99921.45;;exercice ancien (2023-03-31)
0697586386;AA MULTISERVICES;2024-12-31;m87-f;-138588.91;474048.24;;variation N/N-1 extrême
0697654880;BAYAMO WIND;2026-03-31;m02-f;29170.4;15646882.86;4.2;630 absent
0697691997;Conquest4Wind P5;2025-12-31;m02-f;6128638.72;64900466.24;;EBITDA dans la bande sans personnel déclaré
0697730007;RG GROUP IMMO;2025-12-31;m81-f;-2036.12;344352.48;;630 absent
0697738816;EMS Groupe;2025-12-31;m87-a;98850.8;282290.48;;variation N/N-1 extrême
0697771478;DJ TRUCKING;2023-12-31;m87-f;18661.75;73607.14;;exercice ancien (2023-12-31)
0697780386;TRANSLUXES;2024-12-31;m07-f;-14861.99;6443.06;;variation N/N-1 extrême
0697833539;CHAMS VOYAGE;2025-12-31;m07-f;-2810.22;7080.84;;630 absent
0697837301;BRASSERIE DU CONDROZ;2025-12-31;m87-f;-20690;16902.18;;variation N/N-1 extrême
0697868775;MARCHÔVENT;2025-12-31;m07-f;463860.7;3143803.21;;EBITDA dans la bande sans personnel déclaré
0697880752;NBM MOTORS;2024-12-31;m07-f;4083;32019;;variation N/N-1 extrême
0697881940;EL KASSIMI YOUSSEF;2025-06-30;m87-f;72900.12;170516.18;;exercice de 13 mois
0697914109;DEMO PMB;2025-12-31;m07-f;;86339;;"9901 absent; 630 absent"
0697933410;KG’S INVEST;2023-12-31;m07-f;158220.35;1723062.87;;exercice ancien (2023-12-31)
0697943209;ACM HOGGE;2025-06-30;m81-f;381853.85;1385114.34;0;EBITDA dans la bande sans personnel déclaré
0697946177;HAEMERS Technologies Italia;2024-12-31;m81-f;-1948;17436;;630 absent
0697948850;SMILE TECHNOLOGY;2025-12-31;m87-a;413470.44;1388415.37;;EBITDA dans la bande sans personnel déclaré
0698682981;ECO PERFORMANCE;2024-12-31;m87-f;11226.73;3496.31;;EBITDA > total du bilan
0698726731;WattArdenne;2025-06-30;m87-f;-17259.07;306283.49;;"630 absent; variation N/N-1 extrême"
0698838082;MARRO TRANS;2023-12-31;m87-f;568.01;77102.44;0.8;"630 absent; exercice ancien (2023-12-31)"
0698859264;SMS Auto;2024-12-31;m01-f;345166.39;3398561.7;;EBITDA dans la bande sans personnel déclaré
0698899846;LEADING CONSTRUCTION STAINLESS;2023-12-31;m81-f;45795.46;947152.34;10;exercice ancien (2023-12-31)
0699531237;MECOTEC;2024-12-31;m81-f;447232.44;2506673.39;62.7;variation N/N-1 extrême
0699560436;P & R INDUSTRIES;2025-12-31;m87-f;14094.6;75962.44;;"630 absent; variation N/N-1 extrême"
0699561129;BIMOVING TRANSPORT;2025-06-30;m87-f;-55006.47;3506.82;;630 absent
0699568156;ALPAQ SERVICES;2025-03-31;m87-f;12054.75;72001.61;;630 absent
0699569740;KMS LOGISTICS;2023-12-31;m81-f;91098;242497;;exercice ancien (2023-12-31)
0699572017;NEGOHOM;2025-12-31;m01-f;-1443.93;57920.37;;630 absent
0699593989;ELISA DONI;2023-12-31;m07-f;-296551.7;178450.24;;"630 absent; exercice ancien (2023-12-31); variation N/N-1 extrême"
0699602602;JDB Tournai Conseil;2025-06-30;m87-f;5208.38;117169.87;;630 absent
0699920722;Chalon;2025-12-31;m87-f;-50002.21;454485.61;;exercice de 18 mois
0699924383;WIN.BE.SERVICES;2025-12-31;m87-f;-2980.7;35346.64;;630 absent
0699988424;MPATSIBIHUGU;2024-12-31;m07-f;-576.52;48.21;;630 absent
0700224192;MENUILUX;2025-06-30;m87-f;23433.47;168557.26;;variation N/N-1 extrême
0700224588;BIRDS WORKS;2025-12-31;m87-f;45262;41648;;EBITDA > total du bilan
0700317036;TRANS-TRANS;2023-12-31;m07-f;5111.21;8753.32;;exercice ancien (2023-12-31)
0700319214;FRDT;2025-12-31;m87-f;34072.02;54052.21;;630 absent
0700360091;DENTAL CARE +;2024-12-31;m07-f;69910.54;142728.78;;630 absent
0700470355;ARDEN TRANSPORT;2025-12-31;m81-f;6429.99;22386.74;;variation N/N-1 extrême
0700496188;4PX EXPRESS BE;2023-12-31;m81-f;184346.21;1044251.39;5;exercice ancien (2023-12-31)
0700552608;AEL-MARBRERIE ET RENOVATION BATIMENTS;2025-12-31;m87-f;112973;162958;;630 absent
0700622090;Open business;2025-12-31;m07-f;-25163;72758;;630 absent
0700656734;SELCUK TRANSPORT SERVICE;2023-12-31;m81-f;-962908.92;543677.44;;"exercice ancien (2023-12-31); variation N/N-1 extrême"
0700949615;FLEXIWATT;2025-12-31;m01-f;1777505.74;9926046.52;0;EBITDA dans la bande sans personnel déclaré
0700959612;MAESTRO GROUP;2023-12-31;m87-f;43217.89;216398.92;1;"exercice ancien (2023-12-31); variation N/N-1 extrême"
0700966342;Ascensus Specialties;2025-12-31;m81-f;430926;12538011;1;630 absent
0701671571;ZALCO;2023-12-31;m01-f;-83722.47;663861.57;;"630 absent; exercice ancien (2023-12-31)"
0701708391;LSV Consult;2025-12-31;m81-f;33185.79;59374.57;;630 absent
0701819447;RSB & CO;2025-03-31;m87-f;;67707.8;;"9901 absent; 630 absent"
0701895067;WILD BOYS;2025-12-31;m87-f;44528.03;69437.94;;variation N/N-1 extrême
0701964155;BRUSSELS DISTILLERY;2024-12-31;m87-f;23871.44;74020.92;;variation N/N-1 extrême
0702760446;KINGDOM;2023-12-31;m07-f;1388.7;12755.23;;"630 absent; exercice ancien (2023-12-31)"
0702770245;SOKEV;2023-12-31;m87-f;71189.57;247589.07;;"exercice ancien (2023-12-31); variation N/N-1 extrême"
0702812411;LC SECOURS;2025-12-31;m08-f;-490.45;105630.47;26.2;630 absent
0702824287;BL CONCASSAGE;2024-12-31;m81-f;1474017.87;1148019.46;0;"EBITDA > total du bilan; EBITDA dans la bande sans personnel déclaré; variation N/N-1 extrême"
0702843192;NWOOD;2025-12-31;m81-f;-47061.71;506747.98;3.9;variation N/N-1 extrême
0702910401;KEY-ONE ADVANCE MATERIALS;2024-12-31;m87-f;-23742.04;8116512.92;;630 absent
0703937215;HOUXHYDRO;2025-12-31;m01-f;597360.83;4980137.37;;EBITDA dans la bande sans personnel déclaré
0703938304;TRANS-ATIS;2025-12-31;m87-f;-14546.68;34633.92;;630 absent
0704630467;BROC SERVICES;2025-12-31;m87-f;76923.91;95728.59;;630 absent
0704688073;J S CORPORATION;2023-12-31;m81-f;;206889.76;;"9901 absent; 630 absent; exercice ancien (2023-12-31)"
0704739147;MB CORP;2025-12-31;m87-f;24668.72;17998.08;;"630 absent; EBITDA > total du bilan"
0704739840;DESTINATION DRIVE;2025-12-31;m87-f;6339.62;18196.66;;"630 absent; variation N/N-1 extrême"
0704781412;Alnylam Belgium;2025-12-31;m81-f;114552.47;1195413.93;2.9;630 absent
0704786162;CINDY-BEAUTY;2024-12-31;m81-f;-10283.07;30586.58;0.6;variation N/N-1 extrême
0704883558;Flyfresh;2023-07-31;m81-f;-585986.6;600255.86;4.4;"exercice ancien (2023-07-31); variation N/N-1 extrême"
0704933444;LUD-EAU;2024-12-31;m07-f;66979;118535.25;;variation N/N-1 extrême
0704991347;DAEY DISTRIBUTION;2023-12-31;m87-f;-58677.45;255488.23;7;exercice ancien (2023-12-31)
0705809414;My Melody;2025-12-31;m81-f;-6038.87;33035;0.9;630 absent
0705836039;TB BOUCHERIE ARTISANALE;2025-12-31;m87-f;102781.14;81934.5;;EBITDA > total du bilan
0707535222;BIJAKEN;2025-12-31;m87-f;35124.52;207545.26;;630 absent
0707588175;CKX CONCEPT;2024-12-31;m87-f;27673.75;143569.06;;630 absent
0707603518;ADAM CONCEPT;2025-12-31;m07-f;42926.02;24568.18;;EBITDA > total du bilan
0707619453;STONE-TEAM;2024-12-31;m81-a;15999.65;570888.91;;variation N/N-1 extrême
0707679039;BELTECH;2025-12-31;m07-f;-871.53;188010.37;;630 absent
0707752877;C.A.E.I.;2025-12-31;m87-f;6167.16;50992.16;0.5;630 absent
0707808307;WADHA TRANSPORT;2025-12-31;m87-f;-1518.96;9119.64;;630 absent
0707970930;INS & CO;2025-12-31;m87-f;76007.17;174028.65;;630 absent
0707972712;BELYAPI;2023-12-31;m87-f;0;2068.06;;exercice ancien (2023-12-31)
0708871743;Winwinwarehousing;2025-12-31;m01-f;-3917;1429914;;630 absent
0711688802;SALAMA FOREVER;2024-12-31;m07-f;-9097.66;80389.45;;630 absent
0711717308;MAX & CO;2025-12-31;m07-f;24516.86;22805.96;;EBITDA > total du bilan
0711767786;B.E.S.;2024-12-31;m87-f;4085.34;64238.94;;630 absent
0711864687;NEWCASTLE WIND;2026-03-31;m02-f;1702145.71;14595803.21;;EBITDA dans la bande sans personnel déclaré
0711869538;TechTransit Solutions;2023-12-31;m87-f;-28445.76;27758.94;;"630 absent; exercice ancien (2023-12-31)"
0711896658;ARVOS;2025-12-31;m87-f;-15872.15;55797.85;;630 absent
0711898242;JENA;2025-12-31;m07-f;-17857.45;108567.08;;630 absent
0711907249;PONSARDIN HOLDING;2025-12-31;m87-f;-134424.91;1406997.89;;"630 absent; variation N/N-1 extrême"
0711941990;TM COMPANY;2025-12-31;m87-f;20208.53;84082.99;;"630 absent; exercice de 18 mois"
0711992470;JpT transport;2023-12-31;m87-f;10436.37;618697.2;8;exercice ancien (2023-12-31)
0712508253;DIRECT CHAUFFAGE;2024-12-31;m87-f;-804.94;49771.62;;630 absent
0712532405;F&C Consulting;2025-12-31;m87-f;470079.1;478876.55;;EBITDA dans la bande sans personnel déclaré
0712536462;Thermal Clean Shift;2023-12-31;m87-f;-1504.39;10547.42;;"630 absent; exercice ancien (2023-12-31); variation N/N-1 extrême"
0712615547;FLUXYS EUROPE;2025-12-31;m02-f;-3947026;1782029160;10.9;630 absent
0712641776;SR LOUVE IMMO;2025-12-31;m87-f;-71588.5;83942.69;;630 absent
0712644548;FAST COLIS;2025-12-31;m87-f;-444.43;34994.1;;630 absent
0712687011;MBS & CO;2024-12-31;m81-f;44179.92;379525.81;;630 absent
0712727888;Argibat New;2025-12-31;m01-f;-7366;50614;;630 absent
0712767876;CKLIFT TRANSPORT;2024-12-31;m87-f;-4375.28;42731.24;;630 absent
0712775893;STR ELEC;2025-12-31;m87-f;12056.75;34965.01;;variation N/N-1 extrême
0712822217;MY HALALS;2023-12-31;m87-f;49357.01;120104.06;;exercice ancien (2023-12-31)
0712826076;SOGETRA;2025-12-31;m87-f;21925.76;69611.61;0.8;variation N/N-1 extrême
0712915851;HMA COMPANY;2025-12-31;m87-f;15997.44;70218.42;;630 absent
0712933865;METHAGREEN;2025-12-31;m87-f;468486;4658770;;EBITDA dans la bande sans personnel déclaré
0713416291;AL SAQER;2024-12-31;m07-f;;;;"9901 absent; 630 absent"
0713504086;RR-ICE MARKET;2025-12-31;m87-f;;5749;;"9901 absent; 630 absent"
0713551992;RP TRANSPORTS;2025-12-31;m87-f;12576.93;58940.38;;variation N/N-1 extrême
0713600987;INTERPARKING - VESTING;2025-12-31;m02-f;510292.28;9544581.4;;EBITDA dans la bande sans personnel déclaré
0713622565;HOME ARMATURE;2024-12-31;m07-f;-53936.76;19606.48;;630 absent
0713729166;UD GROUP;2023-12-31;m87-f;-10400.33;207557.68;;exercice ancien (2023-12-31)
0713752526;Slurp Co;2025-12-31;m87-f;20413.15;222996.54;;variation N/N-1 extrême
0713780636;ONIRI ATELIER;2023-12-31;m87-f;561.15;40009.57;;exercice ancien (2023-12-31)
0713864570;Be4Home;2025-12-31;m87-f;16666.16;19181.97;;variation N/N-1 extrême
0713894066;SILISTAR;2025-12-31;m87-f;39556.65;31001.67;;EBITDA > total du bilan
0713984336;TRAM LIÈGE MAINTENANCE;2025-12-31;m02-f;141009.05;4199866.34;30.1;variation N/N-1 extrême
0714889802;TRAMARDENT;2025-12-31;m02-f;3264955;502848211;;"EBITDA dans la bande sans personnel déclaré; variation N/N-1 extrême"
0714982446;AB CUSTOM BELGIUM;2023-12-31;m81-f;42561.4;592008.52;6.6;exercice ancien (2023-12-31)
0714996797;SPEEDY TRANSPORTS;2025-09-30;m81-f;-16010.5;18631.39;;630 absent
0714999668;CAROLE MOCHEE;2025-12-31;m87-f;93780.7;36474.7;;EBITDA > total du bilan
0715470218;NISOUFRED;2025-12-31;m87-f;-7781.19;18961.6;;630 absent
0715523765;MIDI TRANSPORT;2024-12-31;m87-f;-11867.92;35531.97;;630 absent
0715552568;DECO-BU;2023-12-31;m87-f;4589.76;234937.98;;exercice ancien (2023-12-31)
0715604236;SYD;2025-12-31;m87-f;-15.12;21493.66;;630 absent
0715667978;EGR CONCEPT;2024-12-31;m07-f;15076.83;41902.43;;variation N/N-1 extrême
0715758248;LuWa;2025-12-31;m02-f;144706.45;224493367.02;;630 absent
0715759634;HYDROELECTRICITE D'OURTHE ET SAMBRE;2025-12-31;m81-f;610691.57;8590476.47;0;EBITDA dans la bande sans personnel déclaré
0715788140;MP Management;2026-05-31;m87-f;8012.27;68606.81;;630 absent
0715833967;AFRICA FOOD;2024-12-31;m07-f;18341.24;33507.03;;variation N/N-1 extrême
0715855545;DEMAINVEST;2025-12-31;m02-f;2619811.05;81372146.36;;EBITDA dans la bande sans personnel déclaré
0715926316;BRASSERIES DE LIEGE;2024-12-31;m01-f;-36585.95;329999.91;0.3;exercice de 3 mois
0715966205;pravusdesign.com;2025-12-31;m87-f;7572.13;32404.37;;variation N/N-1 extrême
0716619073;AO GLOBAL;2023-12-31;m87-f;-45098.77;699204.36;;exercice ancien (2023-12-31)
0716620360;COWALIMMO;2025-12-31;m07-f;763826.3;4842086.88;;EBITDA dans la bande sans personnel déclaré
0716631050;SMART ENERGY;2025-12-31;m01-f;652793.45;1936916.29;;EBITDA dans la bande sans personnel déclaré
0716660546;SBO Mampo;2025-12-31;m07-f;15671.87;58560;;630 absent
0716804561;LAR TRANS;2025-12-31;m87-f;-200;1653;;630 absent
0716865434;Flexfueler 002;2025-12-31;m81-f;130020;10974370;;630 absent
0716937985;Structo;2025-12-31;m07-f;-2826.04;7226.1;;"630 absent; variation N/N-1 extrême"
0717694981;BEMH MOTORS;2024-12-31;m87-f;-25.69;19107.25;;630 absent
0717726952;REMI & JAY;2024-12-31;m87-f;34979.81;99368.72;;variation N/N-1 extrême
0717757141;HC GROUP;2023-12-31;m87-f;25816.23;103610.81;;exercice ancien (2023-12-31)
0717769811;VDAS;2025-12-31;m87-f;23277.79;8887.34;;EBITDA > total du bilan
0717791486;ISI LAB;2025-12-31;m87-f;-23206.21;31460.21;;630 absent
0717821378;BE DROP;2025-12-31;m87-f;62478.19;185094.21;6.3;variation N/N-1 extrême
0717838206;DAVAL Technics;2025-12-31;m87-f;13187.59;24776.29;;variation N/N-1 extrême
0717859584;KB&CO TRANS;2025-12-31;m81-f;88649.52;433080.72;6.5;variation N/N-1 extrême
0717876313;UP TALLEST;2025-12-31;m87-f;1526.45;67526;;630 absent
0717881954;KM TECH;2024-12-31;m87-f;-643.21;5536.52;1;630 absent
0717949458;Be.auto;2025-12-31;m87-f;-1145.14;6710.04;;630 absent
0718718629;DELTA THERMIC;2025-12-31;m02-f;2337029.29;13362477.57;94.7;variation N/N-1 extrême
0718836811;RSK DRIVE;2023-12-31;m87-f;11267.44;24014.11;;exercice ancien (2023-12-31)
0718849776;LOUV INVEST;2025-12-31;m87-f;61638.28;36745.94;2.7;EBITDA > total du bilan
0719379714;ETS COMETTI;2025-12-31;m87-f;-29371.56;7612.54;;variation N/N-1 extrême
0719412673;TRANS NR1;2025-12-31;m87-f;88391.24;344635;7.8;variation N/N-1 extrême
0719415346;ARENS VEHICLE DESIGN;2025-12-31;m87-f;-873.43;13820.3;;630 absent
0719433558;TRANSPORT DRIVER SERVICES;2023-12-31;m87-f;46859.32;27559.74;;"exercice ancien (2023-12-31); EBITDA > total du bilan"
0719601329;ZIN TRANS;2025-12-31;m87-f;37361.53;63247.71;0.3;variation N/N-1 extrême
0719640822;BOURGAUX;2025-12-31;m87-f;24861.12;45859.83;;variation N/N-1 extrême
0719650225;SOLARLY;2023-03-31;m87-f;-111103.76;608581.71;1.2;exercice ancien (2023-03-31)
0719658935;ENERG’ITTRE;2025-12-31;m87-f;-650.98;61722.16;;variation N/N-1 extrême
0719717729;LECHIEN GREGORY;2025-12-31;m87-f;1185.26;739.62;;"630 absent; EBITDA > total du bilan"
0719754054;Brussels Brewed Beer;2025-12-31;m87-f;-484.1;3081.7;;630 absent
0719769692;JBK INVEST;2025-12-31;m87-f;-24898.06;60122.64;2.4;630 absent
0719788795;Macbeth 3;2025-12-31;m81-f;1499550.98;53469211.38;;EBITDA dans la bande sans personnel déclaré
0719795131;MATERIS;2025-12-31;m07-f;73576.84;382102.66;8.8;variation N/N-1 extrême
0719822449;LA DARK;2024-12-31;m87-f;-7532.49;782.67;;630 absent
0720496697;ABG SERVICES;2025-12-31;m87-f;8614.84;2880.04;;"EBITDA > total du bilan; variation N/N-1 extrême"
0720589046;BATISTA CIMA;2025-12-31;m87-f;12201.55;84633.33;;variation N/N-1 extrême
0720615374;ATELIER SELLERIE GARNISSAGE;2025-12-31;m87-f;29751.46;92058.93;0.3;variation N/N-1 extrême
0720643385;Rare Brussels;2024-12-31;m07-f;34418;393231;;630 absent
0720697924;LA SOURCE BEER CO;2025-12-31;m87-f;75980.85;378415.49;;variation N/N-1 extrême
0720700595;KAMOU;2023-12-31;m87-f;16753.87;345113.2;;exercice ancien (2023-12-31)
0720731180;PME EXPRES;2023-03-31;m07-a;43113;1307090;;exercice ancien (2023-03-31)
0720798486;BELGOCAN;2023-12-31;m87-f;4579.43;7530.58;;exercice ancien (2023-12-31)
0720856983;PaulineB Concept Store;2025-12-31;m87-f;-2564.85;4830.41;;630 absent
0720925774;IONFLOR CONSTRUCT;2023-10-31;m81-f;6765.11;48347.02;;"630 absent; exercice ancien (2023-10-31)"
0720944976;ELAWAN ENERGY SALAZINE;2025-12-31;m01-f;1273564.53;19937751.39;;EBITDA dans la bande sans personnel déclaré
0721406915;MD MOVERS;2024-12-31;m87-f;-9104.64;51190.91;2;630 absent
0721420375;MW MOTORS;2023-12-31;m87-f;-13175.23;111689.79;;"630 absent; exercice ancien (2023-12-31)"
0721428986;R-BOSS GROUP;2024-12-31;m87-f;299943.32;1223882.05;;variation N/N-1 extrême
0721445022;AMIR BZN CARS;2025-12-31;m87-f;8931;57101.59;;variation N/N-1 extrême
0721467093;Gembloux.beer;2023-12-31;m01-f;-245903.98;3545033.39;4.5;exercice ancien (2023-12-31)
0721490453;NOXDESIGN;2023-12-31;m87-f;-4248.08;14556;;"exercice ancien (2023-12-31); variation N/N-1 extrême"
0721580426;LILOU;2025-12-31;m87-f;430434.83;2534377.5;;EBITDA dans la bande sans personnel déclaré
0721580723;LCDL;2025-12-31;m87-f;411000.21;670857.05;;EBITDA dans la bande sans personnel déclaré
0721610714;VOCSens;2025-12-31;m81-f;-4390904.64;550118.95;8.7;variation N/N-1 extrême
0721764825;JRL ALGAE;2025-12-31;m07-f;38676.93;75243.95;;variation N/N-1 extrême
0721766310;RayanCar;2025-12-31;m87-f;9165.26;35845.16;;630 absent
0721863112;ADG Electricité;2025-12-31;m87-f;3168.72;43314.46;6;630 absent
0721934772;TRANS BASSEM;2025-12-31;m87-f;5584.85;16123.41;;630 absent
0721964268;I.Z. TRANSPORT;2023-12-31;m81-a;-1904;3508;;exercice ancien (2023-12-31)
0721986242;GLOBAL GROUP CONSTRUCT;2023-09-30;m87-f;50148.79;68455.5;;exercice ancien (2023-09-30)
0722541716;tec4 powertrains;2025-03-31;m87-f;91752.71;944300.39;;variation N/N-1 extrême
0722598431;GABLOK;2025-12-31;m01-f;293214.35;2766269.59;7.6;variation N/N-1 extrême
0722871120;AKM GROUP;2025-12-31;m87-f;13928.35;196084.92;9.4;variation N/N-1 extrême
0722928528;WALLGLASS;2025-06-30;m81-f;1277097;9700554;64.3;"exercice de 21 mois; variation N/N-1 extrême"
0722931496;ARY;2025-12-31;m87-f;19449.78;76281.21;1;variation N/N-1 extrême
0722971187;MIRAK BELGIUM;2025-12-31;m87-f;-1616.28;8608.23;;630 absent
0722987520;CV GAS ENGINEERING & MAINTENANCE;2025-06-30;m87-f;146695;257517;;variation N/N-1 extrême
0723449160;Resto-Pub;2025-12-31;m87-f;27243.54;62243.99;1.4;variation N/N-1 extrême
0723491623;ENERINVEST 2;2025-12-31;m87-f;409133.65;1468869.46;;EBITDA dans la bande sans personnel déclaré
0723578824;SILVANA COUTURE;2025-12-31;m87-f;16189.41;24126.2;;variation N/N-1 extrême
0723594660;BCB PACKAGING SERVICES;2025-12-31;m81-f;60429.28;4393344.85;18;630 absent
0723646328;YAFO TOUR;2025-12-31;m87-f;15785.08;38511.89;;variation N/N-1 extrême
0723945345;LMDC CONCEPT;2025-12-31;m87-f;32932.62;164062.45;;variation N/N-1 extrême
0724532392;HEISENBERG CORPORATION;2024-12-31;m07-f;-41249.56;445645.56;;variation N/N-1 extrême
0724552089;RESA Innovation et Technologie;2025-12-31;m01-f;27736.78;247478.52;;630 absent
0724562383;S NOUR;2024-12-31;m87-f;38148.4;92833.9;;variation N/N-1 extrême
0724564957;DHT TRANSPORT;2023-12-31;m87-f;69175.21;260273.03;2.5;"exercice ancien (2023-12-31); variation N/N-1 extrême"
0724569808;AL KHEDER;2024-12-31;m87-f;54395.26;180312.74;;variation N/N-1 extrême
0724619989;TESSENDERLO DEVELOPMENT SERVICES;2025-12-31;m01-f;-4179.09;267169.62;;630 absent
0724686109;QUALITY SET;2025-03-31;m07-f;2841561.58;15622418.68;;"EBITDA dans la bande sans personnel déclaré; variation N/N-1 extrême"
0724736587;SINAN TRANS;2023-12-31;m87-f;61007.06;307855.27;;exercice ancien (2023-12-31)
0724900992;AMJ AUTOBEDRIJF;2025-12-31;m87-f;-65720.98;130150.36;;variation N/N-1 extrême
0725467453;OFRESH;2025-12-31;m87-f;-591.12;19927.78;;630 absent
0725473292;Louji Trans;2024-06-30;m07-f;36611.1;157385.46;;variation N/N-1 extrême
0725645320;GEMONYX;2025-12-31;m02-f;6566909.52;81286517.9;;"630 absent; EBITDA dans la bande sans personnel déclaré"
0725650961;BIFABELO;2024-12-31;m87-f;-2428.12;78444.88;;630 absent
0725690751;via T Albert 2;2025-12-31;m01-f;18988.96;108467170.24;;630 absent
0725727670;KARHAS INVEST;2024-12-31;m81-f;-130892;97333;1;variation N/N-1 extrême
0725755087;SOCAR SHIPPING AGENCIES;2024-12-31;m82-f;262737.16;16093155.69;23.6;variation N/N-1 extrême
0725756572;SANDO MULTISERVICES PRO;2023-12-31;m87-f;24121;62028;;exercice ancien (2023-12-31)
0725771519;VDH DEV;2025-12-31;m87-f;1366130.85;1930985.3;;"630 absent; EBITDA dans la bande sans personnel déclaré; variation N/N-1 extrême"
0725780427;LELOUP TRI - RECYCLAGE - VALORISATION;2025-12-31;m87-f;-18214.54;6599.78;0.2;630 absent
0725782704;EE Malmedy;2024-12-31;m81-f;-2013.07;743441.07;;630 absent
0725878417;YASKAM EXPRESS;2025-12-31;m07-f;12512.94;49720.07;;630 absent
0725924640;NJ STEEL;2025-12-31;m87-f;-30200.69;34955.28;;variation N/N-1 extrême
0726518914;I.L.F CONCEPT;2023-12-31;m87-f;1050.11;16937.12;;exercice ancien (2023-12-31)
0726604333;SAM 4;2024-12-31;m87-f;27839.46;130901.17;;630 absent
0726614429;FGL Solutions;2023-12-31;m87-f;18980.97;36670.04;2.3;exercice ancien (2023-12-31)
0726709251;Ôsan;2025-12-31;m87-f;-333501;512428;;exercice de 15 mois
0726716278;NEW PRODIA;2025-12-31;m87-f;40946.82;97019.43;;variation N/N-1 extrême
0726885831;AIR EOLIENNE DE HULPLANCHE;2025-12-31;m81-f;-987;2250;;630 absent
0726885930;AIR EOLIENNE DE CRONCHAMPS;2025-12-31;m81-f;-488;2491;;630 absent
0726886821;AIR EOLIENNE DE HONDELANGE;2025-12-31;m81-f;-487;550;;630 absent
0726904637;NDAYI ESPOIR;2025-12-31;m87-f;14810.93;57734.09;;630 absent
0726914733;Catenica;2025-12-31;m87-f;-2009.91;9519.86;;630 absent
0726930767;CD TRANSPORT;2025-12-31;m87-f;61309.53;235906.85;;630 absent
0726931856;GETIKA;2025-09-30;m87-f;2531.84;16203.13;;630 absent
0726963134;EIGHT INVEST;2024-12-31;m87-f;-54140.48;143731.51;;variation N/N-1 extrême
0726965213;NNK LOGISTICS;2024-12-31;m87-f;32328.94;66288;;variation N/N-1 extrême
0727376571;HK NEW MANAGEMENT;2025-12-31;m87-f;-40789.95;299300.45;;variation N/N-1 extrême
0727484261;KINOX;2025-12-31;m87-f;13865.64;63063.57;;variation N/N-1 extrême
0727586310;BELOVO HEALTH & NUTRITION;2025-12-31;m81-f;411578.16;2726437.38;;EBITDA dans la bande sans personnel déclaré
0727635602;Industrial Maintenance Piping;2025-12-31;m87-f;165166.79;1207431.95;95.8;"630 absent; variation N/N-1 extrême"
0727708747;ECO TRANSPORT;2025-12-31;m87-f;137406.49;692426.01;2.1;variation N/N-1 extrême
0727713893;KATSKAN;2025-12-31;m81-f;-23991.61;79533.15;;630 absent
0727893542;Les Maisons Héda;2025-12-31;m87-f;3443.94;35715.48;;630 absent
0727947683;AIR EOLIENNE D'EMMELSER WALD;2025-12-31;m81-f;-487;3266;;630 absent
0727947782;AIR EOLIENNE DES NUTONS;2025-12-31;m81-f;-488;2169;;630 absent
0727948079;AIR EOLIENNE DE WANLIN;2025-12-31;m81-f;-487;2885;;630 absent
0727948178;AIR EOLIENNE DE LEGLISE;2025-12-31;m81-f;-1687;1371;;630 absent
0727948277;AIR EOLIENNE DE HELLEBECQ;2025-12-31;m81-f;-487;1740;;630 absent
0727948376;AIR EOLIENNE DE SPY;2025-12-31;m81-f;-488;2564;;630 absent
0727948574;AIR EOLIENNE DE WALHORNER HEIDE;2025-12-31;m81-f;-487;5544;;630 absent
0727948673;AIR EOLIENNE DE STERPENICH;2025-12-31;m81-f;-487;1972;;630 absent
0727948871;AIR EOLIENNE D'OSTIN;2025-12-31;m81-f;-487;1034;;630 absent
0727948970;AIR EOLIENNE D'AUBANGE;2025-12-31;m81-f;-487;1733;;630 absent
0727949069;AIR EOLIENNE DE FERNELMONT;2025-12-31;m81-f;-987;1346;;630 absent
0727952039;ABK CARS SERVICES;2024-12-31;m87-f;-1475.76;747.19;;630 absent
0727985988;REVEALIENCE;2025-12-31;m87-f;63199.61;218326.06;;630 absent
0728466238;BELEXPRO;2023-12-31;m87-f;12044.55;212225.52;;exercice ancien (2023-12-31)
0728473661;SOLARBUILD 8000;2025-12-31;m81-f;4987763;25835356;;EBITDA dans la bande sans personnel déclaré
0728476334;MARITHE;2025-12-31;m07-f;-12378.51;26588.09;;630 absent
0728512461;DAC TRANSPORT;2024-12-31;m81-f;130812.82;354374.29;;variation N/N-1 extrême
0728513154;Alexandre&Alexandre;2025-12-31;m87-a;25361.87;40654.61;;variation N/N-1 extrême
0728518005;GENBA;2026-03-31;m87-f;1126.74;6964.53;;630 absent
0728597088;GREEN BELGIAN ENVIRONMENTAL SOLUTIONS;2025-09-30;m81-f;-12652.92;14683943.2;;"630 absent; exercice de 9 mois"
0728680826;OUFTICOOP;2024-12-31;m87-f;7284.76;189035.82;;variation N/N-1 extrême
0728703689;DSE Electricity;2025-12-31;m87-f;313882.11;664654.83;;EBITDA dans la bande sans personnel déclaré
0728720121;CMA IMAGING DIGITAL TECHNOLOGIES;2024-12-31;m81-f;10887.96;110444.67;;"630 absent; variation N/N-1 extrême"
0729693782;RAUTER-GHEMRI;2025-12-31;m07-f;6686.93;772271.66;;630 absent
0729811865;MCMod;2025-12-31;m07-f;-1467.19;19531.04;;630 absent
0729934896;ILIAS BTJ;2024-12-31;m87-f;24111.83;49254.66;;variation N/N-1 extrême
0729941529;TENET SYSTEMS;2023-12-31;m87-f;-1389;386;;"630 absent; exercice ancien (2023-12-31)"
0729953209;AKKARI BELGIUM;2023-12-31;m87-f;40664.26;81542.65;;exercice ancien (2023-12-31)
0730620529;CC 76 GROUPE;2023-12-31;m87-f;9447.73;39867.67;;exercice ancien (2023-12-31)
0730752171;AYK LIMO;2025-12-31;m87-f;-4350.12;17370.2;;630 absent
0730760485;EBM GROUP;2024-12-31;m87-f;-1095.67;13734.68;;630 absent
0730764247;Freecars Belgium;2025-12-31;m81-f;126800.34;944399.98;2.6;"630 absent; variation N/N-1 extrême"
0730842045;PLUGZOO;2025-12-31;m87-f;2717.03;3249.75;;variation N/N-1 extrême
0730860752;MIDIA CONCEPT;2024-12-31;m87-f;24279;66970;;630 absent
0730907470;A&N INNOVATION;2025-09-30;m87-f;18811.36;86215;;630 absent
0730918259;MAMZIN;2025-12-31;m87-f;33713.56;90591.9;;"630 absent; variation N/N-1 extrême"
0730998235;EZUF BE;2025-12-31;m02-f;-1896023.89;16586188.94;;variation N/N-1 extrême
0731583995;OLIPRO;2024-12-31;m87-f;-16451.6;43851.05;;variation N/N-1 extrême
0731600526;M.Q.;2023-12-31;m81-f;34606.85;492666.36;;exercice ancien (2023-12-31)
0731663872;BTT-TRANS;2024-12-31;m87-f;35201.92;51112.97;;variation N/N-1 extrême
0731672681;ALIKRI;2025-12-31;m87-f;3195.06;51442.09;;630 absent
0731694259;MOBIL O TOP;2025-12-31;m87-f;-15234.94;262619.88;;variation N/N-1 extrême
0731710194;LOGISTICO;2024-12-31;m01-f;24264.18;10278.51;;EBITDA > total du bilan
0731757211;DIKRA;2025-12-31;m87-f;49251.53;173530.75;;variation N/N-1 extrême
0731793635;FF design;2025-06-30;m07-f;78428.8;207378.01;;variation N/N-1 extrême
0731794823;BOUAAZZA;2025-12-31;m87-f;;90.71;;"9901 absent; 630 absent"
0731819963;INELIAS;2025-12-31;m87-a;44948.3;41646.87;;EBITDA > total du bilan
0731852231;Elia Transmission Belgium;2025-12-31;m02-f;152687864.2;10452686218.95;611.6;dépôt plus récent inexploitable (2026-00431240:404 [m120-f-p/Initial])
0731871334;TRANS DEM NET;2024-12-31;m87-f;-160410.92;1253812.56;;630 absent
0731879054;BNS;2025-12-31;m87-f;-6057.04;20159.28;0.5;630 absent
0731879153;DGJ.VHU;2025-12-31;m81-f;26903.52;2176546.35;;630 absent
0731923495;MK TRADING;2025-12-31;m07-a;916.12;154936.72;;630 absent
0732561222;KING EXPRESS;2025-12-31;m07-f;28854;67607;;variation N/N-1 extrême
0732562509;Wath Consulting;2025-06-30;m87-f;90092.23;32047.77;;EBITDA > total du bilan
0732568249;CHAUDROTUBE CONSTRUCT;2025-12-31;m87-f;-5086.68;99.27;;630 absent
0732614967;Niboo Solutions;2025-12-31;m87-f;-9715.42;12455.77;;630 absent
0732824706;TRANSPORT SMA;2024-12-31;m81-f;5839.79;342164.02;0;630 absent
0732876669;MOMO COMPANY;2025-12-31;m87-f;;154319;1;"9901 absent; 630 absent"
0732904482;FEDEG;2025-12-31;m87-f;38897.03;283207.06;3.4;variation N/N-1 extrême
0732934473;S&T LOGISTICS;2024-12-31;m87-f;23983.86;339424.43;11.8;variation N/N-1 extrême
0732975451;Ultimate Group;2023-06-30;m81-f;71443.32;242314.96;;exercice ancien (2023-06-30)
0733791439;KINEN CONCEPT;2024-12-31;m87-f;-51483.62;117068.44;;variation N/N-1 extrême
0733802624;VHS Soudage;2025-06-30;m07-f;38660.06;110130;;variation N/N-1 extrême
0733809453;BYA TRANS SRL;2024-12-31;m87-f;8122.63;23089.73;;630 absent
0733880917;ERENSAR TRANSPORT SOLUTION;2025-12-31;m87-f;34425.34;37886.19;;variation N/N-1 extrême
0733945847;SECOYA Technologies;2025-12-31;m81-f;-276186.42;2309932.54;5.5;variation N/N-1 extrême
0733954755;IMPERIUM esports;2025-12-31;m87-f;-955.02;;;630 absent
0733959210;ELECTROMETAL;2023-12-31;m87-f;12449.33;78105.83;;exercice ancien (2023-12-31)
0733979796;FABCARLUX;2025-12-31;m87-f;3094.86;8489.52;;630 absent
0734440052;Industry Service & Logistic;2025-12-31;m87-f;108573.64;91460.84;;EBITDA > total du bilan
0734490829;BB-ALKAWALI;2025-12-31;m87-f;;12457;;"9901 absent; 630 absent"
0734535369;Caméléon Multi-Services;2024-12-31;m81-f;29656;72532.14;;630 absent
0734716503;DEP 77;2025-12-31;m87-f;48131.29;56313.54;;variation N/N-1 extrême
0734835970;V12 GROUP;2024-12-31;m87-f;-5429.21;4134.33;;"630 absent; variation N/N-1 extrême"
0734845076;KAF TRANS;2025-12-31;m87-f;-15176;163548;;630 absent
0734878136;RL&PC POWER;2025-09-30;m87-f;27246.33;126863.12;;630 absent
0734925943;ENJOY YOUR WAY;2023-12-31;m87-f;-19092.03;54615.69;0.5;"exercice ancien (2023-12-31); variation N/N-1 extrême"
0734971275;Les butineuses;2025-12-31;m87-f;13889.26;77695.85;;variation N/N-1 extrême
0734977611;DOGU TRANS;2025-12-31;m87-f;-13858.91;24745.21;;"630 absent; variation N/N-1 extrême"
0735483197;V.M.P.;2025-12-31;m87-f;-7702.41;4399.67;;630 absent
0735495372;ATOUT-BIO;2025-06-30;m87-f;80.27;56454.25;;630 absent
0735533380;SMS GLOBAL LOGISTICS;2025-12-31;m81-f;37066.15;5134.49;;"EBITDA > total du bilan; variation N/N-1 extrême"
0735649483;ADO CLEANING;2025-12-31;m87-f;51603.76;143459.12;1.5;variation N/N-1 extrême
0735658193;Eolus;2024-12-31;m02-f;4515523.66;46025138.9;;EBITDA dans la bande sans personnel déclaré
0735658985;Tahora;2025-12-31;m87-f;14534.96;31696.24;;"630 absent; variation N/N-1 extrême"
0735683434;UNE BONNE PIPE;2025-12-31;m87-f;-13435.03;35286.12;;variation N/N-1 extrême
0735844968;MY PIADINA;2025-12-31;m07-f;-1456.11;18005.17;;variation N/N-1 extrême
0735890795;RANA VOYAGES;2024-12-31;m87-f;-5068.84;1268.65;;630 absent
0736339965;BAKERY FOR YOU;2025-12-31;m87-f;14104;39300;;630 absent
0736367283;SAUVELON METAL CONCEPT;2023-12-31;m87-f;3280;133504;0.2;exercice ancien (2023-12-31)
0736485168;SMDG LOGISTICS;2025-12-31;m01-f;301036;2976298;14.8;variation N/N-1 extrême
0736504667;ER & KA Transport;2023-12-31;m07-f;-28755.64;6767.77;;"630 absent; exercice ancien (2023-12-31); variation N/N-1 extrême"
0736570983;MORAYANE;2025-12-31;m87-f;15805.46;12158.4;;EBITDA > total du bilan
0736605033;BUTLERS;2025-12-31;m87-f;-1113.43;0;;630 absent
0736627205;INVESTECH;2023-12-31;m87-f;-91082;180921;6.6;"exercice ancien (2023-12-31); variation N/N-1 extrême"
0736636608;Multi-Services CoBel;2024-12-31;m07-f;10252.89;109663.36;;630 absent
0736717473;HB TRUST;2023-12-31;m07-f;-48200.6;666823.57;;exercice ancien (2023-12-31)
0736736873;ZICOMPANY;2023-09-30;m81-f;916429.15;1581375.82;;"exercice ancien (2023-09-30); EBITDA dans la bande sans personnel déclaré"
0736779138;A.E.M.B.;2025-12-31;m87-f;16397.52;48769.44;;variation N/N-1 extrême
0736860894;PERIS COSTUMES BELGIUM;2025-12-31;m87-f;308951.57;770015.44;;EBITDA dans la bande sans personnel déclaré
0736910582;LOISEAU LOGISTIC;2025-12-31;m81-f;1395;65895;18.6;630 absent
0736983630;MABEL;2025-12-31;m87-f;-10776.58;59.34;;630 absent
0737349260;Citizen Beer;2023-12-31;m07-f;-97872.55;686906.11;21.3;exercice ancien (2023-12-31)
0737448636;Prax Terminals Belgium;2025-02-28;m81-f;-111113;872465;4;variation N/N-1 extrême
0737456455;AIT & B;2025-12-31;m87-f;14535.46;47869.04;;variation N/N-1 extrême
0737475459;SERDAR;2025-12-31;m81-f;170388.89;451772.71;2.5;variation N/N-1 extrême
0737481003;NV CARGO;2025-12-31;m81-f;52936.04;5187734.99;4.8;variation N/N-1 extrême
0737514160;YodaCity;2023-12-31;m87-f;-56342.34;576397.64;;exercice ancien (2023-12-31)
0737523662;PRO TIME SERVICES TRANSPORTS;2023-12-31;m81-f;63225.73;158846.35;;exercice ancien (2023-12-31)
0737555633;Millésime;2024-12-31;m87-f;-993;13064;;630 absent
0737574538;RMO SERVICES ET TRANSPORT;2025-12-31;m07-f;-2220.11;770.8;;630 absent
0737607301;ALPHA INNOVATIONS BUSINESS CENTER;2025-12-31;m01-f;366501.18;2656844.33;;EBITDA dans la bande sans personnel déclaré
0737645309;ARTTRANS;2023-12-31;m87-f;185857.99;325582.64;;exercice ancien (2023-12-31)
0737678268;ALUPARTN'R;2025-12-31;m81-f;42465.59;135032.38;;630 absent
0737729738;AYRDAN;2025-12-31;m87-f;15072.98;96275.32;0.3;variation N/N-1 extrême
0737746861;ADMD CONSTRUCT;2025-12-31;m87-f;-17741.68;134945.6;;630 absent
0737747356;RATEB ROSE;2024-12-31;m87-f;3385.17;8271.06;;630 absent
0737747554;Dechesne G Chauffage et Sanitaire;2025-12-31;m87-f;48169.61;85937.78;;variation N/N-1 extrême
0737767944;EOLIENNES DE LA FONTAINE;2025-12-31;m81-f;1744299.92;12419741.07;;EBITDA dans la bande sans personnel déclaré
0737828520;Wind4Flanders Projects Alfa;2025-12-31;m02-f;3321602.52;54804257.11;;EBITDA dans la bande sans personnel déclaré
0737829510;ApéReiff;2025-09-30;m87-f;17531.47;102086.84;;630 absent
0737896321;BJORK-FRAMES;2025-09-30;m87-f;14201.24;83578.76;;630 absent
0737908494;GE MAINTENANCE;2025-12-31;m87-f;384392.6;952015.95;27.2;variation N/N-1 extrême
0737972139;K.M.N. DENTAL;2024-12-31;m87-f;-35988.28;155508.06;;630 absent
0737987282;Injection Test;2025-12-31;m87-f;85982.62;92603.15;;variation N/N-1 extrême
0737989064;LE SACRE PAIN;2025-12-31;m87-f;-46482.67;121746.51;3.9;variation N/N-1 extrême
0737990153;SPRINT SERVICES;2023-12-31;m07-f;-12394.17;158279;3;exercice ancien (2023-12-31)
0738379539;BELGIUM EXPERT CONSTRUCT;2025-12-31;m87-f;699.52;16679.44;;630 absent
0738424970;SO GREEN;2025-12-31;m87-f;22056;10696;;EBITDA > total du bilan
0738439224;NOVEN BXL;2025-12-31;m81-f;3410757.71;13880446.79;0;EBITDA dans la bande sans personnel déclaré
0738449716;MPM SERVICES;2025-12-31;m87-f;-2219.33;38227.29;;variation N/N-1 extrême
0738469116;ISI GROUP;2025-12-31;m87-f;4335.77;24386.39;;630 absent
0738522564;T.I.B GROUP;2025-12-31;m87-f;14066.94;27489.48;;630 absent
0738522762;VISUTRANS;2023-12-31;m07-f;116297;1204537;47;exercice ancien (2023-12-31)
0738549090;BENSTA;2025-12-31;m87-f;9851.62;24086.24;;630 absent
0738549981;BREWKSEL;2023-12-31;m87-f;-6415.21;22019.28;;"630 absent; exercice ancien (2023-12-31)"
0738552258;Louise Global Care Group;2024-12-31;m87-f;1293.82;17429.55;;"630 absent; variation N/N-1 extrême"
0738562156;PRO-SERVICES;2023-12-31;m87-f;26584;60836;;"exercice ancien (2023-12-31); variation N/N-1 extrême"
0738565027;NIEUWPOORT MARINE SCHIPCHANDLER;2024-12-31;m07-f;-153107.98;256257.35;1;variation N/N-1 extrême
0738589375;DC MEDIA;2025-12-31;m87-f;-31195.92;28487.6;;variation N/N-1 extrême
0738712705;GBS EUROPA;2024-12-31;m87-f;2180.34;20017.3;;630 absent
0738795451;H2MOBIWAL;2025-12-31;m81-f;13635.06;16512.29;;"630 absent; variation N/N-1 extrême"
0738795847;LA CONFLUENCE;2025-12-31;m87-f;1264.43;46324.01;;variation N/N-1 extrême
0738803270;BRUCEL;2025-12-31;m87-f;1851.18;1049.77;;"630 absent; EBITDA > total du bilan"
0738836330;PRO GS SERVICES;2025-03-31;m07-f;98095.7;251371.85;;variation N/N-1 extrême
0738838310;GREGOBOIS;2023-06-30;m87-f;59954.78;169314.09;0.6;exercice ancien (2023-06-30)
0738842169;PPT Belgium;2025-12-31;m87-f;20518.22;50668.37;;variation N/N-1 extrême
0738979157;DP CONCEPT;2023-12-31;m87-f;9089.11;211237.35;;exercice ancien (2023-12-31)
0739575411;Airlam;2024-12-31;m87-f;-57557.98;521375.16;;variation N/N-1 extrême
0739585111;ARDEMO;2025-12-31;m87-f;5467;15466;;variation N/N-1 extrême
0739587584;Breadbox Belgium;2025-12-31;m81-f;9470.48;649136.34;;630 absent
0739637668;Naval Group Belgium;2025-12-31;m01-f;1212769.19;16592494.93;31;variation N/N-1 extrême
0739658454;MEZ CARS;2025-12-31;m87-f;60872.49;136685.67;;630 absent
0739704281;WAUTEAM;2025-12-31;m81-f;308480.83;1647080.08;;EBITDA dans la bande sans personnel déclaré
0739714080;Transports Guiot Michael;2025-12-31;m87-f;35479.03;75661.16;;variation N/N-1 extrême
0739716258;HD-CONCEPT FERRONNERIE;2025-12-31;m87-f;68441.79;434933.01;;variation N/N-1 extrême
0739721010;Green Create W2V Ghent;2025-06-30;m81-f;-13723.03;6695514.75;;630 absent
0739804944;ENCOM GAME;2025-12-31;m87-f;-80998.36;182403.62;1;variation N/N-1 extrême
0739818208;LA CHALEUR & L'EAU MAINTENANCE;2025-12-31;m07-f;1503.8;515880.55;;630 absent
0739886603;CORSICA SOLE DEUX ACREN;2025-12-31;m82-f;6493494.79;26873798.73;;EBITDA dans la bande sans personnel déclaré
0739906793;DIGILOOP;2025-12-31;m87-f;5127.51;16854;;630 absent
0739975485;EDCB;2023-12-31;m87-f;-451.66;45701.92;1;exercice ancien (2023-12-31)
0740461079;TOP GOP SOLUTIONS;2025-12-31;m87-f;-3086.7;18022.8;;630 absent
0740526704;FERME DE BIJARD;2025-12-31;m87-f;19324.86;109157.23;;variation N/N-1 extrême
0740631226;FEM GROUP;2025-12-31;m87-f;14236.64;125193.12;3;variation N/N-1 extrême
0740676855;ATCN;2025-12-31;m87-f;-24085.62;93016.46;1.5;variation N/N-1 extrême
0740733867;LUMYTEC;2025-12-31;m87-f;-8739.72;94972.67;;variation N/N-1 extrême
0740870558;Iron Constructions;2025-12-31;m87-f;80129.7;65860.9;1;"EBITDA > total du bilan; variation N/N-1 extrême"
0740880258;STORES LEFEVRE;2025-12-31;m87-f;4259.94;24607.69;;variation N/N-1 extrême
0740891146;YOUR ELECTRICAL SECURITY;2025-12-31;m87-f;12036.09;74577.51;;variation N/N-1 extrême
0740981218;BevPack Consult;2025-12-31;m87-f;155312.71;135116.94;;EBITDA > total du bilan
0741447808;MB LOGISTICS GROUP;2023-12-31;m87-f;30946.11;164905.74;0.2;exercice ancien (2023-12-31)
0741543818;CONFISERIE LOUIS;2023-06-30;m87-f;-18531.06;163174.3;;exercice ancien (2023-06-30)
0741549954;MAISON BOSTANI;2025-12-31;m87-f;-2735.47;;;"630 absent; variation N/N-1 extrême"
0741572324;LNS SERVICES;2025-12-31;m87-f;-57358.78;90263.7;6.5;630 absent
0741620032;Pharma Chemicals France;2025-12-31;m81-f;-110555.39;1084768.98;;variation N/N-1 extrême
0741706639;BEN COMPANY;2025-12-31;m87-f;61644.06;79777.87;;variation N/N-1 extrême
0741778202;EAST BELGIAN WAREHOUSING;2025-12-31;m87-f;16493.13;42894.45;;630 absent
0741795721;IMOO;2023-12-31;m87-f;-13218.57;74929.06;;exercice ancien (2023-12-31)
0741848377;MENUISERIE SYLVAIN GREGOIRE;2025-12-31;m87-f;25485.49;84433.61;;variation N/N-1 extrême
0741924294;DE VLIEGHER;2023-12-31;m87-f;-9640;225112;;exercice ancien (2023-12-31)
0741957057;MW PARTNERS;2025-12-31;m87-f;2572.78;76234.33;;630 absent
0742500950;BCH Group;2023-12-31;m87-f;34333.37;52834.53;;exercice ancien (2023-12-31)
0742523716;WARDA STYLE;2023-12-31;m87-f;32827.46;27383.27;;"exercice ancien (2023-12-31); EBITDA > total du bilan"
0742561130;SIGMA PROJECTS;2025-12-31;m81-f;35828.73;33159.86;;EBITDA > total du bilan
0742589438;MyPower;2024-12-31;m02-f;1120497.62;6581416.83;;EBITDA dans la bande sans personnel déclaré
0742662187;LE PETIT FOUR;2023-12-31;m87-f;60764.94;91206.24;;"630 absent; exercice ancien (2023-12-31)"
0742709006;KANOBE;2025-12-31;m87-f;123418;167429;;"630 absent; variation N/N-1 extrême"
0742741173;FASD HOME & INDUSTRY;2023-12-31;m87-f;13185.47;65402.76;5;exercice ancien (2023-12-31)
0742906568;GREEN CITY WALLONIE 3;2025-06-30;m81-f;2420484.01;26112902.04;;EBITDA dans la bande sans personnel déclaré
0743422549;AUD & MIG SERVICE;2023-12-31;m07-f;617.08;4241.19;;"630 absent; exercice ancien (2023-12-31)"
0743596456;ROCKSKIN;2024-12-31;m87-f;-9262.34;23320.58;;630 absent
0743602790;MEINI GROUP;2023-12-31;m87-f;46797.17;97705.53;;exercice ancien (2023-12-31)
0743635949;CPN TRANSPORT;2025-12-31;m87-f;11032.9;44799.64;;630 absent
0743648718;FESTIVAL DU PAIN;2025-12-31;m81-f;38670.74;203628.38;20;variation N/N-1 extrême
0743668415;PROSECCO MATILDE;2023-12-31;m81-f;-15114.86;47842.87;;"630 absent; exercice ancien (2023-12-31); variation N/N-1 extrême"
0743685538;VESDRE TRANSPORT;2025-12-31;m87-f;-712;1880;;630 absent
0743758980;ERMD;2025-12-31;m87-f;-11080.02;7908.39;;630 absent
0743800651;PHARMAEXPRESS;2025-12-31;m81-f;188913.53;582186.61;2;630 absent
0743814311;The Kylian's;2024-12-31;m87-f;29334.47;86173.76;;variation N/N-1 extrême
0743827969;PROGECKO;2025-12-31;m87-f;-44211.24;385374.39;;variation N/N-1 extrême
0743898146;LE PETIT PARISIEN;2023-12-31;m87-a;-10651;27896;;exercice ancien (2023-12-31)
0743900225;SMG LUXE AUTO;2025-12-31;m87-f;;79878.67;;"9901 absent; 630 absent"
0743900324;TASNIM;2024-12-31;m87-f;2112.5;90435.65;;630 absent
0743923484;RENOV'CITY;2025-12-31;m87-f;52913;194650;0.1;variation N/N-1 extrême
0743923979;SHERAWASSOU;2024-12-31;m07-f;-13608.96;4816.66;;"630 absent; variation N/N-1 extrême"
0743931404;Aux Vents de Liège;2025-12-31;m81-f;518580.6;4323761.14;;EBITDA dans la bande sans personnel déclaré
0743941401;Belcydonia;2023-12-31;m87-f;-68632.81;126368.34;;exercice ancien (2023-12-31)
0743960801;CODI BUSINESS;2024-12-31;m87-f;38168.56;193592.67;;630 absent
0743985644;Michel Magdelyns Performance Service;2025-12-31;m87-f;8518.14;28193.92;;variation N/N-1 extrême
0744367211;A.I.T.;2024-12-31;m87-f;26650.65;124089.57;;variation N/N-1 extrême
0744542207;ELEM CONCEPT;2023-12-31;m81-a;-3651;155;;"630 absent; exercice ancien (2023-12-31)"
0744559825;D & T TRANSPORT;2025-12-31;m07-f;195823.37;337319.84;4.5;variation N/N-1 extrême
0744643660;EXOTHERA;2023-12-31;m02-f;-26847615.64;35650413.99;139.2;exercice ancien (2023-12-31)
0744643759;UNIZIMA;2023-12-31;m02-f;-2512655.08;7486338.03;8.2;exercice ancien (2023-12-31)
0744643858;Quantoom Biosciences;2023-12-31;m02-f;-9440494.13;57267063.85;69.1;exercice ancien (2023-12-31)
0744658607;RESEAUPROTEC;2024-12-31;m87-f;6510.75;113623.74;1.1;variation N/N-1 extrême
0744665634;AG Group;2023-12-31;m87-f;-12052.13;568664.63;;"630 absent; exercice ancien (2023-12-31)"
0744730663;VIGATHERM;2025-12-31;m87-f;72551.41;127387.25;;variation N/N-1 extrême
0744773522;SIBGUI TRANSPORT;2023-12-31;m81-f;0;2868.97;;"630 absent; exercice ancien (2023-12-31)"
0744884180;HeRo Intelligent Consulting;2025-12-31;m87-f;78576.83;28816.93;;EBITDA > total du bilan
0744941192;PROSAPIA;2025-09-30;m81-f;-17150.92;30780.82;;630 absent
0745388679;SAWA CITI BELGIUM;2024-12-31;m87-f;10573.85;63074.74;1;variation N/N-1 extrême
0745396203;UBEER;2025-06-30;m87-f;-291.02;14052.4;;630 absent
0745416987;Uber Eats Belgium;2025-12-31;m82-f;951017.5;16690780.21;33.3;630 absent
0745567338;Alsodar Group;2025-12-31;m87-f;-58582.3;211689.6;;variation N/N-1 extrême
0745571692;UNIVERS CLEAN;2025-12-31;m07-f;6763.94;292501.56;;630 absent
0745589213;EOLE Services;2025-12-31;m81-f;2110.92;1161564.23;;630 absent
0745623756;BANICA GROUPE;2024-12-31;m87-f;-32014.18;163186.64;;variation N/N-1 extrême
0745690072;EUPALLET;2023-12-31;m81-f;-181763;759660;;exercice ancien (2023-12-31)
0745701554;Domaine Oraé;2025-12-31;m07-f;-71627.94;471913.22;;variation N/N-1 extrême
0745715511;Domaine d'Haveligeoule;2025-12-31;m87-f;1393.13;2188804.77;;630 absent
0745731149;A2H LOGISTIQUE;2023-12-31;m87-f;-10687.51;162865.21;10.6;exercice ancien (2023-12-31)
0745834780;DEVIAN;2025-12-31;m01-f;72054.71;1945528.67;;630 absent
0745908125;HADDAN Corp;2024-12-31;m01-f;9177.99;20043.12;;630 absent
0745942371;Genèse;2025-12-31;m87-f;-16497.28;56145.03;;630 absent
0746409159;Palettes export;2023-12-31;m01-f;51041.2;920660.19;10;exercice ancien (2023-12-31)
0746439843;LYM Services;2025-12-31;m87-f;188968.18;319886.49;3.7;variation N/N-1 extrême
0746499330;SATPROD;2025-12-31;m87-f;-3239.35;12674.21;;630 absent
0746538031;BEWA WELDING;2025-12-31;m87-f;36695.68;228269.29;;variation N/N-1 extrême
0746556936;CONSULTING ZENITHAL;2023-12-31;m07-f;;2845.74;;"9901 absent; 630 absent; exercice ancien (2023-12-31)"
0746583858;WIND4WALLONIA 3;2025-12-31;m02-f;2033908.9;18296412.12;;EBITDA dans la bande sans personnel déclaré
0746591875;M&G Translog;2025-12-31;m07-f;-10262.6;150156.79;;630 absent
0746609988;I FRATELLI;2024-12-31;m81-f;183765.38;1050485.23;7.3;variation N/N-1 extrême
0746623747;HELIOPOLIS. T;2025-12-31;m01-f;-82051.52;1560998.06;;630 absent
0746628992;HOPPA BELGICA;2023-06-30;m87-f;-4387.5;1035119.82;;exercice ancien (2023-06-30)
0746651362;LUGINA TRANSPORT;2023-12-31;m07-f;-6216.77;255695.29;;exercice ancien (2023-12-31)
0746661260;ISO HABITAT CONSTRUCT;2023-12-31;m87-f;47960.13;194324.92;;exercice ancien (2023-12-31)
0746834375;PELIN 2018;2025-12-31;m87-f;-1196.12;11573.85;;630 absent
0746848728;AMO CARS;2025-12-31;m87-f;4386.53;37884.62;;630 absent
0746855953;HALLCO INDUSTRIES;2025-12-31;m01-f;580165.07;992066.58;3.1;variation N/N-1 extrême
0746930385;Lumiwind;2025-12-31;m82-f;1308395.11;13225909.8;;EBITDA dans la bande sans personnel déclaré
0746951567;Digital Storm Mirrors;2024-12-31;m87-f;19397.23;25332.14;;variation N/N-1 extrême
0747541683;Uw energiehuis;2023-12-31;m81-f;-137415.78;2464640.54;24.8;exercice ancien (2023-12-31)
0747578505;DROOM;2025-12-31;m07-f;44463.61;543243.94;;variation N/N-1 extrême
0747682136;STRATOZE;2025-12-31;m07-f;-876.88;54781.05;;variation N/N-1 extrême
0747690549;Albert MARICHAL;2025-12-31;m87-f;341540.24;1496003.29;;EBITDA dans la bande sans personnel déclaré
0747746175;MTP TRANS;2024-12-31;m87-f;12419.78;39423.61;;variation N/N-1 extrême
0747792695;LUSHAJ;2023-12-31;m07-f;;0.17;;"9901 absent; 630 absent; exercice ancien (2023-12-31)"
0747794378;YKM;2023-12-31;m87-f;37701.87;99540.2;;"630 absent; exercice ancien (2023-12-31)"
0747863466;LA RESSOURCE;2023-12-31;m07-f;-138569.37;308056.97;5.3;exercice ancien (2023-12-31)
0747870790;Icegloo;2024-12-31;m87-f;-8324.76;2469.69;;630 absent
0747890685;LA CLINIQUE DU FAUTEUIL;2025-12-31;m87-f;506.31;4639.39;;630 absent
0747896922;SEF TRANS;2024-12-31;m01-f;5182.65;115719.9;;630 absent
0747968483;TAZAWINGS SERVICES;2025-12-31;m87-f;-8020.27;9630.68;;630 absent
0748396669;Auto Elyaz;2024-12-31;m87-f;12593.86;126347.97;;"630 absent; variation N/N-1 extrême"
0748433588;LA 3D;2023-12-31;m87-f;-12071;29736.6;;"exercice ancien (2023-12-31); variation N/N-1 extrême"
0748570378;RM Concept;2025-12-31;m87-f;15326.82;86081.78;;variation N/N-1 extrême
0748576615;NOJAROS;2024-12-31;m07-f;-11728;3931;;630 absent
0748688659;TAXI CINEY;2025-12-31;m87-f;14547.47;42827.15;;variation N/N-1 extrême
0748741515;LUX DAR TRANS;2024-12-31;m87-f;-1666.39;10702.43;;630 absent
0748799913;Blue Site;2025-12-31;m01-f;714752.45;6009705.13;;"630 absent; EBITDA dans la bande sans personnel déclaré"
0748833763;BATI PRO SOLUTION;2025-06-30;m87-f;-178.1;3448.64;;630 absent
0748905227;APR Pharma;2025-12-31;m81-f;69996.63;244955.42;;variation N/N-1 extrême
0748963625;A.A.S. BELGIUM;2025-12-31;m87-f;;6346;;"9901 absent; 630 absent"
0749614317;ESTOR-LUX;2025-12-31;m01-f;1088193.42;8105672.99;;EBITDA dans la bande sans personnel déclaré
0749626985;Equinox Advisory;2025-12-31;m81-f;1249265.2;4590700.92;;EBITDA dans la bande sans personnel déclaré
0749632430;FULL MILE CARGO SERVICE;2025-12-31;m01-f;-2977505;3591845;24.8;variation N/N-1 extrême
0749663015;AERO-PRO;2025-12-31;m81-f;7204.42;53588.97;;630 absent
0749670141;PANINCOR;2025-06-30;m81-f;2736295.42;3242655.73;;EBITDA dans la bande sans personnel déclaré
0749717948;SABEL 77;2024-12-31;m87-a;11032.25;9690.8;;"630 absent; EBITDA > total du bilan"
0749722502;Marin & Fils Rénovation;2025-12-31;m87-f;280438.28;260197.11;;EBITDA > total du bilan
0749734774;LAUREAT-FOOD;2025-12-31;m87-f;-1756.92;16455.53;;630 absent
0749793568;SEVGI GOLD;2025-12-31;m87-f;23993.99;467734.32;;variation N/N-1 extrême
0749800991;RDVA - Rêve;2025-12-31;m87-f;17386;53843;;630 absent
0749821678;Axess Services;2025-12-31;m87-f;11048.93;8433.78;;"630 absent; EBITDA > total du bilan"
0749841276;LIMOLUX AZ;2025-12-31;m87-f;-1841.81;1597.77;;"630 absent; variation N/N-1 extrême"
0749887303;Feluy M2M;2025-12-31;m01-f;282637.72;15318356.68;;630 absent
0749924915;GOODPHIL;2025-12-31;m87-f;-11052.11;9161.09;;630 absent
0750479102;NMA;2023-12-31;m87-f;-121074.6;730223.93;;"630 absent; exercice ancien (2023-12-31)"
0750511368;DIM COMPANY;2024-12-31;m07-f;76078;323740;;exercice de 7 mois
0750524137;ELO-TECHNOLOGIE;2023-12-31;m87-f;1693.43;4329.03;;"630 absent; exercice ancien (2023-12-31)"
0750551455;CHAMS ADDOHA;2025-12-31;m87-f;-1258.01;888.17;;630 absent
0750617078;Metalflow;2023-09-30;m87-f;12598.2;53773.65;1;"630 absent; exercice ancien (2023-09-30); exercice de 11 mois"
0750634104;MBO GROUP;2024-12-31;m87-f;-25542.46;103500.71;;variation N/N-1 extrême
0750634696;MH LIMO;2025-12-31;m87-f;14467.82;50244.39;;variation N/N-1 extrême
0750636379;GOLCONDA;2025-12-31;m87-f;4024.92;90378.11;;630 absent
0750660432;FALCON DRIVE;2024-12-31;m87-f;-2732.41;15879.53;;630 absent
0750676367;SKYLITE;2025-12-31;m81-f;925823;621951;1;EBITDA > total du bilan
0750706061;TME PARTNERS;2024-12-31;m87-f;-5657.28;27448.07;;variation N/N-1 extrême
0750734270;VDKL;2025-12-31;m87-f;28953;27346;;"EBITDA > total du bilan; variation N/N-1 extrême"
0750832359;NELIO;2025-12-31;m07-f;178068;6192;;"630 absent; EBITDA > total du bilan; variation N/N-1 extrême"
0750841069;SRMG GROUP;2025-06-30;m87-f;30278.1;63271.11;;630 absent
0750876109;IZK DISTRI;2024-12-31;m87-f;7893.34;103742.23;;630 absent
0750999437;IM'S & IL'S;2025-12-31;m87-f;6967.64;38727.97;;variation N/N-1 extrême
0751528581;KARA GROUP;2025-12-31;m87-f;86582.96;117187.91;;variation N/N-1 extrême
0751636271;AGRO-GREEN;2025-12-31;m87-f;-1526.88;315.27;;630 absent
0751644684;MGMA EXPRESS;2024-06-30;m87-f;-13874.86;17577.8;;variation N/N-1 extrême
0751714564;Q-RICHT;2025-12-31;m87-f;68066.43;60757.82;;"630 absent; EBITDA > total du bilan"
0751787909;BELGIAN DREAM;2025-12-31;m87-f;-6742.97;12904.5;;630 absent
0751803745;VENILU;2023-12-31;m81-f;-19708.38;343133.02;0.1;exercice ancien (2023-12-31)
0751867586;BORA HOME;2024-12-31;m07-f;0;21723.33;;630 absent
0751869071;Boisalumetal Belgium;2024-12-31;m87-f;344636.21;1145359.76;;EBITDA dans la bande sans personnel déclaré
0751899161;VD.B;2024-12-31;m07-f;37101.77;103676.41;;variation N/N-1 extrême
0751917967;WE International Minerals;2024-12-31;m07-f;-59642.19;414551.16;0.7;variation N/N-1 extrême
0751939347;TRATRANS;2025-12-31;m81-f;7659.46;216828.95;23.7;630 absent
0751998339;HOLYMAR;2023-12-31;m87-f;-18726.24;361800.57;;"exercice ancien (2023-12-31); dépôt plus récent inexploitable (2026-00517426:404 [m87-a-p/Initial])"
0752521743;LEMYTEX;2024-12-31;m87-f;;5338;;"9901 absent; 630 absent"
0752576379;Learning Advantage - P2LA;2025-06-30;m87-f;-4164.8;5290.91;;630 absent
0752635470;ACCURIX EUROPE;2025-12-31;m07-f;102046.09;115889.76;;variation N/N-1 extrême
0752645863;FOTRANS;2024-12-31;m81-f;62904.51;142675.64;6.9;variation N/N-1 extrême
0752673577;OSHUN;2025-09-30;m87-f;-1318.78;417.51;;"630 absent; variation N/N-1 extrême"
0752810664;VINIORUM;2024-12-31;m87-f;-8751.21;312628.29;;630 absent
0752821057;YC;2025-12-31;m87-f;-1415.63;2796.07;;"630 absent; variation N/N-1 extrême"
0752886977;Livay. Ets;2023-12-31;m87-f;14537.36;57126.66;;exercice ancien (2023-12-31)
0752935477;BALLIEU;2025-12-31;m87-f;56816.33;129509.49;;variation N/N-1 extrême
0753458683;DM Désoss;2024-12-31;m87-f;-136749.86;204986.94;16.4;variation N/N-1 extrême
0753536778;Benar Impex;2025-12-31;m87-f;11345.56;238017.27;;630 absent
0753559445;B2B Distribution;2025-12-31;m07-f;122677.34;758992.21;9.4;630 absent
0753610222;O'Solutions;2024-12-31;m81-f;-22848;236809.65;;variation N/N-1 extrême
0753688911;ISOWAY;2025-12-31;m87-f;-17472.5;16390.83;;variation N/N-1 extrême
0753711081;HESTIA DEJEUNER;2025-12-31;m87-f;-566.66;720.43;;630 absent
0753758591;AVIAELEC;2025-12-31;m87-f;76059.9;56345.34;;EBITDA > total du bilan
0753844507;AL FARES GROUP;2024-12-31;m07-f;28229.45;129523.38;;variation N/N-1 extrême
0753855393;K.V.E. Transport;2025-12-31;m87-f;47777.88;84071.99;;variation N/N-1 extrême
0753862125;TIFAM SERVICES;2023-12-31;m87-f;-38297.13;321233.51;6.8;exercice ancien (2023-12-31)
0753905774;F&F Construct Team;2023-08-31;m81-f;9848.56;33210.06;;exercice ancien (2023-08-31)
0753979218;MEDICAL TRANSPORT V.S.;2024-12-31;m87-f;-39467.99;3984.41;;"630 absent; variation N/N-1 extrême"
0753979812;Salaisons des Ardennes;2025-12-31;m01-f;783872;4939104;12.1;variation N/N-1 extrême
0754388794;ARZU TRANS;2023-12-31;m07-f;31658.32;113166.37;;exercice ancien (2023-12-31)
0754414134;HAROUNACHRAF;2023-12-31;m87-f;16429.99;87046.92;;exercice ancien (2023-12-31)
0754442541;NET TRANSPORT;2025-12-31;m87-f;-53246.03;6629;;630 absent
0754450954;IM-PROJET;2025-12-31;m87-f;2455.44;1962.47;;EBITDA > total du bilan
0754454914;ASAAD COMPANY;2024-12-31;m87-f;-15262;50850;;630 absent
0754479856;DMG-TRANS;2025-12-31;m87-f;32390;38043;;630 absent
0754540036;BH CONCEPT;2024-12-31;m87-f;61857.86;76262.7;;variation N/N-1 extrême
0754624663;DEPANNAGE CROON;2025-12-31;m87-f;53436.68;104280.38;;variation N/N-1 extrême
0754625158;RG Concept;2024-09-30;m87-f;5149.46;177752.82;;630 absent
0754629118;MYCOOL;2026-03-31;m87-f;150347.25;1931865.71;;variation N/N-1 extrême
0754861522;SYCOS;2024-12-31;m81-f;27146.01;38439.69;0;630 absent
0754862611;LES RATONS;2025-06-30;m87-f;-16994.71;282981.05;;variation N/N-1 extrême
0755378689;KHOMCLEAN;2025-12-31;m87-f;167820.67;420480.01;;variation N/N-1 extrême
0755397495;KOFTA KITCHEN;2023-12-31;m07-f;-16661.33;34911.82;;exercice ancien (2023-12-31)
0755421251;RIVIEREHYDRO;2025-12-31;m01-f;830371.36;5396181.21;;EBITDA dans la bande sans personnel déclaré
0755454212;MECAMANIAC;2024-12-31;m87-f;900.98;64735.9;;630 absent
0755471830;MENAMINE;2024-12-31;m87-f;2904.75;20694.84;;630 absent
0755643064;BLDK TRANS;2025-12-31;m87-f;12443.93;92647.58;;630 absent
0755669095;NEVA GROUP;2025-12-31;m87-f;103133.38;362124.03;;variation N/N-1 extrême
0755735116;SIMBEL;2025-12-31;m81-f;670191.69;2769109.42;;EBITDA dans la bande sans personnel déclaré
0755753922;LINAMED TRANSPORT;2024-12-31;m87-f;-13;10192;;630 absent
0755757781;ARPO ATELIER;2025-12-31;m87-f;-12064.49;12459.67;;variation N/N-1 extrême
0755760553;PANDEMIE;2025-12-31;m87-f;12893.19;106382.99;0.8;variation N/N-1 extrême
0755783715;AUX DELICES DU CARTIER;2023-12-31;m01-f;-1625;263138;;exercice ancien (2023-12-31)
0755845873;SANFILIPPO SICILY FOOD;2024-12-31;m87-f;107470.4;1064394.5;0.9;variation N/N-1 extrême
0755944754;FANDAK;2025-12-31;m87-f;-3706.74;16143.03;;630 absent
0755946239;HABI ROAD;2025-12-31;m87-f;206850.12;325960.71;6.2;"630 absent; variation N/N-1 extrême"
0756477066;SGS TRANSPORT;2023-09-30;m87-f;26537.28;211018.22;;exercice ancien (2023-09-30)
0756538335;BUTTERFLY PLANETARY SUPPORT;2024-12-31;m87-f;22040.76;74692.7;3.1;variation N/N-1 extrême
0756592575;HD EUROPE;2023-12-31;m07-f;93209.92;294137.16;;"630 absent; exercice ancien (2023-12-31)"
0756596733;BeCreative Comms;2025-12-31;m87-f;108655.54;76997.38;;EBITDA > total du bilan
0756705215;ZUCI SYSTEMS;2025-03-31;m81-f;172646.37;3961862.85;0.6;630 absent
0756748171;DMLC;2025-12-31;m87-f;27096.53;170354.15;;variation N/N-1 extrême
0756765591;AXEM;2025-12-31;m87-f;-19778.96;55068.46;0.3;variation N/N-1 extrême
0756770145;LUSCYLINE;2025-12-31;m87-f;-2979.2;32216.57;;630 absent
0756810826;ECO-DDENS CONCEPT;2023-12-31;m07-f;-14845.09;4799.53;;"630 absent; exercice ancien (2023-12-31)"
0756821615;RIDE PLUS;2025-12-31;m87-f;11563.87;69797.26;;630 absent
0756910301;Immo & Trucks Investment;2025-06-30;m07-f;107207.95;136871.97;;"630 absent; variation N/N-1 extrême"
0756962858;TAVERNE VIKTORIA;2023-12-31;m87-f;205.21;1223.51;;"630 absent; exercice ancien (2023-12-31)"
0757468446;TERTRE INNOVATION SOLAIRE;2025-12-31;m87-f;-192331.68;828190.11;;630 absent
0757621864;ESSLIA;2024-12-31;m87-f;-274.25;32274.3;;630 absent
0757697088;LILA TRANSPORT;2023-12-31;m87-f;11906.12;33579.63;;exercice ancien (2023-12-31)
0757727871;HARTEK.LUBE;2025-12-31;m81-f;0;10;;630 absent
0757735492;BBL GROUP;2025-12-31;m87-f;26597.2;73636.04;;"630 absent; variation N/N-1 extrême"
0757776569;OppiCo;2025-12-31;m87-f;4730.31;16767.29;;630 absent
0757778153;MAGNUM TRANS;2023-12-31;m87-f;-3232.71;135347.26;;"630 absent; exercice ancien (2023-12-31)"
0757782905;JFK TRANS;2023-12-31;m87-f;16794.1;116333.73;;"630 absent; exercice ancien (2023-12-31); variation N/N-1 extrême"
0757798741;MTN BOUW;2025-12-31;m87-f;-47614.26;231546.78;;630 absent
0757825762;SITABEL;2023-12-31;m87-f;18841.6;45670.61;;"exercice ancien (2023-12-31); variation N/N-1 extrême"
0758382622;Water & Environnement, engineering & management;2025-12-31;m87-f;244551.38;205095.99;;EBITDA > total du bilan
0758403705;AR DRIVE;2024-12-31;m07-f;16080.16;43356.71;;variation N/N-1 extrême
0758420729;Art Khan;2025-12-31;m07-f;1815.9;5152.21;;variation N/N-1 extrême
0758422016;FOX LIFT;2024-12-31;m07-f;5269.44;11624.91;;variation N/N-1 extrême
0758466160;ZG;2025-06-30;m87-f;16833.4;83474.32;;variation N/N-1 extrême
0758477246;CONTAINER1;2025-06-30;m87-f;93972.68;269580.53;0.5;variation N/N-1 extrême
0758497438;MKATEC;2025-12-31;m87-f;34841.44;150226.03;;variation N/N-1 extrême
0758593547;NMG COMPANY;2023-12-31;m81-f;18910;188907.01;;exercice ancien (2023-12-31)
0758614927;WSPEED;2025-12-31;m87-f;18509.3;134477.23;7;variation N/N-1 extrême
0758707967;A&B MANAGEMENT;2024-12-31;m87-f;;;;"9901 absent; 630 absent"
0758724793;Ak Location;2024-12-31;m87-f;-3574.41;8086.2;;630 absent
0758773491;MEVA IMPORT & EXPORT;2025-12-31;m87-f;-17050.22;624.4;;630 absent
0758786260;Eol'Wapi;2025-12-31;m02-f;7060727;121855614;;EBITDA dans la bande sans personnel déclaré
0758790319;Wind2Trucks;2025-12-31;m02-f;799917;3671270;;EBITDA dans la bande sans personnel déclaré
0758801306;PEC Belgium Olen;2025-12-31;m01-f;1526653.33;51708443.9;;EBITDA dans la bande sans personnel déclaré
0758861088;MAYLOG;2025-12-31;m87-f;-30045.1;63879.97;;variation N/N-1 extrême
0758920278;Elec-On Light;2025-12-31;m87-f;37718;92373;;variation N/N-1 extrême
0758958682;MDIA CONCEPT;2025-12-31;m87-f;-33534.03;27442.58;;630 absent
0758980656;RONSKENS;2025-12-31;m87-f;113529;175862;;variation N/N-1 extrême
0759396370;KingBox;2023-12-31;m87-f;4257.38;18979.28;1;exercice ancien (2023-12-31)
0759402706;KAYKI;2025-12-31;m87-f;-889.88;553.25;;630 absent
0759415869;DUAL EXPERT;2025-12-31;m87-f;22092.2;81765.43;;630 absent
0759525935;NICE PROPERTIES;2024-12-31;m87-f;38944.54;43498.33;;"630 absent; variation N/N-1 extrême"
0759526925;JL COMPANY;2023-12-31;m87-f;-1784.44;2889.6;;"630 absent; exercice ancien (2023-12-31)"
0759548602;MIR&ES;2023-12-31;m87-f;27521.02;73637.5;;exercice ancien (2023-12-31)
0759607097;KF Entreprise;2024-12-31;m87-f;55295.86;130722.78;;variation N/N-1 extrême
0759659458;Lift you Up;2025-09-30;m87-f;346657.13;343024.63;;"EBITDA > total du bilan; EBITDA dans la bande sans personnel déclaré"
0759708948;RE - Loop;2025-12-31;m87-f;-22897;86516;;"630 absent; variation N/N-1 extrême"
0759731813;BELGIAN INFUSIONS;2025-12-31;m87-f;580763.15;1528355.58;;EBITDA dans la bande sans personnel déclaré
0759771801;Best Food Innovation;2025-12-31;m87-f;54054.88;51457.33;;"EBITDA > total du bilan; variation N/N-1 extrême"
0759775660;H & H PHARMACEUTICALS;2025-12-31;m82-f;1528223.2;47396315.02;;"630 absent; EBITDA dans la bande sans personnel déclaré"
0759824655;JS IMMO;2024-12-31;m87-f;58907.48;2036170.65;;630 absent
0759826239;TAD;2025-12-31;m81-f;93872.13;1127023.5;;variation N/N-1 extrême
0759849795;Nala Renewables Belgium;2025-12-31;m81-f;2325464.28;34144426.13;;EBITDA dans la bande sans personnel déclaré
0759899978;SHARDANA;2025-12-31;m87-f;40775.66;19740.83;1.9;EBITDA > total du bilan
0759994208;Wind4Flanders Projects Beta;2025-12-31;m02-f;2518546.41;39617505.05;;EBITDA dans la bande sans personnel déclaré
0759994406;GREEN LION ENERGY;2025-12-31;m81-f;-162443.02;737584.52;;630 absent
0759997671;SANOCCI;2025-12-31;m07-f;12778.21;72942.7;;630 absent
0760302232;SB Services Plus;2025-12-31;m87-f;23392.68;52965.73;;variation N/N-1 extrême
0760435260;FIRST STEP;2025-12-31;m07-f;-7670.28;35812.6;;630 absent
0760448326;ACS NEW CONCEPT;2023-12-31;m87-f;31924.95;114202.71;;"exercice ancien (2023-12-31); variation N/N-1 extrême"
0760513256;MONTACUIZ;2025-12-31;m87-f;-8441.92;3643.94;;630 absent
0760603526;ALUMI & Co;2025-12-31;m01-f;344831.61;1516615.84;15;exercice de 18 mois
0760605011;ELTO BELUX;2024-12-31;m81-f;-315464.39;2104039.18;3.8;variation N/N-1 extrême
0760676176;CONVOI Belgium;2025-12-31;m81-f;-29366.6;495880.23;0;630 absent
0760697655;TECNIPANEL;2023-12-31;m87-f;581.54;104177.44;;"exercice ancien (2023-12-31); variation N/N-1 extrême"
0760699239;"""Bowls.be""";2025-09-30;m87-f;67313.7;126622.49;12.9;variation N/N-1 extrême
0760767139;SLT COMPANY;2024-09-30;m01-a;5805.07;178160.36;13;630 absent
0760776839;SEETECH LIGHTING;2025-12-31;m81-f;10062.19;7495.07;;"EBITDA > total du bilan; variation N/N-1 extrême"
0760786341;TONY K.Z.B.;2023-12-31;m81-f;2111;35968;;"630 absent; exercice ancien (2023-12-31)"
0760826329;The Dark Kitchen;2025-12-31;m87-f;139005.66;90787.47;;EBITDA > total du bilan
0760844640;MYI FAMILY;2025-12-31;m87-f;4078.35;20824.24;;630 absent
0761335380;IA COMPANY;2025-12-31;m87-f;314876.88;435052.26;;EBITDA dans la bande sans personnel déclaré
0761365965;Sunyugo;2025-12-31;m87-f;-5468.33;14297.01;;630 absent
0761515425;AMANA BXL;2025-06-30;m87-f;24365.15;13288.42;;"EBITDA > total du bilan; variation N/N-1 extrême"
0761540169;ROBIN 92;2024-12-31;m87-f;35374.51;71991.49;;variation N/N-1 extrême
0761565014;F&M Studio-Décoration et Gastronomie;2025-12-31;m87-f;9883.7;39984.62;;630 absent
0761567289;GRAFISTA;2025-12-31;m87-f;13368.61;61572.45;;variation N/N-1 extrême
0761598468;ASL Liege;2025-12-31;m81-f;41062.66;2719696.68;2.3;630 absent
0761598567;APEO – Agronomical Plant Extracts & Essential Oils;2025-12-31;m87-f;-964071.82;6816406.62;7.1;variation N/N-1 extrême
0761599458;MLWM;2025-12-31;m87-f;9059.84;28128.77;;variation N/N-1 extrême
0761634496;LDV Toitures;2023-12-31;m87-f;-19635.65;3283.61;;"630 absent; exercice ancien (2023-12-31); variation N/N-1 extrême"
0761723974;Zo-Fier;2025-12-31;m02-f;1836155.65;30973169.54;;EBITDA dans la bande sans personnel déclaré
0761822558;DESIGN CREATION CARPENTRY;2025-12-31;m87-f;-6239;681;;630 absent
0761872246;Balourdet & Partners;2025-12-31;m87-f;5568.94;18446.05;;variation N/N-1 extrême
0761875414;MULTI AIR SERVICES;2025-12-31;m87-f;14566.91;854001.38;;630 absent
0761903128;YKSL;2025-12-31;m87-f;28676.57;92012.49;3.5;variation N/N-1 extrême
0761910254;POOL DELUXE;2025-12-31;m07-f;-63141.85;82753.33;;variation N/N-1 extrême
0761913521;E-DELIVERY MANAGEMENT;2025-12-31;m87-f;-78240.51;429272.37;11.5;variation N/N-1 extrême
0761968652;FOCUS FACILITY SERVICES;2025-12-31;m87-f;109205.17;164593.07;;variation N/N-1 extrême
0762438311;COGEGAZ-FM;2025-12-31;m81-f;417833.53;1517520.56;2;variation N/N-1 extrême
0762461669;Kolmar Belgium;2025-12-31;m02-f;7250.37;214315.95;;"630 absent; devise USD"
0762506310;MUYLE ENERGY SERVICE;2025-12-31;m87-f;333111;292063;;"EBITDA > total du bilan; EBITDA dans la bande sans personnel déclaré"
0762519869;OPTISOINS;2025-12-31;m87-f;59615.84;93410.74;;variation N/N-1 extrême
0762527688;LUCAS MARTIN;2024-12-31;m87-f;-10775;424282;;630 absent
0762565401;APHARGA;2025-12-31;m87-f;6543.74;23536.35;;630 absent
0762603409;Succulente;2025-12-31;m87-f;15882.11;75414.44;2.3;variation N/N-1 extrême
0762637358;THE FARM 1;2025-12-31;m87-f;120230.94;118540.55;;EBITDA > total du bilan
0762650127;vent d'ENFAN;2025-12-31;m81-f;-3277.66;1407096.52;;630 absent
0762711097;PAUSSTECH;2025-12-31;m87-f;47330;109433;;630 absent
0762712582;JIBRIL TRANS;2023-12-31;m87-f;2170.8;96929.93;;exercice ancien (2023-12-31)
0762790281;NADIAZIZWIT;2024-12-31;m87-f;15791.54;76294.87;;variation N/N-1 extrême
0762862042;KÖZLER;2025-06-30;m87-f;22785.77;18647.27;;"EBITDA > total du bilan; variation N/N-1 extrême"
0762901238;WAL & ROB;2025-12-31;m87-f;-9697.66;10210.05;;variation N/N-1 extrême
0762906384;NORD TRANS;2025-12-31;m87-f;44411.27;27763.29;;EBITDA > total du bilan
0762924596;LES DELICES DU PETIT POUCET;2023-12-31;m87-f;64021.67;272521.08;3.4;exercice ancien (2023-12-31)
0762928358;KY GROUP;2025-12-31;m87-f;17491.94;166563.77;;variation N/N-1 extrême
0762971217;GROUP ROBERT;2023-12-31;m87-f;219906.51;883255.79;;exercice ancien (2023-12-31)
0762972702;SAFYR;2025-12-31;m81-f;306818.34;1682155.21;3.5;variation N/N-1 extrême
0763353079;TAKE CARE CANDLES;2023-12-31;m87-f;-7516.29;68102.43;;exercice ancien (2023-12-31)
0763376142;Aux Vraies Saveurs;2023-12-31;m87-f;31590.99;332144.78;;exercice ancien (2023-12-31)
0763523424;Agility Consulting;2025-12-31;m87-f;64485.22;108296.93;;variation N/N-1 extrême
0763531243;ADBG.be;2023-12-31;m87-f;-47664.83;345425.25;6.5;exercice ancien (2023-12-31)
0763545396;BILAL LIMO;2024-12-31;m07-f;-51312.46;2239;;630 absent
0763583109;R.A transport;2025-12-31;m07-f;-15875.39;18493.47;;variation N/N-1 extrême
0763666449;AAS GROUP;2025-12-31;m87-f;;575.12;;"9901 absent; 630 absent"
0763768694;PATISSERIE HELIN;2025-12-31;m87-f;-15752.8;31481.3;;variation N/N-1 extrême
0763777703;C.Y.M Trans;2024-12-31;m87-f;8586.59;18809.71;;variation N/N-1 extrême
0763818382;Yourtez-vous;2025-12-31;m87-f;41491.33;137880.22;;variation N/N-1 extrême
0763823728;Olanbra;2025-12-31;m81-f;161285;5324473;;630 absent
0763838772;TECHNOFEST INNOVATIONS & INSTITUTE OF TECHNOLOGY - BELGIUM;2023-12-31;m87-f;-4463.62;307.37;;exercice ancien (2023-12-31)
0763854313;OperEight;2023-12-31;m87-f;19957.77;94692.55;;exercice ancien (2023-12-31)
0763856885;CREATIVE CONTENT HUB;2024-12-31;m87-f;361955.3;384487.55;;"EBITDA dans la bande sans personnel déclaré; variation N/N-1 extrême"
0763858271;EXTREMOTORS;2025-12-31;m87-f;-60792.57;134857.67;1;"630 absent; variation N/N-1 extrême"
0763906573;BV CODING;2023-12-31;m87-f;4977.79;59414.83;;exercice ancien (2023-12-31)
0763941712;JACRIFAST;2025-12-31;m87-f;-64070.76;54710.07;7.2;variation N/N-1 extrême
0763995655;ETS PASCUZZO.COM;2025-12-31;m87-f;8931.33;129825.02;;630 absent
0764314369;Aleanza;2025-06-30;m87-f;1955.44;15986.57;;630 absent
0764322683;ATLS Service;2025-12-31;m87-f;-100;;;630 absent
0764340105;REFRIPEC;2025-12-31;m07-f;15058.19;43719.87;;"630 absent; variation N/N-1 extrême"
0764360295;BBS;2025-11-30;m81-f;-513318.98;1374229.64;15.4;exercice de 23 mois
0764373856;CROUSTY PAIN;2025-12-31;m87-f;7887.17;23388.42;;630 absent
0764385239;NANOTISSU;2025-12-31;m07-f;3724.32;2591.61;;"630 absent; EBITDA > total du bilan; variation N/N-1 extrême"
0764487286;ECO FIBRES;2025-09-30;m81-f;455424.75;3320868.82;;"EBITDA dans la bande sans personnel déclaré; variation N/N-1 extrême"
0764513715;VITICA;2025-12-31;m87-f;-22148.11;14786.37;;variation N/N-1 extrême
0764543904;WATCH-MAKER;2025-12-31;m87-f;55663.34;104479.77;;variation N/N-1 extrême
0764557166;DJIBU TRANS;2025-12-31;m87-f;18568.54;79185.86;;"630 absent; variation N/N-1 extrême"
0764600817;CLASQUIN BELGIUM;2025-12-31;m02-f;-403253.47;5847674.09;18.7;variation N/N-1 extrême
0764628234;PAYALO;2024-12-31;m07-f;13100.3;41471.45;;variation N/N-1 extrême
0764660106;MAMMA INVEST;2023-12-31;m01-f;-338846;1625858;422270;exercice ancien (2023-12-31)
0764697025;BL MAISON;2025-12-31;m87-f;41507.07;62526.79;;variation N/N-1 extrême
0764700290;ROMO-BEL;2025-12-31;m87-f;12447.48;30736.01;;variation N/N-1 extrême
0764722957;RM Services;2025-12-31;m87-f;-10933.37;14015.48;;630 absent
0764772645;BELGIAN ROOTS;2025-12-31;m87-f;4697.34;315819.08;;630 absent
0764778484;SKALPARTZ;2025-12-31;m87-f;14763.87;195298.04;;variation N/N-1 extrême
0764778781;HJ FORWARDING & LOGISTICS;2023-09-30;m07-f;-1582;4096;;exercice ancien (2023-09-30)
0764802339;IPSIIS Green Refractory Solutions Europe;2023-12-31;m01-f;-110325.55;1008299.85;3.5;exercice ancien (2023-12-31)
0764804121;GRAFIKI;2025-12-31;m87-f;342.84;14232.6;;630 absent
0764884887;FBM;2023-12-31;m87-f;32437.62;78663.32;;"630 absent; exercice ancien (2023-12-31)"
0764963081;HAL FOOD;2025-12-31;m07-f;52033.32;129756.6;;"630 absent; variation N/N-1 extrême"
0765337324;GMV Innovating Solutions;2025-12-31;m81-f;19341.76;255748;2.4;630 absent
0765344945;CT-INVEST;2025-12-31;m87-f;29541;122500;0.8;variation N/N-1 extrême
0765418585;LEMON CONSULTING;2025-12-31;m87-f;30097;111452.85;0.8;630 absent
0765419278;AOC SERVICES TELECOM;2025-09-30;m87-f;-280448.99;151331.2;;variation N/N-1 extrême
0765426406;WAYNE WORLD WIDE;2023-12-31;m87-f;-10355.69;33529.93;;exercice ancien (2023-12-31)
0765427097;AVA RENT;2023-09-30;m81-f;117969;454199;;exercice ancien (2023-09-30)
0765428384;E-COM BUSINESS;2024-12-31;m87-f;-81313.92;112260.18;;variation N/N-1 extrême
0765478369;MECA PARTNER;2023-12-31;m87-f;30094.93;215140.84;;exercice ancien (2023-12-31)
0765496977;AMS EXPRESS INTERNATIONAL;2023-12-31;m87-f;23474.41;53636.54;;exercice ancien (2023-12-31)
0765506974;LUCIEFER STYLE;2023-12-31;m81-f;-2121.3;38.91;;"630 absent; exercice ancien (2023-12-31)"
0765536668;L'ATELIER PASS;2025-12-31;m87-f;9848.42;24020.62;;variation N/N-1 extrême
0765614169;Moulin du Zéphyr;2025-12-31;m81-f;472694.82;3667313.78;;EBITDA dans la bande sans personnel déclaré
0765620802;ALEXANDRE CHAUFFAGE & SANITAIRE;2023-12-31;m87-f;1176.76;145445.77;2;exercice ancien (2023-12-31)
0765710278;Déménagement Van der Elst;2023-12-31;m87-f;5171.05;37263.13;;"exercice ancien (2023-12-31); variation N/N-1 extrême"
0765848058;LE ZIAMA;2024-12-31;m07-f;-1138.79;11204.49;;630 absent
0765941494;TOURN'EOLE;2025-12-31;m81-f;-193578.72;955610.52;;630 absent
0765978613;CLEVER TRICKSTER GAMES;2025-12-31;m87-f;-2357.98;2875.18;;630 absent
0766262287;Real Italian;2025-12-31;m07-f;-120.74;12880.17;;630 absent
0766263376;TRANS-WINKLER;2025-12-31;m81-f;343148.42;1210415.81;;"EBITDA dans la bande sans personnel déclaré; variation N/N-1 extrême"
0766273175;Tym Auto;2025-12-31;m87-f;-476.58;0.51;;630 absent
0766296535;LE SIDECAR WEB;2025-12-31;m87-f;28998.1;319817.09;1;variation N/N-1 extrême
0766299109;HANCOCK AVIATION BELGIUM;2025-12-31;m81-f;17661.19;427916.06;;630 absent
0766341075;SD-UP;2023-12-31;m87-f;16367.95;92708.86;;exercice ancien (2023-12-31)
0766344045;GARAGE I.C & Co;2025-12-31;m87-f;-1050;2994.6;;630 absent
0766390664;BUSINESS EXPRESSED;2025-12-31;m87-f;-538.44;535.72;;630 absent
0766408579;Mum & Sons;2025-12-31;m87-f;-1497.34;15941.05;;630 absent
0766457871;Corcym Belgium;2025-12-31;m81-f;20084.31;1297989.46;3;630 absent
0766523296;BELPASTA;2025-12-31;m87-f;87858.79;253025.31;18;variation N/N-1 extrême
0766530325;Ostratos;2023-12-31;m87-f;-317.23;4866.76;;exercice ancien (2023-12-31)
0766536164;BRUSSELS BUSINESS SERVICES GROUP;2024-12-31;m01-f;32083.19;386894;;630 absent
0766552990;JFE Innovation Center;2024-03-31;m81-f;198966.42;4528958.23;;dépôt plus récent inexploitable (2026-00217849:404 [m81-f-p/Correction], 2026-00037110:404 [m81-f-p/Initial])
0766724721;SHAH JEE;2025-12-31;m87-f;724.7;26692.13;;variation N/N-1 extrême
0766820434;J-R-D-TRANS;2024-12-31;m87-f;5046.4;179666.1;;630 absent
0766830827;Slow Food For Good;2025-12-31;m87-f;-452.14;2665.56;;630 absent
0766838745;GLOBAL NEGOCE CORPORATION;2023-12-31;m87-f;16461.95;84907.77;1.5;exercice ancien (2023-12-31)
0766875862;Immo-JST Alexius;2025-12-31;m87-f;591310.86;5536587.35;;EBITDA dans la bande sans personnel déclaré
0766886948;LOAD CONTROL CENTER;2026-05-31;m87-f;5110.09;224163.41;;630 absent
0766892490;VSD TRANSPORT;2023-12-31;m87-f;15747.11;111782.05;;exercice ancien (2023-12-31)
0766919018;BLE DE FOLIE'S;2025-12-31;m87-f;295075.25;495364.52;5.4;variation N/N-1 extrême
0766945148;CAFE COLOMBIA;2025-12-31;m87-f;48287.12;94156.41;;variation N/N-1 extrême
0766995628;A à Z Jardin;2024-12-31;m87-f;33191.76;146176.07;1.4;variation N/N-1 extrême
0767405996;CLOVER GROUP EUROPE;2024-12-31;m81-f;-929779.1;1475588.61;4.8;variation N/N-1 extrême
0767407877;Bolder Foods;2023-12-31;m07-f;-226083.69;271512.46;0.8;exercice ancien (2023-12-31)
0767410649;Alpha Maintenance Belgium;2025-12-31;m82-f;17861.48;526710.59;1;630 absent
0767530217;A.C COMPANY BELGIUM;2023-12-31;m07-f;109023;140547;;"exercice ancien (2023-12-31); variation N/N-1 extrême"
0767531702;VIZION CONSTRUCTIONS;2025-12-31;m87-f;-69602.89;52721.79;;variation N/N-1 extrême
0767549815;BD-Trade;2025-12-31;m87-f;-2888.08;17606.75;;630 absent
0767646122;DMM & CO;2025-06-30;m87-f;-40854.74;75146.26;0.2;630 absent
0767674529;Magazzino;2025-12-31;m81-f;-6849.94;9667.2;0.3;630 absent
0767703728;JBA TRANSPORT;2023-12-31;m07-f;9976.21;134097.77;;exercice ancien (2023-12-31)
0767746486;MB SYSTEMS;2025-12-31;m87-f;30605.66;96352.14;;630 absent
0767822405;TELICO-KOURABA;2025-12-31;m87-f;9636.36;29990.92;;variation N/N-1 extrême
0767844080;AVIFAGI;2025-06-30;m87-f;1999.55;2783.82;;630 absent
0767963252;DAUREMA;2023-12-31;m87-f;-21102.03;67421.84;1;"exercice ancien (2023-12-31); variation N/N-1 extrême"
0768237228;Pengo;2023-12-31;m87-f;-226536.28;301511.17;6.6;exercice ancien (2023-12-31)
0768246532;MOURADI ALIMENTATION;2025-12-31;m07-f;-82141;23840;;variation N/N-1 extrême
0768267912;TSV TRANSPORTS;2023-12-31;m87-f;-24314.65;26679.42;;exercice ancien (2023-12-31)
0768268011;Via Anasta;2025-12-31;m87-f;37713.64;186605.32;;variation N/N-1 extrême
0768356596;BX SERVICES;2023-12-31;m87-f;1651;125707;1.4;exercice ancien (2023-12-31)
0768385401;B&H 47 FOOD;2024-12-31;m87-f;;947.97;;"9901 absent; 630 absent"
0768455774;Ramsden Europe;2025-12-31;m81-f;6966.87;940027.06;;630 absent
0768474085;CASH ITALIA;2025-12-31;m87-f;886880;5536808;;EBITDA dans la bande sans personnel déclaré
0768481609;BEANS AND MORE;2025-12-31;m87-f;-1215.23;28288.39;;630 absent
0768486260;ERIC CHAUFFAGE;2023-12-31;m81-f;96145.91;416462.23;4;"exercice ancien (2023-12-31); variation N/N-1 extrême"
0768531790;Centrale Solaire Wallonie 3;2025-12-31;m01-f;-7112.09;3500.33;;630 absent
0768531988;Centrale Solaire Wallonie 2;2025-12-31;m01-f;-6962.09;5421.45;;630 absent
0768532186;Centrale Solaire Wallonie 1;2025-12-31;m01-f;-7430.84;14046.1;;630 absent
0768533572;Parc Eolien Wallonie 1;2025-12-31;m01-f;-155891.41;56024.95;;630 absent
0768603650;BELGIAN EASY DATA DRIVEN ELECTRICAL CHARGING;2025-12-31;m81-f;-1480435.2;8489196.99;;variation N/N-1 extrême
0768705994;RP-2;2025-12-31;m01-f;-24465.77;920870.85;;variation N/N-1 extrême
0768716684;GAB & OS;2025-06-30;m87-f;68192.69;129123.71;;variation N/N-1 extrême
0768746675;MaisonNet;2024-12-31;m81-f;-11968;53758;1;variation N/N-1 extrême
0768755781;Shark Ice;2025-12-31;m07-f;45786.84;139923.49;;variation N/N-1 extrême
0768813486;EURO BUSINESS CONSULTING;2025-12-31;m07-f;84764.66;126908.82;;variation N/N-1 extrême
0768823483;BLACK SPA;2025-12-31;m87-f;14954.97;34215.05;;variation N/N-1 extrême
0768876537;DT-TRANSPORT;2023-09-30;m87-f;-35656.94;616068.11;1.9;exercice ancien (2023-09-30)
0768876834;JIR CONCEPT;2023-12-31;m07-f;36354.26;412313.57;;exercice ancien (2023-12-31)
0768922364;Transport DNY;2025-12-31;m87-f;117651.16;164236.47;2.3;variation N/N-1 extrême
0768949583;SENNANI;2025-12-31;m87-f;675.28;68988.61;;630 absent
0768965817;FL TOURISME;2023-12-31;m87-f;49428.69;121059.52;0.1;exercice ancien (2023-12-31)
0769253352;ALPHA LOGISTICS;2023-12-31;m87-f;59581;122503.73;;"630 absent; exercice ancien (2023-12-31); variation N/N-1 extrême"
0769298288;GOUYNRG;2025-12-31;m81-f;2579478.45;30826864.69;;"EBITDA dans la bande sans personnel déclaré; variation N/N-1 extrême"
0769298684;LES VENTS DE DAMRE;2025-12-31;m81-f;2732060.81;33511625.77;;"EBITDA dans la bande sans personnel déclaré; variation N/N-1 extrême"
0769298882;LES VENTS DE STER;2025-12-31;m81-f;-2160.69;4833;;630 absent
0769301654;Heinsch Recycling;2025-12-31;m87-f;475307.04;135547.94;;"EBITDA > total du bilan; EBITDA dans la bande sans personnel déclaré"
0769336296;MD Management;2024-12-31;m87-f;37402.8;162064.56;;630 absent
0769361042;Fast Move Benelux;2024-12-31;m87-f;-2194.24;6587.95;;630 absent
0769422905;GOLDWIND ENTERPRISES;2024-12-31;m87-f;24356.45;182763.29;;630 absent
0769461507;METAL BELGIQUE;2025-12-31;m87-f;8987.7;854914.04;;630 absent
0769465663;Voicia;2025-12-31;m87-f;-1079.26;47573.63;;630 absent
0769467841;ED DREAM CAR;2023-12-31;m87-f;-499.68;0;;"630 absent; exercice ancien (2023-12-31)"
0769520202;Delivery Family & CO;2025-12-31;m87-f;-382.42;27.04;1.2;630 absent
0769577016;TAXI CONFORT TUBIZE;2024-12-31;m07-f;-5318;14695.51;;variation N/N-1 extrême
0769604235;LES PAYSANS BOUCHERS;2025-12-31;m87-f;-297748.12;432538.75;3.4;"exercice de 18 mois; variation N/N-1 extrême"
0769662138;VEGANERY;2025-12-31;m87-f;25365.89;56523.38;;variation N/N-1 extrême
0769743696;METABOLISM;2024-12-31;m87-f;-102254.85;143852.58;;variation N/N-1 extrême
0769774281;I.T. SYNCHRO;2025-12-31;m87-f;18600.26;4143.03;;EBITDA > total du bilan
0769839708;HIJ;2025-12-31;m07-f;27831.78;856149.32;;variation N/N-1 extrême
0769893255;WilNes;2025-12-31;m87-f;-5834.01;14651.14;;630 absent
0769909982;ANIMAL STUDY;2025-12-31;m87-f;17099.98;39787.28;;variation N/N-1 extrême
0769953237;Calterre;2025-12-31;m01-f;-210132.92;582702.67;3;variation N/N-1 extrême
0769954128;Mid Century Modern INTERIEUR;2025-12-31;m87-f;92290.34;965687.21;;variation N/N-1 extrême
0770253145;SKYLINE LOGISTICS;2025-12-31;m81-f;262806.15;735949.33;4;variation N/N-1 extrême
0770278186;BH RECYCLE;2023-12-31;m87-f;-26807.15;578865.28;3.4;exercice ancien (2023-12-31)
0770343811;GREEN LAND;2023-12-31;m01-f;-17726;39599;;exercice ancien (2023-12-31)
0770349551;Etablissement Gayer Mathieu;2023-09-30;m87-f;58921.4;168229.83;;exercice ancien (2023-09-30)
0770411909;PAK & PAK;2023-12-31;m87-f;-48725.71;42144.2;;"exercice ancien (2023-12-31); variation N/N-1 extrême"
0770479512;SSL NEW CONCEPT;2024-12-31;m87-f;5852.76;62654.71;;variation N/N-1 extrême
0770479611;SSL MULTISERVICES;2023-12-31;m87-f;21296.74;50287.67;;exercice ancien (2023-12-31)
0770568988;AM CONSULT;2025-12-31;m81-f;459625.65;1704406.95;;EBITDA dans la bande sans personnel déclaré
0770591754;DC VALVES;2025-12-31;m81-f;515019.49;1374747.97;3;variation N/N-1 extrême
0770593338;BARTHELEMY WAELES IMMOBILIER ET MAINTENANCE;2025-09-30;m87-f;34845;190780;2.9;variation N/N-1 extrême
0770614421;EASY DONE;2025-09-30;m07-f;21428.37;32822.39;;630 absent
0770615609;Le Slibard;2025-12-31;m87-f;-5144.25;39540.22;;variation N/N-1 extrême
0770632534;Anthère;2025-12-31;m87-f;101816.17;218044.1;;variation N/N-1 extrême
0770774074;SAMI PROJECTS;2023-12-31;m87-f;16168.77;46342.95;;"exercice ancien (2023-12-31); variation N/N-1 extrême"
0770814458;GAZA;2025-06-30;m87-f;16757.66;33918.25;;"630 absent; variation N/N-1 extrême"
0770821089;COUNTRY ROADS;2025-12-31;m87-f;20208.59;75788.2;1.2;exercice de 18 mois
0770895622;GAUDIUM GROUP;2025-12-31;m01-f;2790.25;225.82;;"630 absent; EBITDA > total du bilan"
0770918287;FKR TEAM;2025-09-30;m07-f;-19590.59;19604.52;;630 absent
0770928977;CŒUR EBENE;2025-12-31;m87-f;40413.78;156670.41;;variation N/N-1 extrême
0770929769;GuiHome Menuiserie;2025-12-31;m87-f;11002.18;14929.05;;630 absent
0771289263;MOULIN & FERME BARE;2025-12-31;m81-f;326898.01;1495672.8;0;EBITDA dans la bande sans personnel déclaré
0771380424;ELEGANCE SUR MESURE;2025-12-31;m87-f;11690.89;21334.05;;630 absent
0771481976;MOTORSPORT Modélisme;2025-12-31;m87-f;-1599.91;175706.71;0.2;630 absent
0771516719;INDY GAMES;2024-12-31;m87-f;63408.99;610592.38;;variation N/N-1 extrême
0771545819;Watter Greenergy;2025-12-31;m87-f;42281.26;260744.52;;variation N/N-1 extrême
0771557992;AMALA;2023-12-31;m87-f;-17713.26;161030.1;0.4;exercice ancien (2023-12-31)
0771581550;LENOBLE WAREHOUSE;2025-12-31;m87-f;389535.11;3951594.67;;EBITDA dans la bande sans personnel déclaré
0771597386;Crop Mixtures with eXtended Technologies;2025-12-31;m87-f;-14088.47;1775.96;;630 absent
0771604415;Eco Cartouches;2024-12-31;m87-f;2238.19;14961.66;;"630 absent; variation N/N-1 extrême"
0771655091;JLS Pharma;2025-12-31;m81-f;96639.62;232526.16;2.6;variation N/N-1 extrême
0771717647;EEF BE;2025-12-31;m81-f;40823.28;774007.24;1.6;630 absent
0771720023;TECH-LM;2025-12-31;m87-f;5728.75;3782.64;;"630 absent; EBITDA > total du bilan"
0771723981;ORI-09;2024-12-31;m07-f;-878.43;25837.78;;630 absent
0771812370;SOKASHI;2025-12-31;m87-f;32870.64;63965.14;0.3;"630 absent; variation N/N-1 extrême"
0771869679;KEY PRODUCTION EU;2025-09-30;m81-f;36302;852504;;630 absent
0771878983;L-H Trading;2024-12-31;m87-f;1146.22;2836.55;;630 absent
0771927582;BTP Solutions;2025-06-30;m81-f;398532.21;989823.18;1;variation N/N-1 extrême
0771959454;CONDREOLE;2025-12-31;m01-f;3043686.95;23027216.51;;EBITDA dans la bande sans personnel déclaré
0771964503;RNP Démolition;2024-12-31;m87-f;-145747.7;28800.11;;"630 absent; variation N/N-1 extrême"
0771976280;VITE VIDE;2025-12-31;m87-f;25080.17;181049.29;;variation N/N-1 extrême
0771980735;KOOL LIFE;2023-12-31;m87-f;11450.93;305193.39;;exercice ancien (2023-12-31)
0771984594;GABI-CO;2024-12-31;m87-f;-115828.79;167301.97;;variation N/N-1 extrême
0772324094;COLISPRO;2023-03-31;m81-f;-290896.84;705850.11;78;"exercice ancien (2023-03-31); variation N/N-1 extrême"
0772330925;KULT KEFIR;2025-12-31;m87-f;370544.02;1127718.93;2;"630 absent; variation N/N-1 extrême"
0772389224;MAN GROUP;2024-12-31;m07-f;;10000;;"9901 absent; 630 absent"
0772477316;EZERSA GROUP;2024-12-31;m87-f;34688.58;41713.72;;variation N/N-1 extrême
0772495924;EOLIENNE DE VILLEROUX;2025-12-31;m81-f;547146.06;3860129.42;;EBITDA dans la bande sans personnel déclaré
0772514532;DEVIL’S EXPRESS;2025-12-31;m87-f;5245.06;46545.83;;variation N/N-1 extrême
0772575207;GLOBAL LOGISTICS;2024-12-31;m87-f;165111;310340;2.1;variation N/N-1 extrême
0772583125;Pirnay Remorques;2024-09-30;m87-f;-90342.12;137885.64;1;variation N/N-1 extrême
0772609750;A & A;2025-12-31;m81-f;-124214.01;1341331.78;2.9;variation N/N-1 extrême
0772635286;CARS & HORSES;2024-12-31;m87-f;-4605.07;4765.23;;630 absent
0772649540;ASASLINE;2025-12-31;m07-f;25347.18;148000.77;;variation N/N-1 extrême
0772719321;AMB Bocage;2025-12-31;m87-f;904.04;20337.75;;630 absent
0772905106;SODENO;2025-12-31;m87-f;-19185.88;63441.67;;variation N/N-1 extrême
0772908173;MAXINISE;2026-06-30;m87-f;45388.69;60737.63;;variation N/N-1 extrême
0772923714;Moment Drinks;2023-12-31;m87-f;-1237;13891;;exercice ancien (2023-12-31)
0772925989;Batavia Group;2024-12-31;m87-f;74944.12;155637.39;2.4;variation N/N-1 extrême
0772961524;EURO TRANSIT LINE;2025-10-31;m87-f;8283.8;39445.85;;630 absent
0773392975;Initial Films;2024-12-31;m87-f;12725.1;108449.06;;variation N/N-1 extrême
0773442465;RASIKH;2025-12-31;m87-f;38422.55;12934.5;;EBITDA > total du bilan
0773477604;Business Monkey;2025-09-30;m07-f;34397.65;20389.7;;EBITDA > total du bilan
0773590935;FWK;2025-12-31;m87-a;4154.39;7229.11;;"630 absent; variation N/N-1 extrême"
0773611424;TRANSPORTS PARCS SOLUTIONS;2024-12-31;m87-f;48669.42;289820.38;6.5;variation N/N-1 extrême
0773646462;Green Energy Invest;2025-06-30;m81-f;443259.55;1231480.21;;EBITDA dans la bande sans personnel déclaré
0773754053;SOLEA INVEST;2025-12-31;m81-f;625731.28;4253760.88;;EBITDA dans la bande sans personnel déclaré
0773819676;INS COMPANY;2025-09-30;m87-f;62031.58;433864.4;;variation N/N-1 extrême
0773975569;J&M BAY;2024-12-31;m87-f;;150.69;;"9901 absent; 630 absent"
0774293293;HMC BY QUALIAS;2024-12-31;m81-f;-985862.28;627767.9;9;variation N/N-1 extrême
0774354364;MANAL DRIVER;2024-12-31;m87-f;-4154.16;5324.59;;630 absent
0774427016;Red-Confort Logistics;2025-12-31;m02-f;71241.3;7063096.13;;"630 absent; variation N/N-1 extrême"
0774519858;Phyto Clean Halanzy;2025-09-30;m07-f;31610.69;148965.98;;variation N/N-1 extrême
0774771464;BEL Air Cargo;2025-12-31;m82-f;9264079.5;56409342.02;5;"630 absent; variation N/N-1 extrême"
0774787696;CREAWINDOW;2025-12-31;m07-f;-151.36;4820.64;;630 absent
0774926070;NEO SERVICES;2025-12-31;m81-f;-7167.43;17919.74;;variation N/N-1 extrême
0774935077;DELTA LUCIA;2025-12-31;m87-f;9942.39;10114.14;;630 absent
0775253791;DANIA DELICE;2025-06-30;m87-f;-35231.22;291459.71;;"630 absent; variation N/N-1 extrême"
0775295066;DW IDEAS;2025-06-30;m87-f;45786;330300;;variation N/N-1 extrême
0775328027;W.T. GROUP;2023-12-31;m87-f;-56350.74;128107.05;2.3;"630 absent; exercice ancien (2023-12-31)"
0775335351;MADUF;2025-12-31;m81-f;1448800.82;8519150.21;;EBITDA dans la bande sans personnel déclaré
0775436113;F.A.L. CONSULTING;2025-12-31;m01-f;11344.31;32341.53;;variation N/N-1 extrême
0775480059;KHAFI GROUP;2025-12-31;m81-f;-32678.17;69458.85;;630 absent
0775501736;J&W Service België;2025-12-31;m81-f;898.51;53945.31;;630 absent
0775571022;JLM TRANS;2025-12-31;m07-f;-1157.57;4846.4;;630 absent
0775601211;MARSHALL FOOD;2025-12-31;m87-f;47254;82557;2.3;variation N/N-1 extrême
0775670002;BX Facility;2025-12-31;m87-f;49745.8;588771.7;;variation N/N-1 extrême
0775678217;PLUG UP;2025-12-31;m87-f;-1513.26;5327.63;;630 absent
0775680888;GE Steam Power Belgium;2025-12-31;m81-f;-2828313;1282446;;630 absent
0775744929;DCE TRANS;2025-12-31;m87-f;33336;57589;;630 absent
0775745622;SKR GROUP;2023-12-31;m81-f;-71126.14;131761.63;;exercice ancien (2023-12-31)
0775765715;Driver Packs;2025-12-31;m81-f;-42754;70727;;630 absent
0775772346;Postula Conceptions;2025-12-31;m87-f;117383.06;50618.5;;EBITDA > total du bilan
0775818173;HANGAR CENTRALE ACHATS;2025-09-30;m81-f;-63160.47;63900.16;;"630 absent; variation N/N-1 extrême"
0775827576;ETICWOOD;2025-12-31;m81-f;5259988.57;6881907.66;6.7;variation N/N-1 extrême
0775855191;SUNSHINE CONSULTING;2025-09-30;m87-f;1086.69;51343.73;;630 absent
0775932791;EXPRESSAIRPORT;2024-12-31;m07-f;-10028.96;50655.32;;630 absent
0775967633;MISTA DISTRIBUTION;2025-12-31;m87-f;96691.43;384519.6;;630 absent
0776343557;Strecker & Cie;2025-12-31;m07-f;-1551.7;2856.59;;630 absent
0776411655;IBRAHIM GLOBAL SERVICES;2025-12-31;m87-f;-2315.07;8427.11;;630 absent
0776486978;M&C;2025-09-30;m87-f;100503.36;132581.6;6.6;variation N/N-1 extrême
0776490641;WINDLOG;2025-12-31;m81-f;664685.52;4376512.31;;EBITDA dans la bande sans personnel déclaré
0776515385;FRESH MEAT;2024-12-31;m87-f;5849.02;29709.25;;630 absent
0776517860;TOP FACILITY;2025-12-31;m87-f;-600;28120.18;;630 absent
0776530035;Hublau Transport;2024-12-31;m81-f;20418.52;37225.89;;variation N/N-1 extrême
0776784512;DS7 INVEST;2023-12-31;m07-a;24408.81;49283.03;;"630 absent; exercice ancien (2023-12-31)"
0776799952;TRANSBEL PLUS;2023-12-31;m87-f;7834.16;18061.62;;"630 absent; exercice ancien (2023-12-31); variation N/N-1 extrême"
0776816085;M.T.A. EXPRESS;2023-12-31;m87-f;-4240.09;48689.52;;exercice ancien (2023-12-31)
0776867654;NUSHI;2025-12-31;m87-f;-526;30030.58;;630 absent
0776882403;SF STUDIO;2025-12-31;m87-f;-9541.62;2273.96;;630 absent
0776935257;ROUTLY;2024-12-31;m81-f;14088.45;12458.7;;EBITDA > total du bilan
0776936247;F-H STYLE;2025-12-31;m87-f;-5616.05;50829.29;0.2;630 absent
0776965149;DLG Capital;2025-12-31;m87-f;-36355.54;82414.42;;variation N/N-1 extrême
0776979601;MALAÏKA;2024-12-31;m87-f;-19357.06;14143.52;;630 absent
0776989596;MOTTOMOJO;2025-12-31;m81-f;-6588.73;5685.45;;"630 absent; variation N/N-1 extrême"
0777275549;3B CONSTRUCT;2025-12-31;m01-f;24782.15;142067.49;0.8;variation N/N-1 extrême
0777285942;AXMETAL;2025-12-31;m87-f;42843.93;99538.98;;variation N/N-1 extrême
0777301283;Daimy Consulting;2023-12-31;m07-f;677.62;10117.83;;exercice ancien (2023-12-31)
0777410359;TRIPOLAR;2025-09-30;m87-f;51380.61;45330.95;;EBITDA > total du bilan
0777445003;SB TRANSPORT;2023-12-31;m01-f;-3908.05;5597.51;;"630 absent; exercice ancien (2023-12-31)"
0777529828;Sybel Company;2025-12-31;m87-f;45181.65;82081.18;;variation N/N-1 extrême
0777579615;Prometheus HealthCare;2025-09-30;m87-f;11526.99;64620.98;;variation N/N-1 extrême
0777631479;SHIPPING PLUS;2025-12-31;m87-f;-2202.17;18097.37;;630 absent
0777672259;Aqua Building;2025-12-31;m87-f;26612.08;117610.38;;630 absent
0777673744;MRZ LOGISTICS;2025-12-31;m87-f;200728.81;812919.52;;630 absent
0777847750;van Eupen Logistics Belgium;2025-12-31;m81-f;-51822.2;76037.71;3;630 absent
0777848344;AVIAPARTNER LIEGE PAX;2025-12-31;m82-f;-750874;3327782;11.4;630 absent
0777883382;STUDIO ROSITA;2025-12-31;m87-f;18110.74;90496.74;;630 absent
0777887144;B-EFFICIENT SERVICES;2024-12-31;m07-f;71091.67;345608.27;;variation N/N-1 extrême
0777914561;SERENITY BABY SPA;2025-12-31;m87-f;1561.03;2988.68;;630 absent
0777927924;ECO-BUS;2024-06-30;m07-f;621764.98;1837697.49;;EBITDA dans la bande sans personnel déclaré
0777934258;SAFE WATER SYSTEMS;2025-12-31;m81-f;-33122.17;74021.4;;630 absent
0778246341;EVENTUS SOLUTIONS;2025-12-31;m87-f;18031.49;356094.33;;630 absent
0778317211;Sellout;2024-12-31;m87-f;17914.47;46430.53;;variation N/N-1 extrême
0778322555;VENIX;2025-12-31;m87-f;-34954.21;13310.52;0.3;variation N/N-1 extrême
0778341361;GING;2023-12-31;m87-f;19925.4;131821.18;;exercice ancien (2023-12-31)
0778401145;ELY ET FILS;2025-12-31;m87-f;96255.77;172924.05;;variation N/N-1 extrême
0778403620;Blue Monkey corporate;2024-12-31;m87-f;-7279.64;28438.66;;630 absent
0778440440;URBAN EXPRESS SUPPLY CHAIN;2025-12-31;m87-f;198013.6;399412.99;;variation N/N-1 extrême
0778448952;DJ RENOVATION;2025-12-31;m87-f;40202.16;57673.03;;variation N/N-1 extrême
0778490425;LA PLANCHE A PAPA;2025-09-30;m87-f;50640.5;99719.51;7.9;variation N/N-1 extrême
0778529027;Shadi@Voltman;2025-12-31;m81-f;-19977.43;19187.08;;variation N/N-1 extrême
0778589306;BRO CARGO;2023-02-28;m87-f;-51868.95;14413.44;;"exercice ancien (2023-02-28); exercice de 14 mois"
0778630876;IB CHAUFFAGE;2025-12-31;m87-f;39853.87;64051.91;;variation N/N-1 extrême
0778652157;Green4You;2025-12-31;m01-f;1496059.98;16186302.91;;EBITDA dans la bande sans personnel déclaré
0778736190;LIBRAIRIE CHRISTIAN CHABOUD;2025-12-31;m87-f;-5968.75;9542.69;;630 absent
0778745494;ARROW42 CONSULTING;2025-12-31;m87-f;114417.34;41513.71;;EBITDA > total du bilan
0778779544;Les Sucrées de Vincent;2023-12-31;m87-f;7818.89;61315.95;;"630 absent; exercice ancien (2023-12-31)"
0778794984;DIV EXPRESS;2023-06-30;m87-f;24366.16;136915.86;;"exercice ancien (2023-06-30); exercice de 18 mois"
0778800627;STUDIO PRIMITIVES;2025-12-31;m87-f;4019.19;27268.83;0.7;variation N/N-1 extrême
0778802409;ATSE CONCEPT;2024-12-31;m07-f;24913.27;36452.4;;630 absent
0778860708;SERGIU CONSTRUCTION;2024-07-31;m01-f;7400.76;78808.61;;630 absent
0778874663;Bières de Quartiers;2025-12-31;m87-f;27522.89;138111.61;0.6;variation N/N-1 extrême
0778940385;INAN DONER;2025-12-31;m87-f;145481.79;332533.47;0.3;variation N/N-1 extrême
0778964636;T.R.T. TRANSPORTS;2023-12-31;m81-f;230683.8;1249184.34;6.1;exercice ancien (2023-12-31)
0778973841;Brasserie des Comines;2025-12-31;m87-f;7794.19;29960.95;;variation N/N-1 extrême
0779258111;COMPAGNIE DES TRANSPORTS DONFUT;2025-12-31;m87-f;165137.04;462686.97;7.3;"630 absent; variation N/N-1 extrême"
0779287211;VICTOIRE BILLY;2025-12-31;m87-f;16136.5;10181.97;;"630 absent; EBITDA > total du bilan"
0779300968;MDS AMBULANCE;2024-12-31;m87-f;558451.29;1663595.46;;EBITDA dans la bande sans personnel déclaré
0779304136;PJ-Bati PIRSON;2024-12-31;m87-f;58353.05;136733.22;1.7;variation N/N-1 extrême
0779313539;PRO TEAM VOGLET;2025-12-31;m87-f;-1776.01;1781.49;;630 absent
0779323833;Phage;2025-12-31;m81-f;19187.17;123574.34;6.9;variation N/N-1 extrême
0779335018;GREEN PRODUCT;2025-12-31;m01-f;89240;822457;0.8;630 absent
0779337887;Quantoom Bioservices;2023-12-31;m01-f;-35023.6;59034.84;;"630 absent; exercice ancien (2023-12-31)"
0779342144;CSS GEORGES;2025-12-31;m87-f;50013.9;48556.47;;EBITDA > total du bilan
0779441619;INSTRUXION;2023-06-30;m81-f;-30524.27;622682.84;7;"exercice ancien (2023-06-30); exercice de 18 mois"
0779469432;CEREXHE MANAGEMENT;2025-12-31;m87-f;23357.89;244893.27;;630 absent
0779485565;BOCOMAC;2025-12-31;m81-f;36212;70086;;variation N/N-1 extrême
0779520605;WALVERT METTET;2024-12-31;m81-f;-455719;10516008;;variation N/N-1 extrême
0779521296;BILL-BOX;2023-12-31;m87-f;-7248.59;14652.33;;"630 absent; exercice ancien (2023-12-31)"
0779530008;BIGB GAMING;2025-12-31;m02-f;-28143.53;1349958.62;;630 absent
0779606618;GLOBAL LOGISTIC;2024-12-31;m07-f;14101.75;47796.02;;630 absent
0779617506;VENT DE LA SILLE;2025-12-31;m01-f;332015.04;3363913.63;;EBITDA dans la bande sans personnel déclaré
0779699460;GOODWORK SOLUTIONS;2025-12-31;m07-f;11270.96;7987.78;;"630 absent; EBITDA > total du bilan"
0779811209;MOONGLOW;2025-12-31;m87-f;-1871.78;3018.04;;630 absent
0779815761;LM ESTATE;2023-12-31;m87-f;11677.43;105813.31;;exercice ancien (2023-12-31)
0779845158;NORI & CO;2023-12-31;m87-f;4980.6;17014.3;;"630 absent; exercice ancien (2023-12-31)"
0779855353;Biogas Hautrage;2024-12-31;m81-f;-1109301.42;4743566.28;0;"exercice de 19 mois; variation N/N-1 extrême"
0779898707;ERPAM;2024-12-31;m87-f;-75602.87;88591.03;;variation N/N-1 extrême
0779952452;HWR;2025-12-31;m87-f;62471.14;173356.43;1;630 absent
0779959776;F.L.D. RENOVATION;2024-12-31;m87-f;15098.53;34093.95;;630 absent
0780424584;AIMPRO;2025-06-30;m87-f;63389.86;168669.3;;variation N/N-1 extrême
0780453684;CORPORATION EUROPE EXPEDITION;2023-04-30;m87-f;-694.63;2000;;"630 absent; exercice ancien (2023-04-30); exercice de 15 mois"
0780468136;ARAM 4;2025-12-31;m87-f;-3495.48;39429.58;;630 absent
0780487734;WILDUP;2025-12-31;m87-f;111796.1;217769.96;;variation N/N-1 extrême
0780590177;SLIM SERVICES;2025-12-31;m87-f;-5524.35;12289.87;;630 absent
0780591167;NW Storm BeNeLux;2025-12-31;m81-f;-6481.9;322544.11;;630 absent
0780639469;PACT TEXTILE;2025-12-31;m87-f;-28306.44;4014.43;;"630 absent; variation N/N-1 extrême"
0780667975;FREYA;2025-12-31;m87-f;-2139.26;11351.43;;630 absent
0780691632;SH Chauffage;2025-12-31;m87-f;19785.48;113376;;variation N/N-1 extrême
0780729640;J TRANSPORTS;2025-12-31;m87-f;90327.14;236435.55;0.7;variation N/N-1 extrême
0780759532;OZKAN'S;2025-12-31;m81-f;-131139.04;272153.26;4.5;630 absent
0780771608;CHURROCOLATE;2024-12-31;m07-f;;;;"9901 absent; 630 absent"
0780797144;GREEN SOLUTION BELGIUM;2025-12-31;m87-f;-2591.95;5255.17;;variation N/N-1 extrême
0780910772;ROSELYNE;2023-12-31;m87-f;-99.84;144375.88;3.2;exercice ancien (2023-12-31)
0780980355;NDA GROUP;2023-12-31;m87-f;4127.57;33351.3;;exercice ancien (2023-12-31)
0780992728;RSMP;2024-12-31;m87-f;-87747.9;245715.51;;"630 absent; variation N/N-1 extrême"
0781385181;ABO TRANS;2025-12-31;m07-f;11370.45;52394.33;;"630 absent; variation N/N-1 extrême"
0781394881;PGH CONSULT;2025-12-31;m81-f;44687.33;1044010.85;;630 absent
0781408541;SKIN CARE JDB;2025-12-31;m87-f;-1809.61;1113.55;;630 absent
0781480401;WATT MATTERS TWO;2025-12-31;m01-f;948722.67;13408120.02;;EBITDA dans la bande sans personnel déclaré
0781501680;INOO DRIVE;2025-12-31;m87-f;-18994.23;125781.87;;630 absent
0781551665;CLAYDRAY;2024-12-31;m87-f;131738.34;297851.27;;"630 absent; variation N/N-1 extrême"
0781577401;DRINKTHATBEER;2025-12-31;m81-f;58404.47;246621.53;4.3;variation N/N-1 extrême
0781583537;UTILE FAST;2025-12-31;m81-f;325571.46;6184208.07;;EBITDA dans la bande sans personnel déclaré
0781612934;LIONS FACADE;2025-12-31;m81-f;-576295.26;144507.21;3.6;"630 absent; variation N/N-1 extrême"
0781624416;Almo Construct;2025-12-31;m87-f;2954.48;20820.12;;variation N/N-1 extrême
0781665491;PUREPLASTICS;2025-12-31;m87-f;470034.23;2074390.03;;"EBITDA dans la bande sans personnel déclaré; variation N/N-1 extrême"
0781667966;OTM CONSTRUCT;2023-12-31;m87-f;14806.86;36644.26;;"exercice ancien (2023-12-31); variation N/N-1 extrême"
0781696769;GV-AT;2025-12-31;m87-f;443279.47;643883.49;;EBITDA dans la bande sans personnel déclaré
0781785554;GLACAM;2025-12-31;m81-f;-2885.02;346403.86;4.1;630 absent
0781822671;Move4YouCompany;2025-12-31;m07-f;563470.91;1094280.64;;EBITDA dans la bande sans personnel déclaré
0781927193;A2Z BRUSSEL;2025-12-31;m87-f;3893.9;54763.07;;630 absent
0781931054;Christel David 99;2025-06-30;m87-f;-2078;21359.77;;variation N/N-1 extrême
0781957283;Société de Transformation du Val;2025-12-31;m87-f;-268768.27;2668092.87;6.2;variation N/N-1 extrême
0781969359;NOBELEC;2024-12-31;m87-f;-7526.78;9535.85;;variation N/N-1 extrême
0782314896;PFM LOGISTIC;2025-12-31;m87-f;-9968.38;15966.79;;630 absent
0782331328;UKA TRANS;2024-12-31;m87-f;88362;229105;;variation N/N-1 extrême
0782357062;FREG;2024-12-31;m87-f;70909.47;330832.88;1.7;variation N/N-1 extrême
0782377254;COURTESLIGNES EDITIONS;2025-12-31;m87-f;-2978.59;5649.89;;630 absent
0782408631;INSOLISA;2025-12-31;m87-f;35416.97;506.4;;"630 absent; EBITDA > total du bilan"
0782464950;Athina Logistics;2025-12-31;m81-f;866930.44;1614228.17;5.4;variation N/N-1 extrême
0782468613;MPOWR;2025-12-31;m87-f;152215.32;278841.55;;630 absent
0782470195;RedBit;2024-12-31;m87-f;121838;419985;1.8;variation N/N-1 extrême
0782472571;KEYEN&FILS;2025-12-31;m87-f;54988.75;84516.89;1;variation N/N-1 extrême
0782531761;FCC Aero;2024-12-31;m87-f;65754.98;50165.63;;"630 absent; EBITDA > total du bilan; variation N/N-1 extrême"
0782554725;Karibu Drinks;2025-12-31;m87-f;22245;409446;;variation N/N-1 extrême
0782593921;Smile Design;2025-12-31;m87-f;36236.22;78946.38;;variation N/N-1 extrême
0782693889;PYAJ SERVICES & LOGISTICS;2025-12-31;m87-a;37096.09;102852.93;;630 absent
0782696364;L'AGNEAU DE VOTRE TERROIR;2025-12-31;m87-f;135871.1;594162.57;;variation N/N-1 extrême
0782698344;O'NATURALIS;2023-12-31;m87-f;-24909.48;78498.76;1.3;exercice ancien (2023-12-31)
0782731602;AEROTEST CONSULT;2025-12-31;m87-f;-4059.15;11449.41;;630 absent
0782732095;Fleet4You;2025-09-30;m02-f;-204177.57;706320.48;;exercice de 9 mois
0782767927;Solarbuild 5;2025-12-31;m81-f;2385151;20264831;;EBITDA dans la bande sans personnel déclaré
0782768026;DriveBuild 1000;2025-12-31;m81-f;1704519;10878454;;EBITDA dans la bande sans personnel déclaré
0782772479;OnTRA;2025-12-31;m87-f;-584.46;7710.11;;630 absent
0782781486;European Private Flight Services;2025-12-31;m87-f;63971.09;692045.86;;variation N/N-1 extrême
0782849683;WOUIP;2025-12-31;m87-f;-5747.55;65441.49;0.8;630 absent
0782878585;EAG SERVICES& CO;2025-12-31;m07-f;886;571362;;630 absent
0782897985;Suny 69;2025-12-31;m87-f;18730.8;29865.18;;"630 absent; variation N/N-1 extrême"
0782928372;GLOBAL RECYCLING OF ALL ALUMINIUM HOLDING;2024-12-31;m07-f;-52119.7;135720.8;;630 absent
0782936587;ENIS COOLING;2023-12-31;m87-f;48470.08;167030.09;;"630 absent; exercice ancien (2023-12-31)"
0782949059;YAELYS;2023-12-31;m87-f;-11894.59;84200.58;;exercice ancien (2023-12-31)
0782963709;LARA TRANS;2025-06-30;m87-f;-13364.51;106797.27;;variation N/N-1 extrême
0783225114;MBA SOLUTION;2025-12-31;m87-f;;4000;;"9901 absent; 630 absent"
0783239762;SG GROUP;2024-12-31;m07-f;-87097.24;121180.64;;variation N/N-1 extrême
0783268268;Computer Ride;2025-12-31;m87-f;23567.12;29877.65;;variation N/N-1 extrême
0783293410;KENZA GOLD;2023-12-31;m87-f;8294.53;104234.07;;"630 absent; exercice ancien (2023-12-31)"
0783330131;QUAD HIAD;2025-12-31;m07-f;2435;25093;;630 absent
0783499583;FIX IT SERVICE;2025-12-31;m07-f;39792.36;27373.04;;EBITDA > total du bilan
0783570453;ZAFER 1950;2025-12-31;m87-f;55743.7;91682.49;;630 absent
0783580648;Hub Aviation & IT services;2025-12-31;m87-f;69112.9;46609.28;;EBITDA > total du bilan
0783592823;Dix Dix;2025-12-31;m81-f;36153.63;57564.58;;variation N/N-1 extrême
0783645281;EOLIENNE DE LA BATAILLE;2025-12-31;m81-f;575889.28;4744084.01;;EBITDA dans la bande sans personnel déclaré
0783701503;ASTUTIA CONSULTANCY;2025-12-31;m87-f;-3757.02;;;"630 absent; variation N/N-1 extrême"
0783707243;YAN CONCEPT II;2024-12-31;m87-f;32959.4;88737.15;;variation N/N-1 extrême
0783724267;GREAT TECHNOLOGY;2025-12-31;m87-f;20006.63;148993.6;;variation N/N-1 extrême
0783750201;WALVERT ESTINNES;2024-12-31;m81-f;-55041;7064135;;variation N/N-1 extrême
0783760394;AL SHAMALI;2023-12-31;m07-f;18178.09;76817.85;;"exercice ancien (2023-12-31); dépôt plus récent inexploitable (2025-00293139:404 [m07-a-p/Initial])"
0783768512;VIP Travel Service - Binche Navette;2024-12-31;m87-f;68474;193274.26;;variation N/N-1 extrême
0783778806;Brasserie ZEC;2025-12-31;m87-f;11.43;26793.19;;630 absent
0783790187;ENOA PROJECT;2023-12-31;m81-f;117233.16;225811.48;0.4;"exercice ancien (2023-12-31); exercice de 22 mois"
0783816517;SV Printing;2023-12-31;m87-f;18439.47;90435.41;3.5;exercice ancien (2023-12-31)
0783828690;TOP PORTES & FENÊTRES;2025-12-31;m87-f;6165.06;77290.28;;630 absent
0783831165;L’ATELIER DES GOURMETS;2025-12-31;m07-f;-21810.45;120954.08;4;variation N/N-1 extrême
0783852050;CHAKIRCOIFF;2024-12-31;m87-f;568.89;6754.74;;630 absent
0783859572;AM LUX;2024-12-31;m87-f;-450;536.07;;630 absent
0783976665;INVEST BE GROUP;2023-12-31;m07-f;-10337.67;6205.8;;"630 absent; exercice ancien (2023-12-31)"
0784234904;MaxiServices;2025-12-31;m87-f;2393.5;12480.86;;630 absent
0784237278;CGI Technic;2025-12-31;m87-f;86341.66;203742.3;1;variation N/N-1 extrême
0784281820;HANSSEN EXPLORATION CONSULTING S.R.L.;2025-06-30;m87-f;-1592.58;40246.68;;variation N/N-1 extrême
0784310920;ALUX;2025-12-31;m87-f;-8606.57;2345.79;;630 absent
0784330716;ALFA TRANS;2024-06-30;m87-f;16404.27;154197.17;2.1;630 absent
0784365061;WindGrid;2025-12-31;m01-f;-84904490.73;118594764.89;4.1;variation N/N-1 extrême
0784393963;EMS COMPANY;2025-12-31;m87-f;23580.29;16715.55;;EBITDA > total du bilan
0784449292;NEXTE;2025-12-31;m87-f;-281.25;1142.16;;630 absent
0784455232;PVG Consulting;2025-12-31;m87-f;1151;6183;;630 absent
0784455331;GROUPE ROMAGNOLI;2025-12-31;m87-f;-27168;13631;;variation N/N-1 extrême
0784475721;TIMELESS GUARDIANS;2023-12-31;m87-f;-11281.93;16666.64;;exercice ancien (2023-12-31)
0784505415;VGT GROUP;2025-05-31;m87-f;-64;8126;;630 absent
0784509868;SKYNET SERVICES BELGIUM;2025-12-31;m87-f;19639.53;229015.83;;630 absent
0784532238;STUDIOSEPT AGENCY;2025-12-31;m87-f;95641.62;162603.42;1;variation N/N-1 extrême
0784628149;Aube;2025-12-31;m81-f;302863.9;643050.47;;EBITDA dans la bande sans personnel déclaré
0784630030;Aries MetalWork;2025-12-31;m87-f;35610.49;59607.87;;variation N/N-1 extrême
0784652301;ENTROPY CONSULT;2025-12-31;m87-f;709.31;15942.99;;630 absent
0784673580;TONDEUSES DECKERS;2025-09-30;m87-f;38736.67;173822.75;;variation N/N-1 extrême
0784681203;Aurige;2025-12-31;m87-f;83439.52;122425.24;;variation N/N-1 extrême
0784760484;AVIA BRUSSELS CONSULTING;2025-12-31;m07-f;18554.93;23945.41;1.2;variation N/N-1 extrême
0784799383;Régie communale autonome de Tintigny;2024-12-31;m07-f;-18648.17;208651.14;;630 absent
0784811657;ÂMES NATURELLES;2025-12-31;m87-f;-995.11;3863.59;;variation N/N-1 extrême
0784850259;A-GJEDIA;2025-12-31;m87-f;7767.64;9775.07;;630 absent
0784868372;TOKADY BUSINESS;2023-12-31;m87-f;65559.73;171587.89;;exercice ancien (2023-12-31)
0784869263;ISSAB;2025-12-31;m87-f;-24143.75;48335.37;2;variation N/N-1 extrême
0784876191;K.M.I. Industrie Maintenance Industriel;2024-12-31;m87-f;32231.16;96155.56;;variation N/N-1 extrême
0784899353;SISAMO;2025-12-31;m07-f;15204.48;75490.64;;variation N/N-1 extrême
0785293093;DELVALLEE ENTREPRISE;2025-12-31;m07-f;13818.91;8796.72;;"630 absent; EBITDA > total du bilan; variation N/N-1 extrême"
0785325262;YORKSHIRE ENERGIE;2025-12-31;m87-f;315976.53;4888059.33;;EBITDA dans la bande sans personnel déclaré
0785422064;W&L Transport Logistics;2023-12-31;m87-f;14883;50158;;"exercice ancien (2023-12-31); variation N/N-1 extrême"
0785423054;GERARD'S Company;2023-03-31;m87-f;22183.24;47278.82;;"630 absent; exercice ancien (2023-03-31); exercice de 11 mois"
0785423351;BOCA & KM TRADING AND SERVICES;2025-12-31;m81-f;-67572.15;175281.16;;"630 absent; variation N/N-1 extrême"
0785439781;DUC DE PRASLIN « BELGIUM »;2023-12-31;m87-f;-18908.32;205548.63;;"exercice ancien (2023-12-31); exercice de 21 mois"
0785502733;MICRO SERVICES BELGIUM;2025-12-31;m87-f;24852.41;52156.51;;630 absent
0785521143;Motion Medical Holding;2025-12-31;m81-f;132899.41;4444369.23;1.8;630 absent
0785572811;ZERO.BRUSSELS;2025-04-14;m87-f;-15396.41;134276.34;;variation N/N-1 extrême
0785576967;LILY GROUPE;2023-12-31;m07-f;14485.05;135258.02;;"630 absent; exercice ancien (2023-12-31)"
0785630516;FOXTROT ENGINEERING;2025-12-31;m87-f;-984.41;312.35;;630 absent
0785641404;BRUPHARM PHARMALAB;2025-12-31;m07-f;37547.39;298430.47;;variation N/N-1 extrême
0785721774;B SAFE SECURITY;2025-12-31;m87-f;13115.29;38385.43;0.1;variation N/N-1 extrême
0785734345;Domaine de Montjumont;2025-12-31;m81-f;-153104.08;1742679.1;0.5;variation N/N-1 extrême
0785748203;ALD Transport;2024-12-31;m87-f;-376;26;;630 absent
0785764831;NEW CONCEPT AG;2025-12-31;m07-f;5106.45;14166.27;;variation N/N-1 extrême
0785773640;BRAS-TRANS;2023-12-31;m87-f;32032.37;79405.64;;"630 absent; exercice ancien (2023-12-31)"
0785804126;BRD Company;2023-12-31;m87-f;-55610.38;59853.22;;"exercice ancien (2023-12-31); exercice de 20 mois"
0785854804;FLS Europe;2025-06-30;m87-f;25267.37;82904.99;;variation N/N-1 extrême
0785910628;Water Saves;2025-12-31;m87-f;-2228.13;74763.33;;630 absent
0785915279;BNB TC;2025-09-30;m07-f;7122.74;5640.76;;"630 absent; EBITDA > total du bilan"
0786197767;DTL Business;2024-12-31;m07-f;911;17115;;630 absent
0786201925;BELBEL;2023-12-31;m87-f;5104.3;8581.14;;"630 absent; exercice ancien (2023-12-31)"
0786315850;WPC REIT Vert (BE);2025-12-31;m81-f;-381562.16;82942983.43;;630 absent
0786340990;AM PLACEMENT;2025-12-31;m87-f;18029.56;14802.23;;"630 absent; EBITDA > total du bilan"
0786399586;DELISE;2024-12-31;m87-f;-2279.7;3000;;630 absent
0786400873;LIGHT FUSION;2023-12-31;m87-f;20444.88;116825.99;2.1;exercice ancien (2023-12-31)
0786407011;CAJU COSMETIQUES;2025-12-31;m87-f;-1065.43;1659.24;;"630 absent; variation N/N-1 extrême"
0786431359;WARINA;2024-12-31;m81-f;2876;16020;;"630 absent; variation N/N-1 extrême"
0786677027;EUkrenergo;2025-12-31;m02-f;8700.55;26186424.86;;630 absent
0786679502;BBA TRADING;2023-12-31;m87-f;-1976.96;108871.91;;exercice ancien (2023-12-31)
0786684252;LOISELET TRANSPORTS;2025-06-30;m81-f;14096.46;472164.54;18.4;630 absent
0786686331;Xter Benelux;2025-12-31;m81-f;15782.66;142184.87;1.8;630 absent
0786687420;TRAVELLERPOINT;2023-12-31;m87-f;2533.24;16434.97;;"630 absent; exercice ancien (2023-12-31)"
0786703058;KYDI;2025-12-31;m87-f;10410.63;1328.87;;EBITDA > total du bilan
0786707810;RENOTAZ;2024-12-31;m87-f;40053.64;83073.15;;variation N/N-1 extrême
0786709887;BOULANGERIE DUCHESSE;2025-06-30;m87-f;33237.35;93934.99;;variation N/N-1 extrême
0786805701;K&S Technologies Consultancy;2025-12-31;m87-f;41289.75;186985.6;;"630 absent; variation N/N-1 extrême"
0786824408;LOCAL TRADE;2023-12-31;m87-f;7396.55;20718.23;;"exercice ancien (2023-12-31); exercice de 19 mois"
0786864097;Moulin de Rondu;2025-12-31;m87-f;77449.13;251938.86;;variation N/N-1 extrême
0786871522;East Belgium Doors;2024-12-31;m87-f;74079.62;287402.41;;variation N/N-1 extrême
0786888348;STRUGA GROUP;2023-12-31;m07-a;36859.66;39459.06;;"exercice ancien (2023-12-31); exercice de 18 mois"
0786911411;MJI CONCEPT;2025-12-31;m87-f;55520.16;124621.21;;variation N/N-1 extrême
0786969512;Design With Sense;2025-12-31;m87-f;-35078.82;57293.71;0.3;variation N/N-1 extrême
0787157671;DYCKS MACHINERY;2025-12-31;m87-f;109391.9;641550.98;;variation N/N-1 extrême
0787163314;YSO TRANSPORT GROUP;2024-06-30;m87-f;-62684.73;208327;6.5;variation N/N-1 extrême
0787164502;G ILIASS;2024-12-31;m07-a;-14871.23;76109.46;;"630 absent; variation N/N-1 extrême"
0787212705;CLESTRA;2024-12-31;m87-f;55114.75;234447.55;;variation N/N-1 extrême
0787217158;PERAM;2025-12-31;m81-f;94393.55;1780360.76;6.8;630 absent
0787241013;brupower;2025-12-31;m87-f;-181.51;946844.13;1.4;exercice de 9 mois
0787305547;PRIMEVER BELGIQUE;2025-12-31;m01-f;-56707.68;1449303.14;;variation N/N-1 extrême
0787306438;ELYAMS;2024-12-31;m07-f;2287.06;3603.25;;630 absent
0787320294;HOTAH;2025-12-31;m87-f;5814.14;51191.58;;630 absent
0787383345;DMS Industrie;2024-12-31;m87-f;777.74;22043.06;;630 absent
0787396411;TMS Industrial Services Wallonie;2025-12-31;m81-f;25768.52;256491.62;;630 absent
0787441644;PI HOME;2025-12-31;m07-f;-9195.03;44190.8;;630 absent
0787462034;DBN MATERIELS;2025-12-31;m81-f;443532.48;3829374.55;4;variation N/N-1 extrême
0787467081;DJ Sport Management;2025-12-31;m81-f;465339.92;1193512.67;;"630 absent; EBITDA dans la bande sans personnel déclaré"
0787470744;V CONSULT;2025-12-31;m87-f;85092.84;112048.69;0.2;variation N/N-1 extrême
0787519937;BAMISSING;2024-12-31;m81-f;-2283.74;201962.88;;630 absent
0787535575;MMA Philippe;2025-12-31;m01-f;5825.64;94053.22;;variation N/N-1 extrême
0787592884;La Voix des Mêlés;2025-12-31;m87-f;-9757.74;670514.37;;variation N/N-1 extrême
0787597438;AY2;2024-12-31;m87-f;82472.31;650222.87;;variation N/N-1 extrême
0787710571;NEXBLUE;2025-12-31;m87-f;-6166.36;8016.47;;630 absent
0787727397;AZ SHUTTLE BELGIUM;2025-06-30;m87-f;23191.31;329815.75;10.8;exercice de 18 mois
0787814796;BT-ELEC;2023-12-31;m87-f;38058.28;77919.92;;"exercice ancien (2023-12-31); variation N/N-1 extrême"
0787824102;SKYHOUSE;2023-09-30;m81-f;-1452150.76;2251715.75;2.1;exercice ancien (2023-09-30)
0787852905;XAVIER PONTHIER;2025-12-31;m01-f;130326.88;2281964.4;;variation N/N-1 extrême
0787894376;A.R.A;2024-03-31;m87-f;-2499;4505;;"630 absent; exercice de 21 mois"
0787999393;MEZOYA;2025-06-30;m87-f;3295.18;9990.1;;630 absent
0787999591;MERY INVESTMENT;2024-03-31;m07-f;66363.99;67094.58;;exercice de 22 mois
0788202105;COBESEL GROUP;2025-12-31;m87-f;36690.27;85693.44;;630 absent
0788254959;FABOT Engineering;2024-12-31;m87-f;79705;140710;;variation N/N-1 extrême
0788260206;WAYNE ENTREPRISE;2025-03-31;m07-f;447305.24;3101908.62;;EBITDA dans la bande sans personnel déclaré
0788337410;C&K FLORE;2025-12-31;m87-f;-3633.3;6318.94;;630 absent
0788350672;BLUE ENERFREEZE BELGIQUE;2025-12-31;m01-f;24394.04;2913501.99;;variation N/N-1 extrême
0788359283;REVE GROUP;2026-03-31;m07-f;54067.45;225005.09;;variation N/N-1 extrême
0788369676;MISOTY;2025-12-31;m87-f;15910.08;46149.72;;variation N/N-1 extrême
0788432133;BRIALTE;2025-12-31;m87-f;15393.95;30343.83;;variation N/N-1 extrême
0788463411;LC Fleet et Services;2025-12-31;m81-f;25189.69;1535.23;;EBITDA > total du bilan
0788489838;JR Brussels Services;2025-12-31;m87-f;26737.05;62081.13;;variation N/N-1 extrême
0788510921;EXTRAPHAR;2025-12-31;m87-f;30883.56;10257.89;;"630 absent; EBITDA > total du bilan"
0788550018;SSJ;2025-06-30;m81-f;26920.62;115642.03;4.6;variation N/N-1 extrême
0788587927;CTL DISTRICT;2025-12-31;m87-f;24322.07;132079.73;1.5;variation N/N-1 extrême
0788637813;Altamax;2024-12-31;m07-f;213542;298854;;630 absent
0788748372;R&M GROUP;2024-12-31;m87-f;8873.61;9739.99;;630 absent
0788801030;Mattices;2025-12-31;m87-f;8397.18;26555.76;;630 absent
0788804097;TECHNOJAD;2023-12-31;m87-f;18695.88;32530.45;;"exercice ancien (2023-12-31); exercice de 17 mois"
0788857052;La viande ma passion;2025-12-31;m87-f;15554.8;36010.2;;variation N/N-1 extrême
0788863782;CLAYKEN TRANSPORTS & LOGISTIC;2023-09-30;m07-f;27173;124008;3;"exercice ancien (2023-09-30); exercice de 14 mois"
0788933563;EAST & MORE;2024-12-31;m01-f;-2013.8;22513.36;;630 absent
0789213180;MONDIAL BAKKERS;2023-12-31;m81-f;39461;339007;3;"exercice ancien (2023-12-31); exercice de 17 mois"
0789224662;SIDIA MULTI SERVICES;2024-12-31;m87-f;-135.52;4039.99;;630 absent
0789226939;ARTISTAFF;2024-12-31;m87-f;-12654.46;77281.28;;630 absent
0789274548;BELF & CO;2023-12-31;m87-f;-4824.4;1106.03;;"630 absent; exercice ancien (2023-12-31)"
0789277617;APPS Logistics;2025-12-31;m87-f;122431.33;170521.63;;variation N/N-1 extrême
0789285634;TANOU TANOU;2024-12-31;m87-f;7499.88;28468.58;;variation N/N-1 extrême
0789294839;HVAC - PROJECT;2025-12-31;m81-f;7101;1309054;;630 absent
0789306618;RALU Fashion & Consulting;2025-12-31;m87-f;6819.14;164598.61;;630 absent
0789360264;CB-W TRANSCOM;2025-06-30;m07-f;-4384.55;168448.89;;630 absent
0789397084;Carrosserie Van Praet;2024-12-31;m87-f;-14898.13;5005.4;;630 absent
0789421632;Sunvest;2025-12-31;m81-f;-3975.65;21965.41;;630 absent
0789478941;MECA SD;2025-12-31;m87-f;3667.64;7190.68;;"630 absent; variation N/N-1 extrême"
0789516751;ZAFI CYCLES;2023-12-31;m81-f;3342.7;110467.46;;"exercice ancien (2023-12-31); exercice de 17 mois"
0789528926;EMILENS COMPANY;2023-12-31;m87-f;-32730.51;7986.42;;"exercice ancien (2023-12-31); exercice de 17 mois"
0789645326;SpookiCG;2025-12-31;m87-f;81520.42;94929.18;1.1;variation N/N-1 extrême
0789675911;Drive A Classic;2025-06-30;m87-f;4193.38;1405.89;;EBITDA > total du bilan
0789737970;SEMTRADE;2025-12-31;m87-f;250051.37;807738.81;;630 absent
0789769743;WAPI EXPRESS;2025-12-31;m01-f;84425.5;117644.08;3.2;variation N/N-1 extrême
0789779740;NICOTEC4;2023-12-31;m87-f;8497.95;25699.17;;exercice ancien (2023-12-31)
0789803692;KRONOS-SPHERE;2025-12-31;m87-f;1154.3;16292.65;;630 absent
0789815570;YUCA'S;2023-12-31;m87-f;-15893.11;32789.53;;"exercice ancien (2023-12-31); exercice de 16 mois"
0789883767;ZENITH CONCEPT;2025-12-31;m87-f;12.47;5238.24;;630 absent
0789918807;EASY TRACT GARAGE;2024-12-31;m87-f;-11103.55;2965.97;;630 absent
0789919795;RobinWood;2024-12-31;m87-f;99729;530474;;variation N/N-1 extrême
0789982945;HK Logistics;2024-12-31;m07-f;41020.55;146350.12;;630 absent
0789986608;NEOPARK;2025-12-31;m01-f;32378.54;1842563.29;;variation N/N-1 extrême
0789996011;BOPAR Management;2025-09-30;m81-f;35654.3;165563.6;;"630 absent; variation N/N-1 extrême"
0790184368;FRAB & CO;2025-12-31;m87-f;314248.44;1045283.95;;EBITDA dans la bande sans personnel déclaré
0790190605;B and TOUCH;2025-12-31;m87-f;-266.09;33410.3;;630 absent
0790192088;ADCM Services;2023-12-31;m87-f;-199934.69;137110.12;5.8;"630 absent; exercice ancien (2023-12-31); exercice de 16 mois"
0790215547;BAREX SERVICES;2024-12-31;m01-f;-2490.65;4682.84;;630 absent
0790238511;TENROCK;2025-12-31;m87-f;-465.43;9216.77;;630 absent
0790281467;AMD-ID;2023-12-31;m87-f;-49023;90422;;exercice ancien (2023-12-31)
0790459433;PLASTITEC;2025-12-31;m87-f;23824.99;40613.93;;variation N/N-1 extrême
0790557522;VDS Trans;2023-12-31;m87-f;-66808.29;201478.72;3.3;"exercice ancien (2023-12-31); exercice de 16 mois"
0790582266;TRT LOGISTICS;2025-12-31;m01-f;3324.92;38494.01;;630 absent
0790626214;SABCA Technologies;2025-12-31;m82-f;-3986998.8;91584542.12;131;variation N/N-1 extrême
0790634033;UpStage Communication;2025-12-31;m87-f;-11993.41;2800.41;;"630 absent; variation N/N-1 extrême"
0790640565;OPTIMUS LINE;2025-03-31;m87-f;10891.07;790201.53;4.9;variation N/N-1 extrême
0790648780;TRISTAN PHILIPPE CERAMISTE;2023-12-31;m07-f;-661;12691;;"630 absent; exercice ancien (2023-12-31); exercice de 16 mois"
0790729746;GT Elec;2025-12-31;m87-f;26198.18;157474.22;;variation N/N-1 extrême
0790738159;FRIT-REX;2023-12-31;m87-f;16153.62;191844.89;;"exercice ancien (2023-12-31); exercice de 15 mois"
0790748948;HK DRIVER;2024-12-31;m87-f;;10149.03;;"9901 absent; 630 absent"
0790775474;B-Watt Energy;2025-12-31;m87-f;72400.02;528287.82;0.4;variation N/N-1 extrême
0790792696;HET BEST;2025-12-31;m87-f;-6978.88;6837.54;;630 absent
0790840208;GOLEN EUROPE;2023-12-31;m87-a;-156996.72;680842.23;;"630 absent; exercice ancien (2023-12-31); exercice de 15 mois"
0790854559;ADS BELGIUM;2025-12-31;m87-f;-62547.14;94072.85;;630 absent
0790905237;ESI-ANGEL;2023-09-30;m07-f;597.84;21577.84;;"630 absent; exercice ancien (2023-09-30); exercice de 13 mois"
0790906722;DVDE SA CREE MENUISERIE;2025-12-31;m87-f;33984.49;332498.83;1;variation N/N-1 extrême
0790941463;B&M GROUPE;2025-12-31;m07-f;18886.89;366458.85;;630 absent
0790977392;European Federation of Tank Cleaning Organisations;2025-12-31;m08-f;-5992.22;69093;;630 absent
0790980461;LIFI Management;2025-12-31;m87-f;25254.39;86279.24;;"630 absent; variation N/N-1 extrême"
0790987884;VV-ENERGY;2025-12-31;m01-f;121127.38;1328440.74;0.9;variation N/N-1 extrême
0791154962;DNS TRANS;2024-12-31;m87-f;-264.86;10796.67;;630 absent
0791165355;BEG TRANSPORT;2025-12-31;m87-f;0;3567.29;;630 absent
0791214053;MID TRANS;2025-12-31;m07-f;;18502.78;;"9901 absent; 630 absent"
0791269184;LEEK;2025-03-31;m81-f;1077.18;76029.71;;630 absent
0791340846;AKLM Logistics;2025-12-31;m87-f;18650.69;262431.84;;630 absent
0791347774;Anthony Cognaux;2025-12-31;m87-f;-13185.64;405185.88;;variation N/N-1 extrême
0791350744;COWEZ GAETAN;2025-12-31;m87-f;62464.19;133588.9;3.1;variation N/N-1 extrême
0791386376;SLXG;2025-12-31;m87-f;50040.07;188552.53;3;variation N/N-1 extrême
0791478329;Celerity Distributions;2023-12-31;m07-f;99369.57;1118109.29;9.8;"630 absent; exercice ancien (2023-12-31); exercice de 18 mois"
0791546328;COPPLY;2024-12-31;m07-f;-10448.83;2127.81;;"630 absent; variation N/N-1 extrême"
0791598588;AUTO VIRAGE;2023-12-31;m07-f;20380.93;153480.91;;"630 absent; exercice ancien (2023-12-31)"
0791696380;ABL CONSULT;2025-12-31;m87-f;4236.32;11487.57;;630 absent
0791712119;BRICO TRANS;2025-12-31;m87-f;120797;431180;;"630 absent; variation N/N-1 extrême"
0791723205;Electricité Générale MARIN & Fils;2024-12-31;m81-f;-93728.34;92991.43;17.2;variation N/N-1 extrême
0791767151;FIGIN;2023-12-31;m87-f;49802.76;90946.57;;"630 absent; exercice ancien (2023-12-31); exercice de 15 mois"
0791775267;CX-SUN;2024-12-31;m01-f;-1711.17;20950.39;;630 absent
0791872168;CAVALE;2025-12-31;m07-f;20174.1;41669.79;;variation N/N-1 extrême
0791923935;ECO-FUTUR IMMOBILIERE;2025-12-31;m87-f;-7303.4;309714.91;;"630 absent; variation N/N-1 extrême"
0792140305;1001;2025-12-31;m87-f;;;;"9901 absent; 630 absent"
0792149015;DW Elec;2025-12-31;m87-f;7057.34;18095.41;;variation N/N-1 extrême
0792161485;PANO-EXTRA;2024-12-31;m87-f;-126479.39;264607.21;19.3;630 absent
0792164752;OKINOMIYOKI;2025-09-30;m87-f;-3789.4;3.65;;630 absent
0792181182;DIMAN SERVICES;2023-12-31;m07-f;4030.49;19173.88;;"630 absent; exercice ancien (2023-12-31); exercice de 15 mois"
0792215529;TransformAé;2025-06-30;m87-f;9806.61;582432.7;;variation N/N-1 extrême
0792248785;COPROSAIN FACTORY;2023-12-31;m81-f;-439982.34;1361701.49;11.2;"exercice ancien (2023-12-31); exercice de 15 mois"
0792250369;J.Chauffage;2025-12-31;m87-a;32148.8;114309.29;;variation N/N-1 extrême
0792271749;IMNELEC;2025-12-31;m07-f;95638.96;158198.12;;variation N/N-1 extrême
0792277984;YQU;2025-12-31;m87-f;325486.11;466762.11;;EBITDA dans la bande sans personnel déclaré
0792301938;LOCAL ENERGY SOLUTION;2025-12-31;m87-f;40720.03;886476.91;;variation N/N-1 extrême
0792304809;BC IMMO;2024-12-31;m87-f;;10149.03;;"9901 absent; 630 absent"
0792315695;BELMORRO;2024-12-31;m87-f;6832.26;47621.53;;variation N/N-1 extrême
0792374588;Solarbuild 6;2025-12-31;m81-f;335450;2477880;;EBITDA dans la bande sans personnel déclaré
0792375380;LGG LOGISTICS;2025-12-31;m81-f;943915.98;1691916.78;2;variation N/N-1 extrême
0792393889;F-M-A COMPANY;2025-12-31;m87-f;-1100.27;3015.9;;630 absent
0792451101;TTR TRANSPORTS;2025-12-31;m87-f;70605.91;366159.76;;variation N/N-1 extrême
0792481189;MNO SERVICES;2024-12-31;m87-f;;2000;;"9901 absent; 630 absent"
0792483070;YSY;2025-12-31;m87-f;12495.18;7695.74;;"630 absent; EBITDA > total du bilan; variation N/N-1 extrême"
0792499896;D.T. LOGISTICS;2025-12-31;m87-f;30528.27;19225.17;;"EBITDA > total du bilan; variation N/N-1 extrême"
0792552851;DMF ISOLATION;2024-12-31;m87-f;476298.08;1040386.09;;EBITDA dans la bande sans personnel déclaré
0792560175;Chocolaterie BRESSANT;2025-12-31;m07-f;;1;;"9901 absent; 630 absent"
0792613823;REMO FOOD;2025-09-30;m07-f;26680.8;26600.01;;"EBITDA > total du bilan; variation N/N-1 extrême"
0792614615;RZ TEAM SERVICES;2025-12-31;m87-f;-13965.44;278701.61;11.6;"630 absent; variation N/N-1 extrême"
0792712011;YONHOO BENELUX;2024-12-31;m87-f;63060.11;478058.88;1;variation N/N-1 extrême
0792731411;Ferme de Bossimé;2025-12-31;m87-f;2309.64;24822.51;;630 absent
0792869189;NEKOUR;2023-12-31;m87-f;;15000;;"9901 absent; 630 absent; exercice ancien (2023-12-31); exercice de 14 mois"
0792874040;DOCUS STUDIO;2023-12-31;m87-f;-53416.34;15061.52;2;"exercice ancien (2023-12-31); exercice de 14 mois"
0792889084;INSIDE HOUSE;2023-12-31;m87-f;446.09;49073.2;;"exercice ancien (2023-12-31); exercice de 14 mois"
0792892450;AL GESTION;2025-12-31;m87-f;8186.92;112488.6;;630 absent
0792907791;Aircargofour.zero;2024-12-31;m07-f;4200;4351;;630 absent
0792918481;BE-VOLT Battery System;2024-12-31;m87-f;-17904.89;195691.47;;630 absent
0792953422;2Valorise Products;2025-12-31;m01-f;-812.53;64846.26;;630 absent
0792970842;DL Manufacto;2025-09-30;m81-f;176655.16;1407448.92;13.4;variation N/N-1 extrême
0792974901;KY TRAINING & SERVICES;2025-12-31;m87-f;45885.82;147503.44;;variation N/N-1 extrême
0793112580;PATCHAPA;2025-12-31;m87-f;20899;53458;2.2;variation N/N-1 extrême
0793121389;Mission S;2025-12-31;m87-f;-4748.71;6506.62;;variation N/N-1 extrême
0793252637;BB Spirits;2025-12-31;m87-f;180;27271;;630 absent
0793287477;Z-frame systems;2025-12-31;m87-f;254207.82;1363420.31;1;variation N/N-1 extrême
0793302721;ACHKA;2025-12-31;m87-f;11324.04;32504.37;;630 absent
0793326178;MANZI TECH;2023-12-31;m87-f;22760.3;31450.92;;"630 absent; exercice ancien (2023-12-31); exercice de 14 mois"
0793374381;CLINTON ENTREPRISE;2025-12-31;m87-f;63481.17;81983.22;;variation N/N-1 extrême
0793459406;JARVIS;2025-12-31;m81-f;57871.49;769779.25;1.3;exercice de 9 mois
0793472668;SIMPLE & FAST;2024-12-31;m07-f;21805;45566;;variation N/N-1 extrême
0793481279;LES COULEURS AU NATUREL;2025-12-31;m87-f;-4987.62;39253.39;;630 absent
0793510181;Cook Consulting;2025-12-31;m87-f;43498.69;35670.49;;EBITDA > total du bilan
0793561354;SAPEIT Logistique;2024-12-31;m81-f;-427987;169257;24;variation N/N-1 extrême
0793576301;PelSel;2025-12-31;m87-f;66866.21;133285.93;3.9;variation N/N-1 extrême
0793595701;JVAN CONSULT;2025-12-31;m87-f;87591.05;98849.3;;variation N/N-1 extrême
0793602233;ILB SERVICES;2025-12-31;m87-f;3743.14;7368.95;;variation N/N-1 extrême
0793620346;XTREM DETAILING;2025-12-31;m87-f;-3750.86;14756.25;;630 absent
0793629551;SC LOGISTIC EXPRESS;2025-12-31;m87-f;2553.71;34791.34;;630 absent
0793689038;MYR TRANSPORT;2025-12-31;m87-f;5178.44;28933.32;;variation N/N-1 extrême
0793711408;ZGACAR;2024-12-31;m87-f;;278.77;;"9901 absent; 630 absent"
0793711804;AANI GROUP;2025-12-31;m87-f;-5893.28;2553.03;;630 absent
0793742882;Menuiserie C-Wood;2023-12-31;m87-f;120367.81;194971.02;;"exercice ancien (2023-12-31); exercice de 13 mois"
0793796728;A.F.M. SERVICE;2025-12-31;m87-f;51713.64;73673.78;;630 absent
0793819888;COBBAUT MEAT;2024-12-31;m81-f;31577.47;1278223.09;;630 absent
0793836122;GODEAU M-J;2024-12-31;m07-f;62376.91;510896.39;;variation N/N-1 extrême
0793857007;Prestige LimousineS V.I.P;2024-12-31;m87-f;;2202.52;;"9901 absent; 630 absent"
0793895312;T-P AND Co;2023-12-31;m87-f;2365.33;17749.13;;"630 absent; exercice ancien (2023-12-31)"
0793902339;Jet car water Europe;2023-12-31;m81-f;-4189.13;19363.53;;"exercice ancien (2023-12-31); exercice de 13 mois"
0793905903;NASTA TRANSPORT;2024-12-31;m87-f;57154.21;107285.34;;630 absent
0793944109;La Boulange Vivante;2025-12-31;m87-f;-8672.35;986738.23;;variation N/N-1 extrême
0793946186;VERDIANE;2025-12-31;m87-f;-356.72;4316.84;;630 absent
0793976870;AU POINT DE VUE WAREMME;2025-12-31;m87-f;-19680.69;60136.99;0.1;630 absent
0793987461;ODYSSEE BENELUX;2024-12-31;m07-f;10859.59;76449.93;;630 absent
0794146126;Brookside productions;2025-12-31;m87-f;22922.7;130794;;630 absent
0794152064;GFK Business;2024-12-31;m87-f;-363.9;160.31;;630 absent
0794152163;NDZ transport;2025-12-31;m87-f;-268.94;9000;;630 absent
0794200267;HMA GROUP;2024-12-31;m87-a;;9000;;"9901 absent; 630 absent"
0794327159;XL HOME;2025-12-31;m01-f;124215.23;1115962.9;2;variation N/N-1 extrême
0794329832;Elicio Vents d'Ardenne;2025-12-31;m01-f;-18152.43;2238621.63;;630 absent
0794378728;NIYA FOOD;2025-12-31;m87-a;-721.17;551.7;;630 absent
0794412479;HISTOIRE DE BOIS;2025-12-31;m87-f;3595.04;15632.24;;variation N/N-1 extrême
0794442866;CAR Avenue Logistic Belgique;2025-12-31;m81-f;107365.3;435940.11;4.9;630 absent
0794446925;ADF PLOMBERIE;2025-12-31;m87-f;14125.79;13703.33;;"630 absent; EBITDA > total du bilan"
0794447321;Rochenergy;2025-12-31;m81-f;-1768.73;6015.46;;630 absent
0794448707;BioLux;2025-12-31;m87-f;-12203.39;12480.77;;630 absent
0794456625;VLP DEPANNAGE;2025-03-31;m87-f;3139.43;91091.54;1;630 absent
0794469689;HIGHLIFEGROUP;2023-12-31;m81-f;-6338.8;26.75;;"630 absent; exercice ancien (2023-12-31); exercice de 13 mois"
0794495425;BVD BE;2025-03-31;m81-f;14717.15;379594.48;2;630 absent
0794530859;Melhome;2025-12-31;m87-f;1565.52;7322.73;;variation N/N-1 extrême
0794547784;LumIKA;2025-12-31;m01-f;734742.27;15920288.01;;"EBITDA dans la bande sans personnel déclaré; variation N/N-1 extrême"
0794548081;Power2Citizens;2025-12-31;m01-f;176642.75;7690152.09;;variation N/N-1 extrême
0794614793;Miroir Market;2025-12-31;m07-f;11127.91;33503.8;;630 absent
0794623802;CHARPENTOIT;2025-12-31;m87-f;17069;93698;0.6;variation N/N-1 extrême
0794652011;IONWAY;2025-12-31;m82-f;-25689970.47;1335146480.9;19.7;630 absent
0794657949;MC TECHNIEK;2024-12-31;m07-f;27446.53;37042.53;;dépôt plus récent inexploitable (2026-00513902:404 [m07-a-p/Initial])
0794716941;PHONEX;2023-12-31;m87-f;-2631.91;27730.69;;"exercice ancien (2023-12-31); exercice de 13 mois"
0794773656;RS TRANSPORT LOGISTIC;2025-12-31;m87-f;52258.81;257398.08;3.8;630 absent
0794802954;JR CAR;2024-12-31;m87-f;135.26;21114.72;;630 absent
0794813050;ACBEL;2025-06-30;m87-f;25386.09;124442.77;0.7;exercice de 18 mois
0794856107;CHARLIER PATRICK;2025-12-31;m87-f;81965.95;210041.41;0.1;variation N/N-1 extrême
0794886294;NAYCA STUDIO;2025-12-31;m87-f;14658.27;46603.39;;630 absent
0794916087;BE-VOLT Battery Recycling;2024-12-31;m87-f;-19299.28;235769.08;;630 absent
0794952711;MAROUAN;2023-12-31;m87-f;-187.19;21394.72;;exercice ancien (2023-12-31)
0794961124;ISAK;2025-12-31;m87-f;-5236.56;13507.28;;630 absent
0794981217;TEGO MANAGEMENT;2025-12-31;m87-f;-1594.95;14184.72;;630 absent
0794983492;COLIGO EXPRESS;2025-12-31;m87-f;29791.01;123540.53;;"630 absent; variation N/N-1 extrême"
0795089402;PROJECT ISOBEL;2025-12-31;m87-f;14722.31;68456.04;;variation N/N-1 extrême
0795102763;OLI AMENAGEMENTS;2023-12-31;m87-f;15095.39;33772.45;1;exercice ancien (2023-12-31)
0795117116;CGI INVEST;2025-12-31;m81-f;10188.49;39045.96;;630 absent
0795126420;CORNELIS CHAUFFAGE;2025-06-30;m87-f;56751;90388;;variation N/N-1 extrême
0795132358;LP-3;2025-12-31;m01-f;444438.62;7801649.49;;EBITDA dans la bande sans personnel déclaré
0795135526;GREAT LAKES TRANS;2024-12-31;m07-f;-437.34;200000;;630 absent
0795137011;O BLE D’ART;2023-12-31;m87-f;61394.54;79954.91;;exercice ancien (2023-12-31)
0795151362;BRIFORME BELGIUM;2025-12-31;m87-f;13207;72801;;630 absent
0795157993;L'ATELIER DE MATHIEU;2025-12-31;m87-f;46154.66;106823.31;1;variation N/N-1 extrême
0795164329;SOFOLIES;2023-12-31;m87-f;-4711.24;85304.82;2.5;exercice ancien (2023-12-31)
0795167002;LR Automation SRL;2023-12-31;m87-f;53809.76;74589.87;;exercice ancien (2023-12-31)
0795182442;Prax Shipping III;2025-02-28;m81-f;-2166566;6920884;;variation N/N-1 extrême
0795230150;HS ELEVENGO;2025-12-31;m87-f;39030;125521.65;;variation N/N-1 extrême
0795241038;Packwork;2024-12-31;m87-f;19604.91;586247.9;49.3;630 absent
0795244503;NOVA LOGISTICS;2025-12-31;m81-f;358782.55;738668.65;;EBITDA dans la bande sans personnel déclaré
0795279442;AC-TECH;2025-12-31;m87-f;41713.21;123793.74;;variation N/N-1 extrême
0795309334;Menuiserie Lenoir;2025-12-31;m87-f;37977.25;88055.57;0.9;variation N/N-1 extrême
0795328140;Feel Heat;2025-12-31;m87-f;30334.86;69175.14;;630 absent
0795341008;MEC;2025-09-30;m87-f;104510.2;174239.71;;630 absent
0795367831;MALDEREZ;2025-12-31;m87-f;6955.24;31148.53;;variation N/N-1 extrême
0795392872;CEMMEZA;2024-12-31;m01-f;-157069.23;496383.53;0;630 absent
0795393466;OLYMPIC GO;2025-12-31;m07-f;-5439.18;21548.91;;630 absent
0795396337;BENICOOL;2024-12-31;m87-f;-1393.46;137351.21;;630 absent
0795423853;EDI Invest;2025-03-31;m87-f;293.57;85866.08;;630 absent
0795425932;MMB;2025-03-31;m87-f;3136.96;16024.87;;630 absent
0795474531;VALMAR TRANS;2024-12-31;m87-f;11828.11;143415.53;;630 absent
0795478489;DAR MERYEM;2024-12-31;m87-f;-4245.34;1058.78;;"630 absent; variation N/N-1 extrême"
0795489575;Eeram Autos;2025-12-31;m81-f;45560.63;977733.42;8.8;variation N/N-1 extrême
0795499275;BRASSERIE CARAVELA;2025-12-31;m87-f;1435.6;24665.09;;630 absent
0795542431;DOUABI;2025-12-31;m87-f;63964.22;53689.35;;"EBITDA > total du bilan; variation N/N-1 extrême"
0795564801;Milence Belgium;2025-12-31;m81-f;17094.22;1811217.29;3;630 absent
0795577865;NORD SUD;2023-12-31;m87-f;51686.65;69507.64;;exercice ancien (2023-12-31)
0795611519;VOLTMAN TECHNICAL CONCEPT SERVICE;2024-12-31;m87-f;8332;33237;;variation N/N-1 extrême
0795612113;ESOX LUCIUS;2025-12-31;m87-f;144521.46;398919.49;;variation N/N-1 extrême
0795627058;THERMIK SOLUTIONS;2025-12-31;m87-f;87851.79;142547.85;;variation N/N-1 extrême
0795707727;MARASH NETWORK;2024-06-30;m87-f;-9124.24;11434.21;;"630 absent; exercice de 18 mois"
0795741082;ADASTRA;2024-12-31;m01-f;16996;20710;;variation N/N-1 extrême
0795792057;ClinOps Buddy;2025-12-31;m87-f;64619.93;88207.17;;630 absent
0795873518;CONNECT-R;2023-12-31;m87-f;17479.33;98030.36;1.1;exercice ancien (2023-12-31)
0795912714;CH CONS TRANS;2025-12-31;m87-f;-9164;67032;;"630 absent; variation N/N-1 extrême"
0795961610;IMMORTAL SPIRITS;2025-12-31;m87-f;-7082;30480;;630 absent
0795979822;FLY IN BUS;2025-06-30;m87-f;-2758.88;2584.68;;630 absent
0797039102;ABS transport;2023-12-31;m87-f;-1753;23145;;exercice ancien (2023-12-31)
0797163222;Azimut Energy;2025-12-31;m07-f;321368.24;2234406.69;7.4;variation N/N-1 extrême
0797192322;CoopeBois;2025-06-30;m87-f;-104568.07;550626.46;0.9;"exercice de 18 mois; variation N/N-1 extrême"
0797203309;DM BELGO SERVICES;2024-12-31;m07-f;42.37;720.36;;630 absent
0797205782;HOULECAMEXPRESS;2025-12-31;m87-f;78951;261884;;630 absent
0797206772;NUTRII-ZOO;2023-12-31;m81-f;-16841;10904;;"exercice ancien (2023-12-31); exercice de 11 mois"
0797225380;EckoXscientific Belgium;2024-12-31;m87-f;19315.36;534690.54;;"630 absent; variation N/N-1 extrême"
0797273385;TELIUM;2025-12-31;m81-f;51896.25;96627.06;;"630 absent; variation N/N-1 extrême"
0797277147;Catherine Jolie Design;2024-12-31;m87-f;-3051.92;2274.36;;"630 absent; dépôt plus récent inexploitable (2026-00179467:404 [m87-f-p/Initial])"
0797294369;YOEL;2025-12-31;m87-f;-14722.22;10376.36;;"630 absent; variation N/N-1 extrême"
0797305950;K&M SOLUTIONS;2023-12-31;m87-f;6242.43;7529.45;;"630 absent; exercice ancien (2023-12-31); exercice de 11 mois"
0797330003;EOLIENNE DE LA DUDULE;2025-12-31;m81-f;358263.42;6380127.7;;"EBITDA dans la bande sans personnel déclaré; variation N/N-1 extrême"
0797363655;RBK TRANS;2025-12-31;m87-f;29054.66;157309.7;;630 absent
0797378897;NB WORLDWIDE LOGISTICS;2024-12-31;m87-f;-2801.06;652.48;;630 absent
0797476887;AMBU GOLD;2025-06-30;m87-f;211961.91;313938.96;;variation N/N-1 extrême
0797509749;CLEAN & DELIVERY;2024-12-31;m87-f;-260725.43;238869.36;9;variation N/N-1 extrême
0797518558;RIGENEE SOLAR PLANT;2025-12-31;m87-f;1908.81;138160.13;;630 absent
0797530139;Ami Trans;2024-12-31;m07-f;-8750.99;2156.77;;"630 absent; variation N/N-1 extrême"
0797558051;MINDO;2024-12-31;m87-f;-17744.78;22577.36;;630 absent
0797578342;Allotment Productions Europe;2023-12-31;m81-f;54388.63;842972.94;1;"630 absent; exercice ancien (2023-12-31); exercice de 11 mois"
0797614370;GOODREIS;2025-12-31;m81-f;76871.64;256491.6;0;"630 absent; variation N/N-1 extrême"
0797619320;BRANCO TAXI;2025-12-31;m87-f;;10000;;"9901 absent; 630 absent"
0797637235;TRANS FOR YOU;2023-12-31;m87-f;-139.2;21457.4;;"630 absent; exercice ancien (2023-12-31); exercice de 11 mois"
0797657625;GESTION MANAGEMENT LOGISTIC;2026-03-31;m87-f;-1684;209166;;630 absent
0797659605;Transports Christopher FAA;2025-12-31;m87-f;-127522.98;378057.23;7.8;"630 absent; variation N/N-1 extrême"
0797663068;TALIESPIN;2025-12-31;m87-f;6690.43;26524.8;;630 absent
0797754823;PHOENIX A.C.;2024-12-31;m07-f;-66901.75;47194.91;4;variation N/N-1 extrême
0797754922;ATIS AMBULANCE;2023-12-31;m87-f;-6896.48;2072;;"exercice ancien (2023-12-31); exercice de 11 mois"
0797772045;Thib'eau;2025-12-31;m87-f;83596.4;129561.29;;variation N/N-1 extrême
0797780656;MATICHA;2025-12-31;m87-f;7439;30314;;variation N/N-1 extrême
0797796492;RENASCO;2024-12-31;m87-f;71187.85;210480.85;;variation N/N-1 extrême
0797796789;RECYCLAGE, MATERIEL ET TRANSPORT;2025-12-31;m87-f;-36246.74;43428.86;0.2;variation N/N-1 extrême
0797818268;M-KUT;2024-12-31;m87-f;-3363.45;28449.54;;variation N/N-1 extrême
0797824802;BAHN MOTORS;2025-12-31;m87-f;24117;85368;;"630 absent; variation N/N-1 extrême"
0797849150;A WINGS CONSULTING;2023-12-31;m87-f;368281;394513;;"630 absent; exercice ancien (2023-12-31); exercice de 11 mois; EBITDA dans la bande sans personnel déclaré"
0797879834;PLAAN2023;2025-12-31;m87-f;-13102.59;22320.4;;630 absent
0797933480;REGITHERM;2025-12-31;m87-f;19707.65;38696.31;;variation N/N-1 extrême
0797937737;FK PISCINES;2023-12-31;m87-f;-19945.23;40849.76;;"exercice ancien (2023-12-31); exercice de 15 mois"
0797948031;MANENA;2024-12-31;m07-f;-9608.16;15872.69;;"630 absent; variation N/N-1 extrême"
0797991086;AMEYAR NATP;2023-12-31;m87-f;5455.52;20731.56;;exercice ancien (2023-12-31)
0798120057;Loma Studio;2025-09-30;m87-f;19468.05;29140.33;;variation N/N-1 extrême
0798163609;EUROTHERM BENELUX;2023-12-31;m87-f;-21350.21;340747.63;;"630 absent; exercice ancien (2023-12-31); exercice de 11 mois"
0798226658;POLYBEL SERVICES;2025-12-31;m87-f;2075.06;5665.39;;variation N/N-1 extrême
0798228638;Trans Loog;2025-12-31;m87-f;105434;208109;11.8;variation N/N-1 extrême
0798236556;Sunrecup;2025-12-31;m87-f;-525.33;3504.92;;630 absent
0798242593;CLEVER TRICKSTER STUDIO;2024-12-31;m87-f;-15646.63;534933.44;8;variation N/N-1 extrême
0798383442;PureCycle Belgium;2025-12-31;m82-f;-3661229.01;4918948.77;;630 absent
0798426497;DEMAIN Art;2025-12-31;m87-f;214278;315807;;variation N/N-1 extrême
0798442830;BLUFRONT;2025-12-31;m87-f;33614.84;404622.02;;630 absent
0798464705;ZALAR F & V;2025-06-30;m81-f;653500.78;7294940.3;0;"630 absent; EBITDA dans la bande sans personnel déclaré; variation N/N-1 extrême"
0798465792;STDE RABOTAGE;2024-12-31;m87-f;93783.9;153742.28;;variation N/N-1 extrême
0798479650;RAKMANI SUNRISE;2023-12-31;m87-f;94297.9;141299.44;;"exercice ancien (2023-12-31); exercice de 11 mois"
0798484105;AM GOLD GROUP;2024-12-31;m87-f;32262.8;23660.11;;EBITDA > total du bilan
0798489845;LNT;2024-12-31;m87-f;-72383.54;8972.66;0.6;exercice de 23 mois
0798511324;BELGIUM CHOCOLATS;2024-12-31;m87-f;46969.42;244056.4;;exercice de 22 mois
0798529932;Elkam Solutions;2023-12-31;m87-f;54466.29;114912.42;;"630 absent; exercice ancien (2023-12-31); exercice de 10 mois"
0798550817;PARTS TRADE CONSULTANCY;2024-12-31;m87-f;-259.47;680.37;;630 absent
0798575957;I.C. - Consultancy;2024-12-31;m87-f;34264.16;118378.93;;variation N/N-1 extrême
0798578927;ARENA BELGIUM;2025-12-31;m87-f;21162.2;346468.19;;630 absent
0798627526;La malterie Plan B;2025-12-31;m87-f;78569.16;618450.93;;variation N/N-1 extrême
0798632078;Delcro Consulting;2023-12-31;m87-f;1333;25233;;"630 absent; exercice ancien (2023-12-31); exercice de 10 mois"
0798641283;A2C PRODUCT;2025-12-31;m81-f;61570.36;600460.32;7.5;variation N/N-1 extrême
0798649203;EolSPI;2025-12-31;m01-f;819529.68;13234714.21;;EBITDA dans la bande sans personnel déclaré
0798686320;HABYDAL TRANSPORT;2024-12-31;m87-f;26552.38;136223.76;;"630 absent; variation N/N-1 extrême"
0798705324;LES MERVEILLES D’ALISS;2025-09-30;m87-f;65476.02;440113.45;;variation N/N-1 extrême
0798707502;MANDELLI NORTH EUROPE;2025-12-31;m87-f;22297.61;501979.34;;630 absent
0798784013;4NEXT;2024-12-31;m87-f;-1023.8;69425.84;;630 absent
0798876855;TRANSPORT MBEMBA;2023-12-31;m87-f;11242.2;200589.58;;"exercice ancien (2023-12-31); exercice de 10 mois"
0798903876;BB BUSINESS;2024-12-31;m87-f;-83.17;5663.43;;630 absent
0798945646;LINATI LOGISTICS;2024-12-31;m07-f;26916.08;29430.35;;exercice de 22 mois
0798951386;DUPUIS THANATOPRAXIE;2025-12-31;m87-f;4486.2;10860.18;;variation N/N-1 extrême
0798993255;HST GROUP;2024-12-31;m87-f;23984.59;24795.06;;exercice de 22 mois
0798996126;PM OSSATURE BOIS;2025-12-31;m87-f;12428.75;431354.48;;630 absent
0799057195;MARSHOTRANSPORT;2024-12-31;m87-a;-500;2000;;630 absent
0799104905;B Flexee BENELUX;2024-12-31;m81-f;6325.32;134622.64;1;630 absent
0799121830;VEGAS NEON;2025-12-31;m87-f;30387.6;74307.53;;630 absent
0799137369;B&K COMPANY;2025-12-31;m87-f;-1272.66;7654.59;;630 absent
0799142814;UNIVERSAL EXOTIC AIR FORCE;2023-12-31;m87-f;1713.31;13278.78;;"630 absent; exercice ancien (2023-12-31); exercice de 10 mois"
0799145386;MB SOLUTIONS SA;2025-06-30;m01-f;857263.88;1957996.64;3;exercice de 18 mois
0799169142;HKM;2025-12-31;m07-f;;1000;;"9901 absent; 630 absent"
0799192896;Drym Food;2024-06-30;m87-f;-24680.72;9958.32;0.3;exercice de 16 mois
0799215167;Uni Matpro Europe;2025-12-31;m87-f;17977.95;111954.05;;"630 absent; variation N/N-1 extrême"
0799218434;INNOPARMIS AGROSCIENCE;2024-12-31;m87-f;-26121.24;93531.55;;"630 absent; variation N/N-1 extrême"
0799225560;HERMAN 1874;2024-03-31;m81-f;123834.94;1923966;10.6;exercice de 13 mois
0799257135;DIESELCO;2025-12-31;m87-f;4255.59;30884.47;;630 absent
0799277525;UB COMPANY;2025-12-31;m87-f;54811.01;71521.17;;variation N/N-1 extrême
0799289797;MELITRANS;2023-12-31;m87-f;16927.72;83517.48;;"exercice ancien (2023-12-31); exercice de 10 mois"
0799339485;QSC Holding;2025-12-31;m87-f;95714.81;130313.69;;variation N/N-1 extrême
0799360073;ZTS GROUP;2024-12-31;m87-f;91656.34;219295.04;;exercice de 22 mois
0799364825;ULLYS;2025-12-31;m87-f;-3396.98;72770.73;;"630 absent; variation N/N-1 extrême"
0799395113;TRANSPORT SOLUTIONS EXPRESS;2025-12-31;m87-f;62883.51;218697.21;4.9;variation N/N-1 extrême
0799431438;EMBAM ELOL;2025-12-31;m87-f;-21957;7854;;variation N/N-1 extrême
0799451828;ELECTRIC DESIGN;2025-12-31;m87-f;-4255.64;15374.39;;630 absent
0799487163;CINTRALUX;2025-12-31;m02-f;1978825.17;14729585.96;28.5;exercice de 10 mois
0799554073;AXIOM OPERATIONS;2025-12-31;m87-f;76637.56;97581.77;0.9;variation N/N-1 extrême
0799558627;MB RENO;2025-12-31;m87-f;2340;16570.14;;630 absent
0799572483;GS Masset Dépannages;2024-12-31;m87-f;288549.35;652091.95;3.5;exercice de 22 mois
0799575552;GRC TECHNIX;2024-12-31;m07-f;-1933.17;7956.57;;630 absent
0799598912;AKD SERVICES;2025-12-31;m87-f;22166.56;27074.85;;variation N/N-1 extrême
0799610689;Payen's Transport;2024-12-31;m87-f;24374.28;78215.3;;exercice de 22 mois
0799615540;JINAN TRANS;2023-12-31;m87-f;-14688;51182;;exercice ancien (2023-12-31)
0799648204;GABL Technocom;2024-12-31;m07-f;-10720.81;15858.2;;630 absent
0799654241;JF SOLUTIONS;2025-12-31;m87-f;28124.48;127891.61;;630 absent
0799671364;E-THAN SOLUTIONS;2023-12-31;m87-f;15622.71;15572.86;;"630 absent; exercice ancien (2023-12-31); exercice de 9 mois; EBITDA > total du bilan"
0799700068;ELEC-DECO;2025-12-31;m87-f;2843.33;4411.96;;variation N/N-1 extrême
0799719765;HOUSELEC;2025-12-31;m87-f;39973.93;106574.87;0.7;variation N/N-1 extrême
0799741145;NIKO COMPANY;2024-12-31;m87-f;27350.37;34347.91;;"630 absent; exercice de 21 mois"
0799748964;FromBox;2025-12-31;m07-f;13833.46;42420.33;;variation N/N-1 extrême
0799865166;REAL-EVENT;2025-12-31;m87-f;386.94;23390.68;;630 absent
0799885358;INGELIFE;2025-12-31;m87-f;2765.71;36996.76;;630 absent
0799914755;INCHINN THERAPEUTICS;2025-12-31;m87-f;35194.1;51393.91;;630 absent
0799942370;ANGEL TRANSPORT COMPANY;2024-12-31;m87-f;;153;;"9901 absent; 630 absent"
0800049664;Ampyr Distributed Energy Belgium 1;2025-12-31;m02-f;-6005589.83;21644957.02;;variation N/N-1 extrême
0800062532;Freepoint Eco-Systems Belgium;2025-12-31;m01-f;-3151887.66;546500.75;1.8;630 absent
0800066886;ERYO;2025-12-31;m87-f;-13949.71;24268.64;0.1;variation N/N-1 extrême
0800168737;HENZEL GROUP;2025-03-31;m87-f;-3532.51;18155.32;;630 absent
0800183979;TRANSTYS;2025-12-31;m87-f;19087.77;78398.76;;630 absent
0800193778;DIXINO;2024-12-31;m07-f;128640;169714;;exercice de 21 mois
0800331360;FALISSE FOREST FOOD MANAGEMENT;2025-12-31;m87-f;14282.55;32269.08;;"630 absent; variation N/N-1 extrême"
0800332845;Tchelo-Concept;2026-03-31;m87-f;2549.48;7066.71;;630 absent
0800333835;DOLOKA;2023-12-31;m87-f;-10569.49;6961;;"630 absent; exercice ancien (2023-12-31); exercice de 9 mois"
0800403913;BACO SOLUTIONS;2025-12-31;m87-f;155069.89;198147.4;;variation N/N-1 extrême
0800407475;GLOBAL FREIGHT AGENCY;2023-12-31;m87-f;187519.4;250433.57;;"630 absent; exercice ancien (2023-12-31); exercice de 9 mois"
0800425489;Façon Grenadine;2025-12-31;m87-f;50955.48;170122.02;1;variation N/N-1 extrême
0800449938;M&N MOTORS;2025-12-31;m87-f;-7966;11632;;630 absent
0800514274;JCONF Srl;2024-12-31;m87-f;-183;2759.46;;"630 absent; exercice de 21 mois"
0800538624;XRC;2025-12-31;m07-f;9666.83;28790.2;;630 absent
0800550601;PILOMEDIA;2025-09-30;m87-f;1800.18;6716.25;;630 absent
0800554658;STEEL CONCEPTION;2025-12-31;m07-f;;5540.61;;"9901 absent; 630 absent"
0800557628;RideBack;2024-12-31;m87-f;-17167.06;40606.47;0.7;630 absent
0800562873;BJM METAL;2025-12-31;m07-f;-453.04;997.24;;"630 absent; variation N/N-1 extrême"
0800563170;PR LOGISTICS;2024-12-31;m07-f;-3937.06;2662.97;;"630 absent; variation N/N-1 extrême"
0800583065;BTMS;2025-06-30;m87-f;295623.13;461857.85;1.5;exercice de 18 mois
0800614937;Dr. ELEC;2025-12-31;m87-f;58683.3;732284.36;;variation N/N-1 extrême
0800618006;ANC INVEST;2025-12-31;m07-f;44147.19;139585.68;;variation N/N-1 extrême
0800636317;TASSILI SERVICES;2024-12-31;m87-f;-43501;96176;;variation N/N-1 extrême
0800656014;GLUTENFREE-CS;2025-03-31;m87-f;-2697.72;1990.5;;630 absent
0800663734;ABmax;2025-12-31;m87-f;3422.05;13427.63;;630 absent
0800683332;Be Revolution Gaming;2024-12-31;m87-f;44788.54;350377.2;;630 absent
0800707086;Sterras;2024-03-31;m87-f;-103733.27;105242.5;;630 absent
0800733911;LA MIE RICHARD;2025-12-31;m07-f;29748.54;59884.43;;variation N/N-1 extrême
0800734505;La Boyenval;2025-12-31;m81-f;38817.58;127259.35;;630 absent
0800766771;FLY LIFT;2025-12-31;m87-f;130.7;4852.12;;630 absent
0800809234;RP ENERGIE;2025-06-30;m87-f;-1233.18;2423.96;;630 absent
0800864563;PROTOS MANAGEMENT;2025-12-31;m87-f;83174.56;88274.89;;variation N/N-1 extrême
0800868127;REAL DEAL INVEST;2024-12-31;m07-f;468197.8;645328.46;;"exercice de 21 mois; EBITDA dans la bande sans personnel déclaré"
0800902967;YAM COMPANY;2025-12-31;m87-f;3186.61;8607.43;;"630 absent; variation N/N-1 extrême"
0800907323;MILTEX;2024-12-31;m87-a;-18940.17;2535.55;;630 absent
0800926327;PARALLELIUM;2025-12-31;m87-f;27290.68;45150.84;;"630 absent; variation N/N-1 extrême"
0800955031;LM & MANAGEMENT;2024-12-31;m87-f;18437;42468;;630 absent
0800988089;COEO.TECH;2023-12-31;m87-f;98864.84;113431.61;;"630 absent; exercice ancien (2023-12-31); exercice de 8 mois"
0800993138;OTECH;2024-12-31;m87-a;41474.9;46211.22;;"630 absent; variation N/N-1 extrême"
0801053615;PRO RACE COMPOSITES;2025-12-31;m87-f;633.16;63581.56;;630 absent
0801081032;OVS NAV;2025-03-31;m87-f;93863.48;169403.33;;630 absent
0801091623;RG TRANS;2025-12-31;m87-f;1100.04;9107.1;;630 absent
0801104687;Nuoceans;2025-09-30;m87-f;-24447.96;138821.63;;variation N/N-1 extrême
0801105479;ALIVI;2025-12-31;m87-f;186963.56;366999.26;;"630 absent; variation N/N-1 extrême"
0801112607;THE PAX COMPANY;2025-09-30;m87-f;54859.24;89571.05;;variation N/N-1 extrême
0801143487;AIRFLOW;2025-12-31;m87-f;45684.58;116843.48;1;variation N/N-1 extrême
0801174864;Umicore Battery Materials;2025-12-31;m02-f;-1209586.71;1820872242.06;;"630 absent; variation N/N-1 extrême"
0801189613;ALEXANDRE MIECRET;2025-12-31;m87-f;-1454.08;690.4;0.2;630 absent
0801222077;FOOD BUSTER;2025-06-30;m87-f;-10234.31;7416.41;;630 absent
0801250682;ThermoNam's;2024-12-31;m87-f;10428.93;13942.71;;"630 absent; exercice de 20 mois"
0801264639;WASEIGE FACILITY SERVICES;2023-12-31;m87-f;5217.41;26415.91;;"exercice ancien (2023-12-31); exercice de 8 mois"
0801305518;ARPA GROUP;2024-12-31;m87-f;281.81;6367.47;;630 absent
0801306013;BI-OLIVIA;2024-12-31;m07-f;;400;;"9901 absent; 630 absent"
0801306310;BH.DETAILING;2023-12-31;m87-f;494;3818;;"630 absent; exercice ancien (2023-12-31); exercice de 8 mois"
0801344813;ORTAL;2025-12-31;m87-f;34791.39;107708.08;;variation N/N-1 extrême
0801371834;TTA SYSTEME;2024-12-31;m87-f;33623.25;205356.15;0.8;exercice de 20 mois
0801387670;L’EAU CLAIRE;2025-12-31;m07-f;-900;546;;630 absent
0801394501;DARIC RENOV;2024-12-31;m87-f;57461.54;70692.52;;variation N/N-1 extrême
0801447751;BIO TRANSPORT;2024-12-31;m07-f;43475.66;227284.59;;variation N/N-1 extrême
0801452602;MB Groupe;2023-12-31;m87-f;47387.45;97728.75;;"exercice ancien (2023-12-31); exercice de 8 mois"
0801453986;SOLENA;2025-12-31;m87-f;72619.46;159302.79;2.2;variation N/N-1 extrême
0801468933;SHIRAVAN.GROUP;2025-12-31;m87-f;10545.53;58227.18;;variation N/N-1 extrême
0801510208;LILLAS;2024-12-31;m87-f;20873.4;198303.63;1.4;exercice de 20 mois
0801534457;VDSW;2025-12-31;m87-a;36767.1;77387.92;;variation N/N-1 extrême
0801551877;KEULENEER CONSTRUCTION &  RENOVATION;2025-12-31;m87-f;-12491.45;14865.79;;"630 absent; variation N/N-1 extrême"
0801567616;SJC3D PIPING & CONSTRUCT;2025-12-31;m81-f;200353.49;334690.08;4.5;variation N/N-1 extrême
0801580779;PREPACK PARTNERS;2025-12-31;m87-f;115720.38;405008.49;18.9;630 absent
0801600674;EnviroBelgium;2025-12-31;m01-f;-3247.64;3121516.95;;630 absent
0801623836;ENSEO BELGIUM;2025-09-30;m87-f;163677.38;353182.64;2.8;variation N/N-1 extrême
0801720242;Eric 24;2025-12-31;m87-f;-22020.04;1843378.53;;variation N/N-1 extrême
0801736969;PERFORMANCE;2025-12-31;m87-a;387;10121;;630 absent
0801769138;NEXT STEP TRANS;2025-12-31;m87-f;3703.4;7565.42;;630 absent
0801827239;M.H.Z.R;2024-12-31;m87-f;-2527.36;38557.06;;variation N/N-1 extrême
0801841590;ASRENERGY;2025-12-31;m87-f;38795.72;59147.65;;"630 absent; variation N/N-1 extrême"
0801850696;HS ATELIER;2025-12-31;m87-f;4712.71;37200.28;;630 absent
0801874947;ANCKER GROUP;2023-12-31;m87-f;24440.87;32169.83;;"exercice ancien (2023-12-31); exercice de 7 mois"
0801900285;A.A TRANSPORT;2024-12-31;m87-f;21804.8;89822.03;;exercice de 18 mois
0801942550;ELA SERVICES;2024-12-31;m07-f;47470;445581;;exercice de 19 mois
0801949577;Daphné Meeus;2025-12-31;m87-f;19441.99;17042.81;;"EBITDA > total du bilan; variation N/N-1 extrême"
0801951953;HAPPY PACK !;2025-12-31;m81-f;25145.6;72494.37;0;630 absent
0801954329;SGR OPTIK;2024-12-31;m07-f;12874.79;25833.44;1;exercice de 19 mois
0801955121;COP CHAUFFAGE CLIM;2025-12-31;m87-f;20556.47;62818.12;;variation N/N-1 extrême
0802049052;DWFOZ;2025-12-31;m87-f;-13127;22343;;630 absent
0802112497;BGWA CONSTRUCT;2025-06-30;m07-f;23890;110333;;630 absent
0802120417;DONIATRANS;2024-12-31;m87-f;-1803.5;;;"630 absent; exercice de 19 mois"
0802127939;GRENIER D’AFRIQUE;2025-12-31;m87-f;2801;40423;;630 absent
0802143181;ServiCom Sales & Services;2024-12-31;m81-f;5799.01;34143.51;;exercice de 19 mois
0802159712;ABIID;2025-12-31;m87-f;15710.6;114440.2;5;630 absent
0802171093;CARL SCHMIT TRANSPORT;2024-12-31;m87-f;98799.11;413601.17;;exercice de 21 mois
0802229293;NJ Anthea;2025-12-31;m87-f;-3207.34;223.15;;variation N/N-1 extrême
0802266016;ACLV GROUPE;2025-06-30;m87-f;7009.61;20105.13;;variation N/N-1 extrême
0802273439;Solarbuild 7;2025-12-31;m81-f;356937;14126607;;"EBITDA dans la bande sans personnel déclaré; variation N/N-1 extrême"
0802273637;EnergyCenter;2025-12-31;m81-f;9063;12774597;;630 absent
0802311447;KADIRI BROCANTE;2024-12-31;m87-f;-2092.74;379.06;;"630 absent; exercice de 21 mois"
0802322434;OMC;2025-12-31;m87-f;-3365.7;495.98;;630 absent
0802323820;BENKAN LOGISTICS;2024-12-31;m87-f;6555.93;129225.83;6.5;630 absent
0802366776;LAZAR INVEST;2025-12-31;m87-f;102553.19;180360.09;;"630 absent; variation N/N-1 extrême"
0802411813;FM TECHNICS;2024-12-31;m87-f;176924.22;292543.31;;exercice de 18 mois
0802454769;AC LOGISTICS;2025-12-31;m81-f;36368.73;37044.67;;630 absent
0802470607;Circeaulair I;2025-12-31;m81-f;-511.68;9877.72;;630 absent
0802528015;UTILL;2025-12-31;m81-f;77591.16;316574.55;2.4;variation N/N-1 extrême
0802540287;MON SOURIRE;2024-12-31;m87-f;39379.49;44716.42;;exercice de 19 mois
0802542069;Pegase Cars;2024-12-31;m87-f;-299.36;2738.93;;630 absent
0802573842;ALPHEX IMMO;2025-12-31;m87-f;30904.02;358987.94;;variation N/N-1 extrême
0802600764;PRO TECH WINDOWS;2024-12-31;m87-f;26465.38;151676.63;;exercice de 19 mois
0802668169;BECEDRE;2025-12-31;m07-f;10213.59;20790.35;;630 absent
0802711127;Carboline Europe;2025-05-31;m81-f;212936.89;2555578.79;;variation N/N-1 extrême
0802718451;LA SIGNATURE CONSULTING;2025-06-30;m87-f;16463.75;40261.57;;variation N/N-1 extrême
0802748541;RepriseTextile;2025-12-31;m08-f;60986.62;199144.2;2.9;"630 absent; variation N/N-1 extrême"
0802769228;Nouveaux mangeurs;2024-12-31;m87-f;3447.82;49719.97;0.3;exercice de 19 mois
0802778037;LOGISTOCK HEALTHCARE;2024-12-31;m07-f;35418.51;231886.12;6.4;exercice de 19 mois
0802836138;Brasserie Delsart Frères;2025-12-31;m87-f;-9545.38;583169.34;;"630 absent; variation N/N-1 extrême"
0802846432;LABORATOIRE DENTAIRE GENVA YVAN;2024-12-31;m87-f;254.46;8177.72;;630 absent
0802880480;ZM COMPANY;2024-12-31;m87-f;;1923.29;;"9901 absent; 630 absent; exercice de 18 mois"
0802894932;réplique;2025-12-31;m87-f;-43.16;12790.02;;630 absent
0802914035;Signs & Design;2025-12-31;m87-f;57716.02;541629.63;1.5;variation N/N-1 extrême
0802945808;STAROCK ENGINEERING;2025-12-31;m87-f;46292.32;98917.41;;630 absent
0802971245;MAOLIS;2025-12-31;m87-f;49181.76;105494.32;;variation N/N-1 extrême
0802993516;DURAMEN;2025-12-31;m87-f;10898.36;40558.69;;variation N/N-1 extrême
0803052706;OD CONSULTING;2025-12-31;m87-f;15797.65;43380.04;;variation N/N-1 extrême
0803102392;ERKA IMPORT EXPORT LOGISTICS;2024-12-31;m87-f;-17327;162113;;630 absent
0803124168;HS HYOSUNG Energy Solution;2025-12-31;m82-f;-5492.1;;;630 absent
0803151288;Ittair;2025-12-31;m87-f;-11197.18;1383408.49;;630 absent
0803236709;MB GESTION;2025-06-30;m87-f;333400.11;3923188.26;;"EBITDA dans la bande sans personnel déclaré; variation N/N-1 extrême"
0803251852;CrysBowties;2025-12-31;m87-f;-828.91;3119.41;;630 absent
0803319059;RICH SALE EUROPE;2025-12-31;m01-f;16629;1523717;;exercice de 15 mois
0803363797;DISTRINOX BELUX;2024-12-31;m81-f;127981.41;2039626.3;39.5;exercice de 18 mois
0803373103;G.F.B.M.;2024-12-31;m87-f;24085.78;27017.33;;variation N/N-1 extrême
0803375873;C.S.D. BELUX;2024-12-31;m81-f;-119740.48;932026.29;12.6;"630 absent; exercice de 18 mois"
0803379041;ADELY;2025-12-31;m07-f;-232592.34;185392.48;;variation N/N-1 extrême
0803410022;EFFICIENCY SUBCONTRACTING;2024-12-31;m87-f;87858.29;161989.94;;"630 absent; exercice de 19 mois"
0803432984;Karno Operations;2025-12-31;m81-f;-2056.9;14015.37;;630 absent
0803464658;TSHOULY CONCEPT B-LL;2023-12-31;m81-f;-27583.86;92367.18;0;"exercice ancien (2023-12-31); exercice de 6 mois"
0803520185;ELK PARTNERS;2024-12-31;m87-f;101251.1;120900.33;;exercice de 18 mois
0803540773;B. K. Defosso;2025-12-31;m87-f;-2865.44;981.69;;"630 absent; variation N/N-1 extrême"
0803543545;HSH WORLD LOGISTICS;2025-12-31;m87-a;-399962.24;4577928.66;;variation N/N-1 extrême
0803572546;PROJECT DECOR;2025-12-31;m87-f;40428.29;95410.72;;630 absent
0803586701;Simpl’IT;2024-12-31;m87-f;-906.67;7429.12;;exercice de 18 mois
0803624511;Elsa C&C;2025-12-31;m87-f;21360.54;48020.01;;variation N/N-1 extrême
0803629360;JOSELITO;2025-12-31;m87-f;14715.73;26692.84;;630 absent
0803664301;OPANDA;2025-12-31;m87-f;-995.63;5938.3;;630 absent
0803684788;HAPPY DIAB;2024-12-31;m87-f;-3310.87;29575.73;;exercice de 18 mois
0803687362;ABASSI;2025-12-31;m87-f;1543.74;23105.94;;630 absent
0803738337;ADWAMO SERVICES;2025-12-31;m87-f;-408;468.02;;630 absent
0803746453;LORY COMPANY;2024-12-31;m87-f;-2636.16;11343.22;;"630 absent; exercice de 18 mois"
0803752193;FRAGENERGY;2024-12-31;m87-f;163514.72;367922.91;;variation N/N-1 extrême
0803820786;FORERUNNER FILMS;2025-12-31;m07-f;-408.29;2203.48;;630 absent
0803848995;MCC CONSULTING TRUCKS AND CARS;2024-12-31;m87-f;-1030.83;16703.91;;exercice de 18 mois
0803849589;SPEED INTERNATIONAL;2025-12-31;m87-f;1166;75134;5.8;630 absent
0803881362;CHIK PROF CONSTRUCT;2025-12-31;m87-f;28783;51113;0.1;variation N/N-1 extrême
0803895418;LM-SECURITE;2025-12-31;m87-f;5352.15;19991.45;;630 absent
0803900663;S.B.D. TRANS SERVICES;2024-12-31;m87-f;36062.03;196926.12;4.3;exercice de 18 mois
0803909571;LORI;2024-12-31;m87-f;8389.83;17272.23;;exercice de 18 mois
0803947084;DSN CONCEPT;2023-12-31;m87-f;966.51;6018.22;;"exercice ancien (2023-12-31); exercice de 6 mois"
0803997960;HP AUTOMOTIVE;2024-12-31;m87-f;31041.68;299882.9;;variation N/N-1 extrême
0804124456;Jardins Projets;2025-12-31;m87-f;19093.85;38554.11;;630 absent
0804182557;LITERIE DE  LA LYS;2025-12-31;m07-f;4725.2;53767.18;;630 absent
0804182755;ODETTE LA CULOTTEE;2025-12-31;m87-f;8579.32;37187.4;;630 absent
0804202452;LOBTICIENNE;2025-12-31;m87-f;54380.41;296420.25;;variation N/N-1 extrême
0804267976;Electra Lion AssetCo;2025-12-31;m82-f;4315670.5;74572061.62;;"EBITDA dans la bande sans personnel déclaré; variation N/N-1 extrême"
0804310538;WIS-CARS;2024-12-31;m81-f;8422.56;21137.52;;exercice de 17 mois
0804338747;EURO STAR GROUP;2024-12-31;m87-f;18330.44;33144.27;;variation N/N-1 extrême
0804368243;Terremoi;2025-12-31;m87-f;2455;8739;;variation N/N-1 extrême
0804405657;B-OFF;2025-12-31;m87-f;-1238.27;17078.25;0.5;630 absent
0804430502;BETSALEEL IMPORT-EXPORT;2024-12-31;m87-f;60447.74;87275.66;;variation N/N-1 extrême
0804473062;HR TRANSPORT;2024-12-31;m87-f;82497.68;229803.69;;"630 absent; exercice de 17 mois"
0804494838;AJC TRANSPORTS;2025-12-31;m07-f;1731.15;44246.99;4.8;630 absent
0804502459;BRION PC;2024-12-31;m87-f;5118.27;51357.9;;exercice de 17 mois
0804507112;CASE DEPART DISTRIBUTION;2024-12-31;m87-f;126193.84;89147.88;;"exercice de 17 mois; EBITDA > total du bilan"
0804532945;EXTRACELL BIOTECHNOLOGIES;2025-12-31;m87-f;-1852;485;;630 absent
0804559075;ELB-HAIR;2025-12-31;m87-f;-205.44;15158.53;;630 absent
0804559669;Garage du Zoning Rochefort;2024-12-31;m87-f;319876.72;900874.63;5.6;exercice de 17 mois
0804624007;MOLSEV;2025-12-31;m87-f;-13701.28;37094.41;;variation N/N-1 extrême
0804655184;OM SUCCESS;2024-12-31;m87-f;-69154.05;0.78;0.2;"630 absent; exercice de 17 mois"
0804657659;KAZ DEMENAGEMENT;2023-12-31;m87-f;-101;;;"exercice ancien (2023-12-31); exercice de 5 mois"
0804681811;IEM CAR;2024-12-31;m87-f;6799.34;26416.76;;exercice de 17 mois
0804684482;Miam Family;2025-12-31;m81-f;279563.45;606548.87;50;variation N/N-1 extrême
0804700716;SHERGIL;2025-12-31;m87-f;-7576.12;87354.12;2.7;630 absent
0804714869;MOODEX;2025-07-31;m87-f;-9047.25;7004.5;;630 absent
0804726351;SFINANCE;2024-12-31;m87-f;30512;80450;;exercice de 18 mois
0804729519;AL-HAADI AUTOMOTIVE;2025-12-31;m87-f;20161;37894;;630 absent
0804789204;F & F Elec;2025-06-30;m01-f;23613.2;192828.15;;exercice de 23 mois
0804835922;DOCAJ COMPANY;2025-06-30;m87-a;804.19;7809.21;;630 absent
0804847996;BLANC-BLANC;2023-12-31;m87-f;75.18;52383.66;0.1;"exercice ancien (2023-12-31); exercice de 5 mois"
0804854233;MAISON D'ALIA;2025-12-31;m87-f;-24394.75;11539.52;;630 absent
0804860270;Pépite Concept;2025-12-31;m87-f;49119.13;207828.55;2.9;variation N/N-1 extrême
0804878977;Hiab Belgium;2025-12-31;m02-f;1301009.66;18028723.02;9.3;630 absent
0804895211;LTTBCut;2025-12-31;m81-f;254813.7;818146.37;;variation N/N-1 extrême
0804898773;ALINELAB;2025-06-30;m87-f;47368.55;51302.96;;exercice de 22 mois
0804952421;POSTALIA BELGIUM LOGISTICS;2025-12-31;m81-f;27177.16;49674.5;1;630 absent
0804963210;Motortech;2024-12-31;m87-f;-51731.43;42317.16;;exercice de 17 mois
0804966772;BULLIE ESTATE;2025-12-31;m82-f;-726.8;965452.96;;630 absent
0805031308;CHASSEUR DE BAMBOUS;2024-06-30;m87-f;3199.77;135446.83;1.5;exercice de 10 mois
0805034375;CVC AUTOMATION;2024-12-31;m87-f;92285;183855;;variation N/N-1 extrême
0805071789;TINTO GROUP;2025-12-31;m87-f;-1837.86;8692.23;;630 absent
0805082479;SOCIETE TRANSPORT BASSIN CAROLO;2023-12-31;m81-a;2750.97;6426.99;;"630 absent; exercice ancien (2023-12-31); exercice de 4 mois"
0805099604;TYRES COLLECT;2024-12-31;m87-f;-25151.05;15483.83;;exercice de 16 mois
0805131771;Tonomia Technologies;2025-12-31;m87-f;-148574.39;729005.76;0.7;"630 absent; variation N/N-1 extrême"
0805147510;ELLNET MULTISERVICES;2025-12-31;m87-f;10374.83;19271.92;;630 absent
0805162158;OncoRNA;2025-12-31;m07-f;-15140.7;20034.29;;630 absent
0805173838;GDR CONCEPT;2025-12-31;m87-f;-242;14724;;630 absent
0805183142;JEYMA;2024-12-31;m81-f;-14311.73;55260.67;;exercice de 16 mois
0805200265;LED Stocks;2025-12-31;m87-f;-1461.12;48431.67;;630 absent
0805232434;BVI.EU GREEN PARK LOMMERICH;2025-12-31;m01-f;-41116.16;1424500.79;;630 absent
0805237481;GIRAPH INVEST;2025-12-31;m81-f;-25936.63;1696520.96;;630 absent
0805311519;AGRI - MARVIE;2025-06-30;m87-f;258837.76;776631.75;;variation N/N-1 extrême
0805371697;SIB-BEL;2024-12-31;m87-f;37459.17;59365.75;;exercice de 16 mois
0805391196;LANGSBERG GROUP;2024-12-31;m87-f;-19958.98;41888.16;1;"630 absent; exercice de 16 mois"
0805422771;INDUSTRY CLOTHING;2024-12-31;m01-f;-1144.69;86891.47;1.5;"630 absent; exercice de 16 mois"
0805427820;TCHABALY Logistics;2024-12-31;m87-f;2846;17305;;variation N/N-1 extrême
0805510665;Nati a Palermo;2025-12-31;m87-f;5410.53;22507.27;;variation N/N-1 extrême
0805530362;BENGALI EXPRESS;2024-12-31;m87-f;54819.29;85846.5;;"630 absent; exercice de 16 mois"
0805591829;SUCRAFOR TRANS;2025-09-30;m87-f;-411.17;201.11;;630 absent
0805608952;TNLink;2025-12-31;m87-f;43946.06;143508.91;;630 absent
0805647653;DELHER;2025-12-31;m01-f;101682.02;777416.06;9.2;variation N/N-1 extrême
0805681505;BRASSERIE DE DURBUY;2025-12-31;m87-f;-30017.34;492985.37;;variation N/N-1 extrême
0805690512;LUXOO;2025-12-31;m87-f;-5884.58;14064.51;;630 absent
0805693381;Imagine Microelectronics;2025-12-31;m81-f;-81076;279225;;variation N/N-1 extrême
0805716147;MAN PARTNERS;2025-12-31;m87-f;15134.52;54013.39;;630 absent
0805734260;B2Destock;2024-12-31;m87-f;9404.78;735701.56;;exercice de 16 mois
0805782463;CHKA-CHKA;2024-12-31;m87-f;49375.18;89817.6;;exercice de 16 mois
0805837002;JTM Services;2025-12-31;m01-f;700974.49;3303325.3;26;variation N/N-1 extrême
0805974087;M29M;2025-12-31;m87-f;2177.11;8403.62;;630 absent
0806230346;KONTRA TRANSPORT;2023-12-31;m07-f;-49341.35;224527.44;;"630 absent; exercice ancien (2023-12-31); variation N/N-1 extrême"
0806302008;GSF Event;2024-12-31;m81-f;579493.07;2067674.38;8.1;exercice de 15 mois
0806366146;FABELNYL;2025-12-31;m07-f;-3751.18;10081.99;;630 absent
0806368522;FAMENNE PLASTIC;2025-12-31;m07-f;-8852.3;31081.88;2;630 absent
0806370601;GAZONOR BENELUX;2024-06-30;m01-f;6369267.53;13180327.48;;"EBITDA dans la bande sans personnel déclaré; dépôt plus récent inexploitable (2025-00588977:404 [m01-f-p/Initial])"
0806431769;MOD BOX;2025-12-31;m87-f;220896.88;349849.87;;variation N/N-1 extrême
0806482348;ISO PERFECT CLEAN;2023-12-31;m07-f;14853;30296;;"630 absent; exercice ancien (2023-12-31)"
0806513626;CALIFORNIA POPPY;2025-12-31;m87-f;38.86;2159.14;;630 absent
0806560740;PACHANCA;2025-12-31;m87-f;-541.96;19703.94;;630 absent
0806565589;MAQUET and CO;2025-12-31;m87-f;21216;91775;;variation N/N-1 extrême
0806778001;GTOF;2024-12-31;m07-f;145307.46;527768;;variation N/N-1 extrême
0806779286;Mister Cook;2025-12-31;m01-f;-1765.16;1260106.79;;630 absent
0807006940;LASERYS;2025-12-31;m01-f;-105237.5;2451616.5;14.1;variation N/N-1 extrême
0807092359;WILLY, RAOUL & FILS;2024-12-31;m87-f;-2250.74;23725.09;;630 absent
0807114135;MARTINS CORPORATE;2024-12-31;m87-f;1245.77;68325.81;;630 absent
0807388111;ABL LIMOUSINES;2025-12-31;m87-f;-3406.78;454863.9;;630 absent
0807449378;LOU & COO;2025-12-31;m87-f;-1901.9;4280.38;;630 absent
0807489564;REPI;2025-12-31;m87-f;49506.49;172218.22;2;variation N/N-1 extrême
0807524802;AZZA & 4T;2025-12-31;m87-f;20896.59;18988.72;;EBITDA > total du bilan
0807527275;EGY XPRESS;2025-12-31;m07-f;-11468.96;15945.5;;"630 absent; variation N/N-1 extrême"
0807730975;BENKAMS DC;2025-12-31;m87-f;5022.1;65247.42;;variation N/N-1 extrême
0807747407;ETS DANIEL PESTIAUX;2025-12-31;m07-f;-21571.45;17598.15;;variation N/N-1 extrême
0807764926;CONSULTING,RESEARCH & DEVELOPMENT;2023-12-31;m01-f;-25216.26;43849.66;;"630 absent; exercice ancien (2023-12-31); variation N/N-1 extrême"
0807797687;VIDAGRI;2025-06-30;m87-f;514590.77;1847653.19;;EBITDA dans la bande sans personnel déclaré
0807849355;MULTI MARKET CORP.;2025-12-31;m87-f;1840.02;16366.31;;variation N/N-1 extrême
0807938536;RENOV INVEST SPRL;2025-09-30;m87-f;25594.9;51824.19;;variation N/N-1 extrême
0807982680;DISTILLERIE DES ARDENNES;2025-12-31;m87-f;60354.76;88993.1;;630 absent
0807992677;VIDITIS;2025-12-31;m87-f;33252.48;310040.47;;630 absent
0808026034;BEJIKA CARS;2025-12-31;m87-f;7797.72;51453.64;;variation N/N-1 extrême
0808150649;LabOmics;2025-12-31;m07-f;47258.02;215616.99;1.7;630 absent
0808306344;HAMA TRANS;2024-12-31;m87-f;8061.34;31761.06;;variation N/N-1 extrême
0808327427;SAFARI TRANS;2025-12-31;m87-f;5933.01;33533.64;0.9;630 absent
0808759571;Das Holzatelier - L'atelier du bois;2025-06-30;m87-f;13521.88;195938.12;;630 absent
0808806091;LNG CONSULT;2025-06-30;m87-f;1508610;5839373;;EBITDA dans la bande sans personnel déclaré
0808955650;Jacklo Automation;2025-12-31;m87-f;-28351.24;81214.79;;630 absent
0808968518;SOLARTECH BELUX;2024-12-31;m87-f;92754;96891.91;;variation N/N-1 extrême
0809114612;NOVICOM;2025-12-31;m07-f;17930.8;78465.15;;630 absent
0809246452;MORNING DAVE;2023-12-31;m87-f;;8010.05;;"9901 absent; 630 absent; exercice ancien (2023-12-31)"
0809473314;HEGOA WIND;2025-03-31;m02-f;5370600.52;39974236.07;;EBITDA dans la bande sans personnel déclaré
0809510035;JAMSIN;2025-12-31;m87-f;8224.3;31838.14;;630 absent
0809538343;BEL UNIVERSAL TRADING;2024-12-31;m87-f;12849;474481.8;;630 absent
0809539432;Yves SOVET;2025-12-31;m81-f;45741.87;123526.41;;variation N/N-1 extrême
0809541016;GUAPA BRAVO;2025-06-30;m81-f;-2653.59;583.17;;630 absent
0809590902;E.L.T.;2025-12-31;m07-f;-29637.51;235863.95;;variation N/N-1 extrême
0809606441;Cd Concept Solar;2025-12-31;m87-f;56549.67;965374.8;;variation N/N-1 extrême
0809818455;ADAVALUE;2025-12-31;m87-f;-2369.48;627;;630 absent
0809848842;ENHA;2023-12-31;m87-f;-11250.62;76478.72;;exercice ancien (2023-12-31)
0809950988;S.D. VANDORMAEL;2025-12-31;m87-f;1922.04;20243.39;;"630 absent; variation N/N-1 extrême"
0809979395;Exeter III Bruges;2024-12-31;m82-f;524349.56;10869346.8;;EBITDA dans la bande sans personnel déclaré
0810009485;VANHEEDE WINDPOWER;2025-12-31;m81-f;960641.8;5596416.87;;EBITDA dans la bande sans personnel déclaré
0810045119;SOFUZA;2025-12-31;m07-f;12297.61;23385.36;;variation N/N-1 extrême
0810248918;The Eye consult;2025-06-30;m87-f;10426.1;14879.37;;variation N/N-1 extrême
0810279404;ENERGYBEL;2025-09-30;m87-f;24306.12;109769.42;;variation N/N-1 extrême
0810287322;ENTREPRISE JEAN-MICHEL BOURGEOIS;2025-12-31;m07-f;-12791.54;54475.02;;630 absent
0810309294;KVNRG;2025-12-31;m01-f;1138221.33;3596850.73;;"630 absent; EBITDA dans la bande sans personnel déclaré"
0810542589;OPTISOL;2025-12-31;m87-f;345915.07;1849312.1;;EBITDA dans la bande sans personnel déclaré
0810629097;ACTE CONSULT;2025-06-30;m81-f;12605.31;101703.44;;630 absent
0810704026;DEWI'S HOME;2025-12-31;m81-f;128374.85;498633.16;3.6;variation N/N-1 extrême
0810711548;BERNARD JULEMONT DESIGN;2025-12-31;m07-f;-11905.1;40506.14;;630 absent
0810904954;Medical Electronic Systems Europe;2025-12-31;m81-f;147485.4;776419.29;;variation N/N-1 extrême
0810977903;L&C UNI;2025-12-31;m07-f;7563.92;113813.03;;variation N/N-1 extrême
0811090541;HAVACOM SOLUTIONS;2025-12-31;m07-f;-9168.51;24692.29;;630 absent
0811115285;XAU  International;2025-09-30;m87-f;-15532.79;39712.09;;"630 absent; variation N/N-1 extrême"
0811145375;COIFF-MASS;2025-12-31;m87-f;-3763.97;5662.12;;630 absent
0811163290;J.M. TAXI;2025-12-31;m07-f;29543.98;36481.36;;630 absent
0811297310;DIA FOR YOU;2024-12-31;m87-f;;0.63;;"9901 absent; 630 absent"
0811325816;JJF-TRANS;2023-12-31;m81-f;54356.83;87002.57;;"exercice ancien (2023-12-31); variation N/N-1 extrême"
0811452609;Alain BAUWENS;2025-12-31;m81-f;11598.19;263505.24;;630 absent
0811515262;Rudy BAUWENS;2025-12-31;m81-f;10854.24;262055.57;;630 absent
0811674026;JAREK & FILS;2025-12-31;m87-f;-560;14193.77;;630 absent
0811706589;WANDELAAR INVEST;2025-12-31;m02-f;10818452.04;17382889.49;;EBITDA dans la bande sans personnel déclaré
0812358172;ZIFRASAM & CO;2025-12-31;m87-f;-49887.5;100812.88;1.4;variation N/N-1 extrême
0812741917;JD GROUPE;2025-12-31;m87-f;9202.27;19574.06;;variation N/N-1 extrême
0812744984;SPIDAM;2025-12-31;m87-f;58060.55;77057.71;;variation N/N-1 extrême
0814790397;MFCM;2025-12-31;m87-f;10488.53;22481.64;;"630 absent; variation N/N-1 extrême"
0815865614;ALASSIL;2024-12-31;m87-f;-2212.12;147332.79;;630 absent
0815870661;TECSIMA;2025-12-31;m87-f;376635.93;2697696.33;;EBITDA dans la bande sans personnel déclaré
0816582820;Chauffage JM Leroy;2025-12-31;m87-f;7839.32;5977.97;;"EBITDA > total du bilan; variation N/N-1 extrême"
0816886983;HAL CONSTRUCT;2024-12-31;m81-f;-47326;393819;;630 absent
0817149675;NYXOAH;2025-12-31;m02-f;-81991155.27;112003934.98;43.1;dépôt plus récent inexploitable (2026-00306909:404 [m120-f-p/Initial])
0817203422;GREENSKY;2025-12-31;m02-f;7621481.42;31279851.72;;EBITDA dans la bande sans personnel déclaré
0817223812;AXON;2025-12-31;m01-f;367099.72;12748189.13;0;EBITDA dans la bande sans personnel déclaré
0817633784;GODART Services;2025-09-30;m81-f;769405.86;4088144.44;;EBITDA dans la bande sans personnel déclaré
0817914292;D.E.S. TRANS;2024-06-30;m87-f;-18696.55;275220.45;;630 absent
0818076422;Romeo Property 3 (Energy);2025-12-31;m01-f;448651.19;2789525.51;;EBITDA dans la bande sans personnel déclaré
0818371479;SND;2025-12-31;m87-f;-7092.05;7035.27;;variation N/N-1 extrême
0818482139;REDCO;2025-12-31;m87-f;11435.33;33672.15;;variation N/N-1 extrême
0818704546;ANTONIADIS E. & BELMIRA R.;2023-12-31;m07-f;-8544.63;426992.72;;"630 absent; exercice ancien (2023-12-31)"
0818817283;MAS A.G.;2025-12-31;m01-f;3469957.68;34677013.93;;"630 absent; EBITDA dans la bande sans personnel déclaré"
0818941702;SANISTAR;2025-12-31;m87-f;3870.79;87422.12;1;630 absent
0819171730;MAIL SERVICES;2025-12-31;m87-f;0;10075;;630 absent
0819185190;SYNERGIES;2025-12-31;m87-f;-1994.08;2370.99;;630 absent
0819306045;PROXI VILLAGE N°1;2025-12-31;m07-f;-4541.19;574998.54;;630 absent
0819485890;AUTOMATIC SOLUTIONS INVEST;2024-12-31;m87-f;-17415.67;26441.88;;variation N/N-1 extrême
0820021271;LA  NORDEUROPEENNE IMMOBILIERE;2025-12-31;m81-f;-66043.1;12323495.97;0.6;630 absent
0820113818;HYDROSCAPH;2025-12-31;m87-f;68984.23;432453.59;;variation N/N-1 extrême
0820160833;SVK Company;2025-12-31;m87-f;6894.98;31039.09;;630 absent
0820440747;LITHO TREND;2025-12-31;m87-f;;428634;;"9901 absent; 630 absent"
0820441935;Green Energy Solutions Invest;2025-12-31;m81-f;1033085.5;11649713.55;;EBITDA dans la bande sans personnel déclaré
0820606538;TAXIS SLAW;2025-12-31;m87-f;22055;107185;4.2;variation N/N-1 extrême
0820713634;ILLICO PARKING;2025-12-31;m87-f;144508.26;3310197.56;;630 absent
0820752038;Q-CLEAN;2024-12-31;m82-f;5096.33;866556.6;10.2;dépôt plus récent inexploitable (2026-00276861:404 [m82-f-p/Initial])
0820763124;NIHAT & IHSAN ELECTRO STRATEGY;2026-03-31;m87-f;13516;41345;;"630 absent; variation N/N-1 extrême"
0821097080;A&CC;2024-12-31;m07-f;761899.12;3256586.67;;EBITDA dans la bande sans personnel déclaré
0821199624;GLOBAL SAFE;2025-12-31;m81-f;33041.69;90742.85;0.9;variation N/N-1 extrême
0821304146;ZM Express;2025-12-31;m07-f;63062.13;88268.83;;"630 absent; variation N/N-1 extrême"
0821385706;LAITERIE DES ARDENNES;2025-12-31;m82-f;-5211817;197974521;19.5;dépôt plus récent inexploitable (2026-00349598:404 [m120-f-p/Initial])
0821440936;BIOSPACE;2025-12-31;m81-f;985233.14;4053530.11;;EBITDA dans la bande sans personnel déclaré
0821462316;AS CAR & CO;2025-12-31;m87-f;-379.42;6769.37;;630 absent
0821656415;Raphaël LEJEUNE;2025-12-31;m87-f;35725.35;564630.92;;variation N/N-1 extrême
0821740646;MOBIPRESSE;2024-12-31;m87-f;-10191.99;108485.47;;"630 absent; variation N/N-1 extrême"
0821754504;LES MOULINS DU HAUT-PAYS;2025-12-31;m07-f;636688.23;2673171.75;;EBITDA dans la bande sans personnel déclaré
0821880010;TREMELO;2025-12-31;m87-f;78200.9;111691.63;;630 absent
0821889215;Cap and Go;2025-12-31;m01-f;-397718.32;1591076.78;8.6;variation N/N-1 extrême
0821958501;BELGIUM LOGISTIC AND PARCELS COMPANY;2025-06-30;m81-f;4806;610872;;630 absent
0822107860;G.N.J.;2025-12-31;m87-f;31089.37;180889.14;;variation N/N-1 extrême
0822111424;METAL COLOR SERIE;2025-12-31;m87-f;;29825;;"9901 absent; 630 absent"
0822213174;PHY3D CONSULTING;2025-12-31;m07-f;192;431;;630 absent
0822360555;FAB-SERVICES;2025-12-31;m07-f;6538.36;10888.49;;630 absent
0822471908;ONE DAY DRIVER;2025-12-31;m87-f;8313.24;28287.5;2.6;variation N/N-1 extrême
0822646706;BOULANGERIE BACKX;2025-12-31;m87-f;-12453.55;41925.39;1.7;630 absent
0822687682;Dumotec;2026-03-31;m87-f;25061.47;180047.66;1.8;variation N/N-1 extrême
0822760730;KINEACU-MED;2023-12-31;m87-f;98307.17;766569.69;;exercice ancien (2023-12-31)
0822810319;EUROSTAR INTERNATIONAL;2025-12-31;m82-f;195997.11;1716302.12;;630 absent
0822932459;FOREST WINGS;2025-12-31;m81-f;-329106;2345856.32;;variation N/N-1 extrême
0822966806;LINEAS GROUP;2025-12-31;m02-f;127955.89;263011451.06;;dépôt plus récent inexploitable (2026-00177537:404 [m120-f-p/Initial])
0823006891;TRAINANCE;2025-06-30;m81-f;395629.49;853612.07;;"630 absent; EBITDA dans la bande sans personnel déclaré; variation N/N-1 extrême"
0823023224;MT Design;2024-12-31;m87-f;-809439.87;402442.83;;variation N/N-1 extrême
0823552764;SHARM'ELLES;2025-12-31;m87-f;-28237.09;3570.3;;630 absent
0823600373;EUROPEAN RORO LINES;2025-12-31;m01-f;1359841.78;3083310;;"630 absent; EBITDA dans la bande sans personnel déclaré"
0823624624;ARCHI MUTATION;2025-12-31;m87-f;8352.86;1609.33;;EBITDA > total du bilan
0823771807;AE VALVES;2025-09-30;m82-f;-5010999;28696806;94.6;variation N/N-1 extrême
0823789326;TABNRG;2025-12-31;m81-f;4006308.45;19149031.4;;EBITDA dans la bande sans personnel déclaré
0823841289;NATUREM SOLUTIONS;2025-12-31;m87-f;24352.6;147685.4;;630 absent
0823842873;LA CHAPELIERE;2023-12-31;m87-f;1873.63;78265.68;;exercice ancien (2023-12-31)
0824255619;ARKAM;2025-12-31;m87-f;39294.36;4821.18;;"630 absent; EBITDA > total du bilan"
0824263240;SAYRI;2025-12-31;m87-f;-4768.61;13721.55;;630 absent
0824315995;RAYANMED;2025-12-31;m87-f;-10436.05;44687.76;;630 absent
0824333219;XINYUAN;2025-12-31;m87-f;-55324;299122;;630 absent
0824336781;MA-DO;2024-12-31;m87-f;26811.33;92523.36;;variation N/N-1 extrême
0824382214;STAR MOBIL BENELUX;2025-09-30;m87-f;-1496;2729;;630 absent
0824566118;BREAD & TEA;2025-12-31;m87-f;-12508.73;3029.15;;630 absent
0824620061;HANART SEBASTIEN;2025-03-31;m87-f;95588.09;121438.04;;variation N/N-1 extrême
0824721714;Engineering Prototype Industrialized;2025-12-31;m81-f;717623.54;2438514.91;;EBITDA dans la bande sans personnel déclaré
0824819209;ATA EXPRESS;2025-12-31;m87-f;12891.75;62078.23;;"exercice de 9 mois; variation N/N-1 extrême"
0824911061;RAIL & TRACTION INTERNATIONAL;2025-12-31;m01-f;-2307.84;143412.2;;630 absent
0824965006;TOUCHE A TOUT EN TOUT;2025-12-31;m81-f;4927.44;15477.26;;630 absent
0825438821;COQARDENNE;2025-09-30;m01-f;-645865.05;3613847.46;1.7;"exercice de 18 mois; variation N/N-1 extrême"
0825550568;EVOLUSON;2024-12-31;m87-f;73501.06;421970.66;6.8;variation N/N-1 extrême
0825551954;YON;2025-12-31;m87-f;-18.61;9326.57;;630 absent
0825617082;iCreate;2024-12-31;m87-f;-692;2931;;"exercice de 18 mois; variation N/N-1 extrême"
0825656080;FAIR +;2025-12-31;m07-f;37369.38;84567.93;;variation N/N-1 extrême
0825824544;P&CO TRAVEL;2025-12-31;m81-f;158706.81;1358736.11;;variation N/N-1 extrême
0825835828;BSG VISION;2025-12-31;m87-f;70293.98;372643.78;3.1;variation N/N-1 extrême
0825889672;ALJUTHO;2025-12-31;m87-f;2824.11;17127.58;;variation N/N-1 extrême
0825960740;DCF CONCEPT;2025-09-30;m87-f;-9699.67;13500.92;;630 absent
0825978853;UNIK BIKES;2024-12-31;m87-f;-214.08;14446.44;;630 absent
0826069321;ANNE DUBUISSON;2025-06-30;m07-f;110899.41;199916.44;;630 absent
0826205418;CAPAST;2025-06-30;m07-f;-1070.52;49015.62;;630 absent
0826381503;FILTERRES;2025-12-31;m81-f;-587.7;303423.39;;630 absent
0826383679;JS Logistique;2025-12-31;m01-f;579913;3171899.69;;EBITDA dans la bande sans personnel déclaré
0826446532;KAP'S;2025-12-31;m07-f;-49792;35155;;variation N/N-1 extrême
0826448314;Unicco;2025-12-31;m01-f;68830.29;264431.73;;variation N/N-1 extrême
0826576986;SANGOUARD CONSULTING;2025-12-31;m87-f;159792.64;269459.21;;variation N/N-1 extrême
0826826614;EMSA IMMO;2025-12-31;m87-f;145969.61;258123.64;0.2;variation N/N-1 extrême
0826953902;PNDA;2025-12-31;m87-f;-9409.7;42957.19;;630 absent
0827475326;ALL TRADE KENTUCKY;2024-12-31;m87-f;-25833;185149;;630 absent
0827730692;MONUMENT GREEN ENERGY;2025-12-31;m01-f;645527.07;2281552.95;;EBITDA dans la bande sans personnel déclaré
0827783746;FLUXYS;2025-12-31;m02-f;-12488700;4794135535;49.8;dépôt plus récent inexploitable (2026-00129689:404 [m120-f-p/Initial], 2026-00130223:404 [m120-f-p/Initial])
0827798394;TAXI ECONOMIC;2025-12-31;m87-f;-15814.12;14599.07;2;variation N/N-1 extrême
0827888367;A-EASY-SERVICES;2025-12-31;m87-f;-1688.51;326.04;;630 absent
0827919546;VAL DE MAGNE;2025-12-31;m87-f;40841.28;532243.3;1;variation N/N-1 extrême
0827990317;AMPACIMON;2025-12-31;m02-f;-3273153.67;11058577.69;38.9;variation N/N-1 extrême
0828082862;BMT GROUP;2023-12-31;m07-f;-214451;295344;;"630 absent; exercice ancien (2023-12-31)"
0828149475;GREENSTEEL CONCEPT;2023-12-31;m87-f;30420.03;140080.45;0.3;exercice ancien (2023-12-31)
0828165808;ISP1-RG;2025-12-31;m02-f;3498482.92;6040840.68;;EBITDA dans la bande sans personnel déclaré
0828434636;CALERCO;2025-12-31;m87-f;9841.87;17457.14;;630 absent
0828708315;JABOIS;2023-09-30;m87-f;-1419.51;137298.83;;exercice ancien (2023-09-30)
0828830653;ABRACADABRIQUE;2025-12-31;m87-f;140311.37;2896592.83;;variation N/N-1 extrême
0828905976;Septon et Cie;2025-12-31;m87-f;8530;28659;;"630 absent; variation N/N-1 extrême"
0828910827;Société commerciale d' Importation, d' Exportation et de Transport de Médicaments;2024-12-31;m07-f;19228.51;230304.99;;"630 absent; variation N/N-1 extrême"
0828995553;Dape-Team;2025-12-31;m87-f;-13692.01;102443.47;;variation N/N-1 extrême
0829423046;SAMTAX 2010;2025-12-31;m87-f;-8766.89;47666.57;;630 absent
0829521135;CHAHID;2025-12-31;m07-f;1000.85;18030.94;;630 absent
0829537268;TRANSPORTS TERRASSEMENT DEMOLITION;2025-12-31;m81-f;2010.99;168242.45;;630 absent
0829546176;NEW LIME DEVELOPMENT;2025-12-31;m87-f;21185.7;13593.69;;EBITDA > total du bilan
0829611108;PSYTAX;2025-12-31;m87-f;7446.98;5918.54;;"EBITDA > total du bilan; variation N/N-1 extrême"
0829780263;C COMME COM;2025-03-31;m87-f;74030.4;473606.58;;variation N/N-1 extrême
0829801346;o MANNE CELESTE;2025-12-31;m81-f;315743.42;2446097.12;;EBITDA dans la bande sans personnel déclaré
0829846480;Binôme Graphique;2023-12-31;m07-f;-64722.6;248820.7;;exercice ancien (2023-12-31)
0829846579;AMPERIUM;2025-12-31;m87-f;7411.22;87634.64;;630 absent
0829892210;NARILISA;2024-12-31;m87-f;2359.18;5393.59;;630 absent
0829896663;Lazare Services;2023-12-31;m01-f;;929;;"9901 absent; 630 absent; exercice ancien (2023-12-31)"
0829931208;ZS TRANSPORT;2025-12-31;m07-f;21783.19;88261.81;;"630 absent; variation N/N-1 extrême"
0829957437;H & MO PARTNERS;2025-12-31;m87-f;-9204.54;48369.25;;variation N/N-1 extrême
0829998613;LONI;2025-12-31;m87-f;-5460.32;15165.61;;630 absent
0830218743;X-ONE SHIPPING;2024-12-31;m07-f;29288.65;63847.13;;630 absent
0830347615;ARMTRANS;2025-12-31;m07-f;12568.38;81019.25;;variation N/N-1 extrême
0830391759;Sébastien PFEIFFER, toitures;2025-12-31;m87-f;79571.43;96224.98;;variation N/N-1 extrême
0830520433;ZELLIK 2;2025-12-31;m81-f;1546207.34;2523288.74;;EBITDA dans la bande sans personnel déclaré
0830530430;CED SERVICES;2025-06-30;m07-f;142878.48;697519.27;;exercice de 15 mois
0830668705;CONCRETE PUMP LOGISTIC;2023-12-31;m01-f;6500;58436;;exercice ancien (2023-12-31)
0830754322;DISTRI HOME ELECTRO ET TECHNIQUE;2025-12-31;m87-f;-10681.36;41200.61;;630 absent
0831193988;GAMMA SOLAR ENERGY;2025-12-31;m81-f;592086.97;1238085.67;;EBITDA dans la bande sans personnel déclaré
0831194978;EPSILON SOLAR ENERGY;2025-12-31;m81-f;550088.25;789413.84;;EBITDA dans la bande sans personnel déclaré
0831320088;USINE UNION;2023-12-31;m01-f;-406480.44;1201783.99;9.4;exercice ancien (2023-12-31)
0831416001;ENERGEST;2025-12-31;m01-f;-465.43;33947.62;;630 absent
0831461432;TOLERIE, DECOUPE & FACON;2025-06-30;m81-f;247676.95;267747.07;1;630 absent
0831598321;LINO CANTELLA;2025-12-31;m87-f;-8147;59306;;630 absent
0831655234;DELTA EXTINGUISHERS;2025-12-31;m07-f;237734.72;648381.47;;630 absent
0831655729;TAXI GINO;2024-12-31;m87-f;13851;201031;1.5;variation N/N-1 extrême
0831713137;MEULEMEESTER AGRI;2024-12-31;m81-f;430061.62;2154042.44;;EBITDA dans la bande sans personnel déclaré
0831728577;SOS OXYGENE BENELUX;2025-12-31;m81-f;-580949.53;4905150.95;9.4;variation N/N-1 extrême
0831796279;Slots & Technics;2025-12-31;m87-f;10666.57;452276.62;;630 absent
0831978601;DT Chauffage;2025-12-31;m87-f;137937.45;129133.59;;EBITDA > total du bilan
0831991764;IORGU;2025-03-31;m07-f;143015;386530;;exercice de 17 mois
0832062337;IMMOSTRA;2024-12-31;m07-f;204435.13;949586.53;;variation N/N-1 extrême
0832118953;AB GLOBAL;2024-12-31;m01-f;267644.4;839653.57;;630 absent
0832149043;DUVAN & CO;2023-12-31;m87-f;-71514.82;523967.92;2.4;exercice ancien (2023-12-31)
0832217141;LEADER CONCEPT & CIE;2025-12-31;m01-f;10005;988866;;variation N/N-1 extrême
0832238620;ASTRE BENELUX;2025-12-31;m81-f;20856.12;1451658.82;1;"630 absent; variation N/N-1 extrême"
0832345023;DAY MAN CARS;2024-12-31;m07-f;-3927.64;13517.99;;630 absent
0832379566;GFK LOGISTICS;2024-12-31;m87-f;97928.78;133188.85;1;630 absent
0832516059;PIXALOCA;2025-12-31;m87-f;;149912.66;;"9901 absent; 630 absent"
0832589305;DEKKEN;2025-12-31;m81-f;168378.55;1682225.91;0.4;variation N/N-1 extrême
0832684721;BOULANGERIE LA GRANGE;2025-12-31;m81-f;33163.07;381441.98;;630 absent
0832715207;FLAWAL;2025-12-31;m87-f;8596.15;644451.72;;630 absent
0832782414;LOLA MAGIC;2025-01-31;m87-f;25177.8;25086.98;;EBITDA > total du bilan
0832859420;ALMT Protect;2023-12-31;m01-f;-21188.1;433495.16;2.9;exercice ancien (2023-12-31)
0832999376;LIEBEN-RASKINET;2025-12-31;m87-f;-22969.84;207140.62;;variation N/N-1 extrême
0833038077;MARCEL MOREAU;2025-12-31;m87-f;-2403.85;89062.5;;630 absent
0833108947;NAMILEM;2025-12-31;m87-f;18485.32;35022.61;;variation N/N-1 extrême
0833124288;Sunpower Systems Belgium;2025-12-31;m82-f;27146.92;996912.89;2;630 absent
0833246430;DOREMY;2025-09-30;m01-f;-91815.55;34954.97;;variation N/N-1 extrême
0833286616;ELMES;2024-12-31;m07-f;110915.62;0;;"630 absent; variation N/N-1 extrême"
0833726084;KIN'OKI;2025-09-30;m07-f;-4721.11;27354.92;;630 absent
0833758055;MONS LIMOUSINES;2025-09-30;m01-f;6138.8;196092.95;;630 absent
0833767557;CPM PROJECT;2025-12-31;m87-f;-244381.92;453635.4;;variation N/N-1 extrême
0833775376;SAIL AEGEAN EUROPE;2025-12-31;m07-f;6534.95;1375744.55;1;630 absent
0833796657;DALLIA;2025-12-31;m87-f;0;23822.3;;630 absent
0833811109;FLEXYS CONSULTING;2025-12-31;m87-f;20783.64;282937.92;;variation N/N-1 extrême
0833838724;H&G TRADE CORPORATION;2024-12-31;m87-f;66072.04;263278.06;;variation N/N-1 extrême
0833853174;ID 52;2025-12-31;m87-f;-2922.92;43365.79;;630 absent
0833946909;BBV ALU;2025-06-30;m81-f;-1332.23;90.61;;630 absent
0834028863;LA LOCOMOBILE;2025-12-31;m81-f;186617.77;1087721;33.9;variation N/N-1 extrême
0834111314;ADOMUS;2025-12-31;m87-f;79;3484;;630 absent
0834151203;ARRIMAX;2025-12-31;m87-f;72008.13;194382.94;;variation N/N-1 extrême
0834286013;CONSTRUCT CONCEPT;2025-12-31;m87-f;72643;122630.79;;variation N/N-1 extrême
0834444676;PW MANAGEMENT;2025-06-30;m81-f;178291.09;5204945.65;4.1;630 absent
0834910078;RUCHER AU BONHEUR DES ABEILLES;2025-12-31;m87-f;-1324.59;43.9;;630 absent
0834945019;I.N.T BUSINESS;2023-12-31;m87-f;18330.22;117598.43;;exercice ancien (2023-12-31)
0835022718;CREASYS;2025-12-31;m01-f;-794;39451;;630 absent
0835034002;DGS CORPORATION;2024-12-31;m01-f;21382.68;272793.42;;630 absent
0835128527;FORTILAB DISTRIBUTION AND PROMOTION;2025-06-30;m87-f;725.96;118837.87;;630 absent
0835198011;FALLAIS INTERNATIONAL;2025-12-31;m81-f;409976.62;2787074.69;17;exercice de 9 mois
0835279470;METALLGESTALTUNG MEYERS;2025-12-31;m87-f;59054;219422.02;2.4;variation N/N-1 extrême
0835294318;ELECTRICITE ANDRE & FILS;2025-06-30;m87-f;8647.78;119213.4;;630 absent
0835343610;ALDIMA;2024-12-31;m81-f;310462.74;400090.3;2.9;variation N/N-1 extrême
0835514052;ROBY SIXTY;2025-12-31;m87-f;-408.75;48106.2;;630 absent
0835723492;TERRACYCLE BELGIUM;2025-12-31;m82-f;720.15;189896.23;;630 absent
0835818316;Golden Pineapple;2025-12-31;m87-f;8934.12;44272.07;;630 absent
0835860777;GREENWICH MANAGEMENT;2025-12-31;m87-f;94967.58;60848.4;;EBITDA > total du bilan
0835890867;MANUFACTURES DE LA GRANDE ARMEE;2025-12-31;m87-f;1315.31;24639.85;;630 absent
0835892649;MP LOGISTIC;2024-12-31;m87-f;-11409.43;80526.79;;630 absent
0835901161;ENTREPRISE DUBOIS;2026-03-31;m87-f;151951.56;1294804.32;;exercice de 9 mois
0835991530;THE CHANGEMAKERY;2025-12-31;m87-f;-5936.92;61317.36;;630 absent
0836085065;JOASSIN TANKING;2025-12-31;m81-f;374798.17;3858200.08;;EBITDA dans la bande sans personnel déclaré
0836088926;YESTRANS;2025-12-31;m87-f;32052.69;93070.58;;"630 absent; variation N/N-1 extrême"
0836101101;Diversity in Design;2025-12-31;m07-f;-5170.55;24094.07;;variation N/N-1 extrême
0836207306;TRiTECH Belgium;2025-12-31;m87-f;23600.27;3797.6;;"630 absent; EBITDA > total du bilan"
0836659642;YANNICK PETIT;2025-12-31;m87-f;54955.02;324634.5;2.5;variation N/N-1 extrême
0836702796;DUFERCO TREBOS;2025-09-30;m02-f;-9468.04;366568.77;;630 absent
0836758226;MALAY-TRANS;2025-12-31;m87-f;39905.06;100610.37;;variation N/N-1 extrême
0836807320;AMK Group;2024-12-31;m07-f;-695;3349;;630 absent
0837025371;TECHNI-DENTS;2025-12-31;m87-f;-5677.2;5609.9;;630 absent
0837025965;BEE Real;2025-12-28;m02-f;-2599.29;1115285.02;0;630 absent
0837045365;BC-LOCATION;2025-12-31;m87-f;3919.92;119730.1;0.8;630 absent
0837054966;GALAGO;2024-12-31;m07-f;-12357.91;60487.1;;630 absent
0837085749;COSMASHOP;2025-12-31;m02-f;-103058.86;39164.74;;"630 absent; variation N/N-1 extrême"
0837086838;FUNERAILLES JONCKERS;2025-12-31;m87-f;-19330.24;203314.84;;630 absent
0837120886;SOLANO WIND;2026-03-31;m02-f;2031946.82;6568094.41;;EBITDA dans la bande sans personnel déclaré
0837157708;T.F. TAX;2025-12-31;m87-f;12078.16;90468.45;;variation N/N-1 extrême
0837210859;A.TEC.M.A;2025-12-31;m81-f;-13199.32;41446.86;;630 absent
0837279947;CERASI;2025-12-31;m81-f;106387.37;2723400.88;1.8;variation N/N-1 extrême
0837312116;Creallia;2025-12-31;m87-f;261.59;14217.17;;630 absent
0837338147;UBER80;2025-12-31;m07-f;-10291.32;16603.23;;variation N/N-1 extrême
0837380610;CATANACIO;2023-12-31;m87-f;34238.63;531653.83;;"exercice ancien (2023-12-31); exercice de 6 mois"
0837388231;B & C CONCEPT SPRL;2025-06-30;m87-f;-453.04;3966.39;;630 absent
0837400802;LS ÉLECTRICITÉ;2025-12-31;m01-f;11016;12812;;"630 absent; variation N/N-1 extrême"
0837608460;LIBRAVIA;2025-06-30;m87-f;309.73;30723.48;;630 absent
0837802757;Offico Immo;2025-12-31;m81-f;1999637.16;23820376.76;;EBITDA dans la bande sans personnel déclaré
0837906586;Noé Nature;2023-12-31;m01-f;357125;12912705;26.3;exercice ancien (2023-12-31)
0837958947;A.S.D. CLIMBING;2025-12-31;m87-f;-1463;105407;;630 absent
0837998143;FARTAX;2025-12-31;m07-f;12913.61;36726.47;;630 absent
0838017939;Mainprod;2025-12-31;m87-f;71381.1;159579.35;;630 absent
0838028926;DRIES ENERGY;2025-12-31;m01-f;376891.01;3158853.02;;EBITDA dans la bande sans personnel déclaré
0838034765;IMMO TMCF;2025-12-31;m07-f;17032.39;204541.1;;variation N/N-1 extrême
0838192638;Mont Godinne Green Energy;2023-12-31;m01-f;-532897.71;4536837.08;5.4;exercice ancien (2023-12-31)
0838225401;GAMBLING SOLUTIONS;2025-12-31;m87-f;-4271.78;106012.23;;630 absent
0838239950;LUXONOV;2025-12-31;m81-f;8430.04;121371.39;0.6;variation N/N-1 extrême
0838245096;LAST MINUTE PRESS SHOP;2025-12-31;m87-f;28414.49;108653.37;2;630 absent
0838274592;Clarap Transport;2025-12-31;m87-f;-269.46;;;630 absent
0838276968;GLOBALPRINTING;2025-12-31;m81-f;-17652.93;127934.23;;630 absent
0838470671;D.M.V.;2025-12-31;m81-f;779213.25;1301252.24;;EBITDA dans la bande sans personnel déclaré
0838489378;T-Power Energy Services;2025-12-31;m81-f;1970724.72;3195754.01;25.2;630 absent
0838556684;D.S.P.;2025-12-31;m81-f;184501;320056;1.9;variation N/N-1 extrême
0838599543;Air Mike;2025-12-31;m87-f;-7310.63;86269.07;;630 absent
0838686744;M Dépannage;2023-12-31;m07-f;-310.31;44510.8;;exercice ancien (2023-12-31)
0838740390;DIXSON MUSICAL VENTURES;2025-12-31;m87-f;8503.2;8430.02;0.3;EBITDA > total du bilan
0838890741;JYM International;2024-12-31;m87-f;5032;29514;;"630 absent; variation N/N-1 extrême"
0839039904;DERAERO MAINTENANCE;2025-12-31;m87-f;4586.31;113698.77;;630 absent
0839239149;JAMILA PRODUCTS;2024-12-31;m81-f;130106.83;765738.63;;variation N/N-1 extrême
0839369902;CO-KOHN CONCEPT;2025-12-31;m87-f;9139.11;26970.24;;variation N/N-1 extrême
0839722664;PYT-WAX;2025-12-31;m87-f;23697.24;84356.23;;variation N/N-1 extrême
0839896175;LAZZLO;2025-12-31;m87-f;1342.36;40560.7;;630 absent
0840022770;LENOIR;2025-12-31;m87-f;1926.12;8820.92;;630 absent
0840062956;D-EXPERIENCE;2025-12-31;m07-f;-348;27148.61;;630 absent
0840106013;PHILIPPE TRICE ARCHITECTS;2025-09-30;m87-f;31071.54;26048.77;;"630 absent; EBITDA > total du bilan"
0840135311;RTLC;2025-12-31;m87-f;-465.43;107167.21;;630 absent
0840196479;M P  Constructions Bois;2025-12-31;m81-f;-55362.62;13270.53;0;variation N/N-1 extrême
0840320797;AGARA;2025-06-30;m87-f;13258.5;28463.87;;variation N/N-1 extrême
0840416017;J.M  BUSINESS;2023-12-31;m07-f;138595;245862;;"630 absent; exercice ancien (2023-12-31)"
0840436308;ARROW INVEST;2024-12-31;m01-f;534115.31;499278.56;;"EBITDA > total du bilan; EBITDA dans la bande sans personnel déclaré; variation N/N-1 extrême"
0840491835;WORK2SOLUTION;2025-12-31;m87-f;5415;17125;;630 absent
0840500050;TIREAL;2024-12-31;m81-f;134653.58;1779911.16;1;variation N/N-1 extrême
0840563792;SANDVOICE OPS;2025-09-30;m87-f;-813.18;1510.11;;630 absent
0840678511;EURO NEGOCE;2025-06-30;m87-f;-5856.98;45627.11;;630 absent
0840746312;La vache à glace;2025-12-31;m87-f;32297.22;105245.17;;variation N/N-1 extrême
0840843708;Catalent Gosselies;2025-12-31;m02-f;-110798120.59;24232846.72;146.5;"exercice de 18 mois; variation N/N-1 extrême"
0840879637;SENZ;2025-12-31;m87-f;13993.57;258779.65;3.4;variation N/N-1 extrême
0841023949;Spotify Belgium;2024-12-31;m02-f;71679.08;2401844;13.6;"630 absent; dépôt plus récent inexploitable (2026-00239833:404 [m01-f-p/Initial])"
0841216662;DIVERSA INVEST GROUP;2025-12-31;m87-f;-1724;49059;;630 absent
0841500734;FASTLINE TRANSPORT;2025-12-31;m81-f;331153.98;1110259.73;;EBITDA dans la bande sans personnel déclaré
0841575562;DOUFFET-MAWET;2025-12-31;m87-f;196074.91;1017269.52;1.8;variation N/N-1 extrême
0841579819;ICA BELGIUM;2023-12-31;m87-f;-6884.35;13456.56;;exercice ancien (2023-12-31)
0841701266;GEOGRIND;2025-12-31;m07-f;-503218.88;520619.18;;variation N/N-1 extrême
0842039182;SOUVERYNS;2025-12-31;m87-f;-4092.48;24352.83;;630 absent
0842042548;CONZEN Henri Bureau d'Études;2025-12-31;m87-f;42297.93;63491.32;;variation N/N-1 extrême
0842072143;BNM;2023-12-31;m07-f;1068.27;36634.42;;"630 absent; exercice ancien (2023-12-31)"
0842080061;VanDecq;2023-12-31;m07-f;-616098.45;644789.73;;"exercice ancien (2023-12-31); variation N/N-1 extrême"
0842098768;HELLIN ELECTRICITE;2025-12-31;m01-f;-4262.63;655.41;;630 absent
0842133115;Van Laer Sailing;2025-12-31;m81-f;5805.4;195215.91;;variation N/N-1 extrême
0842167064;GUEVAER ET FILS;2023-12-31;m87-f;41085.48;189528.89;1.5;"exercice ancien (2023-12-31); variation N/N-1 extrême"
0842188642;CEGELEC CONTROL SYSTEMS & SERVICES;2025-12-31;m02-f;672186.6;9916657.56;2.5;630 absent
0842227442;D-STORE;2025-03-31;m81-f;6428099.3;16315688.69;;EBITDA dans la bande sans personnel déclaré
0842558925;LHONNEUX & FILS;2025-09-30;m81-f;-130843.49;1683873.02;;variation N/N-1 extrême
0842575157;MOBEN;2025-12-31;m87-a;42599.63;253688.64;;630 absent
0842689280;VALTRIS;2025-12-31;m82-f;3300366.07;33992365.16;;EBITDA dans la bande sans personnel déclaré
0842764308;MULTI- BATI SOLUTION;2023-12-31;m87-f;19147.17;759691.64;2.5;exercice ancien (2023-12-31)
0842765692;FLAWIND;2025-12-31;m81-f;1275767.51;5862726.49;;EBITDA dans la bande sans personnel déclaré
0843041054;SWEETBEL;2023-09-30;m07-f;-93242.71;785028.71;;exercice ancien (2023-09-30)
0843115684;CENEXI - LABORATOIRES THISSEN;2025-12-31;m02-f;8469412.47;49755986.12;351.4;variation N/N-1 extrême
0843130334;MONTHAUD;2025-06-30;m87-f;26433.6;10648.69;;"630 absent; EBITDA > total du bilan"
0843197937;PHOENIX;2023-06-30;m87-f;8637.94;524659.71;;"630 absent; exercice ancien (2023-06-30)"
0843274250;DISCRI;2023-12-31;m87-f;32775;615442;1;exercice ancien (2023-12-31)
0843277220;KARBOWSKI REPAIRS;2025-12-31;m07-f;1945.47;10149.23;;"630 absent; variation N/N-1 extrême"
0843414010;Al' O prestations;2024-12-31;m87-f;-2699.72;701.6;;630 absent
0843472804;PANYMAS;2025-12-31;m07-f;421.74;13655.97;;630 absent
0843620975;SEDILOG;2025-12-31;m02-f;372080.78;13824136.03;;"630 absent; EBITDA dans la bande sans personnel déclaré"
0843625034;MSA & CO;2025-12-31;m87-f;1231.01;25780.75;;630 absent
0843799436;M.D. TAX;2025-12-31;m87-f;6272.85;26497.14;;variation N/N-1 extrême
0843871888;MEMORIES OF TOMORROW;2025-12-31;m87-f;-637.56;11225.38;;630 absent
0844113893;PAB BRUSSELS;2025-12-31;m87-f;53283.65;140534.01;0.6;variation N/N-1 extrême
0844167244;Axim Services Company;2024-12-31;m07-f;4619.99;104356.95;;630 absent
0844229206;NPJ BOIS;2025-12-31;m07-f;-21490.86;977414.98;;variation N/N-1 extrême
0844281961;VENTS DU SUD;2025-12-31;m81-f;21871.58;1624262.25;2.4;variation N/N-1 extrême
0844325612;BE-LIGHTING CONCEPT;2024-06-30;m01-f;-269433.73;559019.35;2.7;variation N/N-1 extrême
0844392324;J.Y.C.M.;2025-06-30;m87-f;-972.1;267.82;;630 absent
0844423206;EZER TRANSPORT;2023-09-30;m87-f;176695.43;595099.69;;exercice ancien (2023-09-30)
0844613246;BE DRIVE;2025-12-31;m07-f;-15133.01;3865.78;;"630 absent; variation N/N-1 extrême"
0844621461;YUMMY ICE & SORBETS;2025-12-31;m07-f;-26760.81;113997.99;;630 absent
0844669763;EOLIENNES DE LORRAINE;2025-12-31;m01-f;502179.43;2127302.45;0;EBITDA dans la bande sans personnel déclaré
0844691638;LIGNA CONSTRUCT;2025-12-31;m81-f;-867277.77;869043.83;;variation N/N-1 extrême
0844799130;FORME EN BEAUTE;2024-12-31;m87-f;-18723.89;27921.94;;630 absent
0844882470;TRIPLE M;2025-12-31;m81-f;40153.39;149682.98;6.5;630 absent
0844896625;BHF GROUP;2025-12-31;m07-a;-62243.63;79844.24;;"630 absent; variation N/N-1 extrême"
0844999761;Inox Montage Construct;2024-06-30;m01-f;975;39264;;630 absent
0845049350;TMRW Eco;2024-12-31;m87-f;-143460.76;182945.81;;630 absent
0845293929;DEWALQUE VINCENT;2023-12-31;m87-f;1254;8133;;exercice ancien (2023-12-31)
0845518811;MVJM RECYCLING METAL;2024-12-31;m81-f;1371047.49;4750291.6;;EBITDA dans la bande sans personnel déclaré
0845546921;SERRURERIE VINCENT;2025-12-31;m87-f;316852.15;1833675.07;;EBITDA dans la bande sans personnel déclaré
0845555235;MARKET CONNECTION;2025-12-31;m87-f;-85519.85;95277.69;;630 absent
0845899584;DERYCKAGRI;2025-06-30;m81-f;429092.81;3677680.31;;EBITDA dans la bande sans personnel déclaré
0846050133;J.J.R. TALMASSE;2024-12-31;m87-f;129378.28;538141.36;1.3;variation N/N-1 extrême
0846219684;DANIA TECH;2025-12-31;m07-f;;131649.76;;"9901 absent; 630 absent"
0846451692;G-VAN CONCEPT +;2025-09-30;m87-f;5557.65;5224.17;;"630 absent; EBITDA > total du bilan"
0846477230;PHOENIX POST;2025-06-30;m07-f;11838.72;9656.99;;"630 absent; EBITDA > total du bilan"
0846565421;W.A. MODE;2025-12-31;m07-f;-15735.63;3329.6;;630 absent
0846754471;Alfatrans;2025-12-31;m81-f;9634.99;580274.72;0;630 absent
0846770210;HYDROSOUD;2025-06-30;m81-f;146013.96;1574591.92;2.6;variation N/N-1 extrême
0846773772;CNS CONSULTING;2025-12-31;m81-f;3909.02;12889.89;;630 absent
0846792974;BAGENHIR;2025-12-31;m87-f;53412.95;50749.91;;EBITDA > total du bilan
0846857807;MEDES TRADING INTERNATIONAL;2025-12-31;m87-f;17780.05;201215.42;;630 absent
0846883640;RK TRANS;2024-12-31;m87-f;19687.01;15491.25;0.4;EBITDA > total du bilan
0846893142;STIERNON BOIS;2025-06-30;m87-f;-3141.08;1080.73;;630 absent
0846929764;NARET PROMOTION ET SERVICES;2025-12-31;m81-f;29168.67;92941.94;;630 absent
0847006374;SMN979;2025-06-30;m87-f;-7300.38;73230.12;;variation N/N-1 extrême
0847066257;LE PAIN DE CHEZ VOUS;2025-12-31;m87-f;46030.82;40865.93;;EBITDA > total du bilan
0847083875;NANOGRAPHX;2025-12-31;m87-f;3164.22;117569.06;;630 absent
0847337263;PROGEST INFRA;2025-06-30;m87-f;-439255.26;58949.54;;variation N/N-1 extrême
0847372303;SAMUEL NELJANS;2024-12-31;m07-f;30643.45;41209.59;;"630 absent; variation N/N-1 extrême"
0847391901;NEVA;2023-12-31;m87-f;-22340.69;138281.24;;exercice ancien (2023-12-31)
0847458910;EXECUTIVE AVIATION AND GROUND TRANSPORTATION SERVICES BELGIUM;2024-12-31;m87-f;-2614.62;2738.14;;630 absent
0847480486;PATISSERIE LE VIVALDI;2025-12-31;m87-f;39155;9951;;EBITDA > total du bilan
0847544428;PIOLET;2025-12-31;m87-f;115814.09;93743.34;;EBITDA > total du bilan
0847616286;Cidrerie du Condroz;2025-12-31;m87-f;23984.65;266091.56;;variation N/N-1 extrême
0847839881;MILANI;2024-12-31;m07-f;2634.19;15481.77;;variation N/N-1 extrême
0847899665;RUST-ANODE;2025-12-31;m81-f;-8601.33;344408.5;;630 absent
0848024280;WANSON Frères;2025-12-31;m07-f;32165;191208;;variation N/N-1 extrême
0848063278;Mpc by Cd;2025-12-31;m87-f;13291.59;35201.6;;630 absent
0848105939;Africa Food World;2023-06-30;m07-f;-62359.94;176831.29;;exercice ancien (2023-06-30)
0848126230;CHARITY ONE;2025-12-31;m01-f;877771.23;19779984.66;;EBITDA dans la bande sans personnel déclaré
0848185618;THETA SOLAR ENERGY;2025-12-31;m81-f;2780584.74;4352579.35;;EBITDA dans la bande sans personnel déclaré
0848531353;PASTADOR;2025-12-31;m87-f;21706.36;7678.15;;EBITDA > total du bilan
0848584110;PHENIX ONE;2025-12-31;m87-f;-308.83;97239.98;1;630 absent
0848598956;TEAM INDUSTRIAL MANUFACTURING & ENGINEERING  SERVICE;2025-06-30;m87-f;335515.26;1364328.58;;EBITDA dans la bande sans personnel déclaré
0848882929;C. Missart & J. Deville;2025-12-31;m87-f;62747;133698;;variation N/N-1 extrême
0848949740;D&B TRANS;2023-12-31;m87-f;27252.78;294915.09;;"630 absent; exercice ancien (2023-12-31)"
0849086035;H.M. SERVICES INTERNATIONAL;2025-12-31;m87-f;7968.88;24277.65;;630 absent
0849106425;RéCONFORT+;2025-12-31;m87-f;-49818.47;310150.81;2.8;630 absent
0849298841;Matisse Belgique;2025-12-31;m02-f;909676.05;15097636.78;;EBITDA dans la bande sans personnel déclaré
0849306066;HELEXIA BELGIUM INVEST;2025-12-31;m81-f;1318316.08;18102410.42;;EBITDA dans la bande sans personnel déclaré
0849429889;Transports Olivier Moriamé;2024-12-31;m87-f;-23113.4;53582.83;;variation N/N-1 extrême
0849555001;ET-TOU;2024-12-31;m07-f;1296.33;11541.78;;630 absent
0849615872;AZBEN EXPRESS;2024-09-30;m07-f;-1733.98;23868.31;;630 absent
0849842536;Point Charge Belgium;2025-12-31;m07-f;-2004.85;66085.91;;"630 absent; variation N/N-1 extrême"
0849924490;MUR & TOI;2025-12-31;m87-f;276433.98;617284.15;;variation N/N-1 extrême
0849975861;Bellagio Plus;2024-12-31;m87-f;16056.71;178408.26;;variation N/N-1 extrême
0849988927;Renova Peinture;2025-12-31;m87-f;-600.74;1521.27;;630 absent
0859583811;MANY SHOP;2023-12-31;m87-f;-4871.84;34858.98;;"630 absent; exercice ancien (2023-12-31)"
0859653194;SEQUOIA BAY;2024-12-31;m01-f;-263337;316143;;variation N/N-1 extrême
0859657550;MOMENTIVE PERFORMANCE MATERIALS BENELUX;2025-12-31;m81-f;130588.89;3220220.88;8.3;630 absent
0859769002;Gestion et manutention de produits a commercialiser;2025-12-31;m01-f;855612.61;4702521.03;;"630 absent; EBITDA dans la bande sans personnel déclaré"
0859797310;BETONDOM;2025-12-31;m87-f;452.21;26645.54;;630 absent
0859831457;MONSEUR EQUIPMENT;2025-12-31;m81-f;302452.65;1457044.77;;EBITDA dans la bande sans personnel déclaré
0859877878;Aurorium Belgium;2025-12-31;m02-f;412898.02;25941102.43;4;"630 absent; variation N/N-1 extrême"
0859945085;All Things Live Belgium;2025-12-31;m87-f;-1226335.12;1583400.74;12;variation N/N-1 extrême
0859998139;TSUNAMI CONCEPT;2025-12-31;m87-f;-2398.69;75.9;;630 absent
0860034464;BUSINESS & DRIVERS SERVICES;2025-12-31;m07-f;16390.08;214866.62;;"630 absent; variation N/N-1 extrême"
0860222328;DHSC;2025-12-31;m81-f;8041.94;15936.12;;630 absent
0860323781;BIS DECORS;2025-12-31;m81-f;-29907.61;26630.62;;variation N/N-1 extrême
0860463046;EFFITEC;2025-12-31;m87-f;4937;227518;;630 absent
0860511744;ANSUL BELGIUM;2025-12-31;m01-f;445030.94;813212.36;;"630 absent; EBITDA dans la bande sans personnel déclaré"
0860569845;DAAVLIN;2025-09-30;m81-f;-30612.22;9198.98;;630 absent
0860679218;BATILUX;2026-02-28;m87-f;1914.98;32949.08;;630 absent
0860810563;GAUTHIER;2025-12-31;m07-f;95950.63;92346.16;;"EBITDA > total du bilan; variation N/N-1 extrême"
0860987737;WILVIC;2024-12-31;m87-f;153574.19;331111.34;;variation N/N-1 extrême
0861107107;J.M.B.;2025-12-31;m81-f;-41478.55;438521.93;0.1;630 absent
0861157090;DECAMPS PRODUCTS;2025-12-31;m87-f;-16558;112220.78;;variation N/N-1 extrême
0861284279;CHRISTOPHE LARDOT & FRIENDS;2025-12-31;m87-f;301.96;18591.18;;630 absent
0861292395;GOEDERT MANUTENTION;2025-09-30;m81-f;312595;3498354;12.3;variation N/N-1 extrême
0861327435;WISER;2025-12-31;m81-f;12004.19;92736.6;;variation N/N-1 extrême
0861366235;CARRIERE DE LAHONRY;2025-09-30;m01-f;383728;2352290;6.1;variation N/N-1 extrême
0861464423;PAUL PLETSERS;2025-12-31;m81-f;673891.16;4234892.27;;EBITDA dans la bande sans personnel déclaré
0861501837;NOX;2023-12-31;m07-f;33384.63;302230.11;;exercice ancien (2023-12-31)
0861538360;RETRIMEUSE;2025-12-31;m82-f;35442;2018774.59;39.3;"630 absent; variation N/N-1 extrême"
0861540142;TMCP;2025-12-31;m87-f;18050.44;80173.47;;variation N/N-1 extrême
0861587751;SIDI & CO SERVICES;2025-12-31;m87-f;-41483;105007;;variation N/N-1 extrême
0861833122;TerTex;2025-12-31;m81-f;412894.01;2989263.35;37.3;variation N/N-1 extrême
0862025439;B. DARDENNE;2024-12-31;m07-f;3690.9;254451.51;;630 absent
0862092250;IMMO JACQUET & Co;2025-12-31;m07-f;-118.76;69248.78;;630 absent
0862093933;ADDED VALUE;2025-06-30;m87-f;1105777.33;1018245.28;;"EBITDA > total du bilan; EBITDA dans la bande sans personnel déclaré; variation N/N-1 extrême"
0862111749;FUN & BUSINESS;2025-01-01;m87-f;1312.66;3060.12;;630 absent
0862188755;NANOMEGAS;2024-12-31;m81-f;456137.77;6151478.71;;EBITDA dans la bande sans personnel déclaré
0862285260;RETECH INDUSTRY;2024-12-31;m87-f;3904.3;194227.44;;630 absent
0862470946;LCA;2025-12-31;m81-f;43749;181666;3.5;variation N/N-1 extrême
0862574973;Etablissement BOSQUET PHILIPPE SPRL;2025-12-31;m81-f;108342.14;773974.44;7.6;variation N/N-1 extrême
0862636440;B A T I D A;2025-03-31;m87-f;21722.96;23262.42;;variation N/N-1 extrême
0862666233;ADILIMANE;2025-12-31;m87-f;36843;80997;4.2;variation N/N-1 extrême
0862705330;MENUISERIE LECROART;2025-12-31;m87-f;-334.73;93382.06;;630 absent
0862728391;NAUTIC LOISIRS;2025-12-31;m81-f;425033.93;1545823.94;;EBITDA dans la bande sans personnel déclaré
0862830143;SUN7.BE;2025-12-31;m87-f;-399.73;2517.32;;"630 absent; variation N/N-1 extrême"
0862939318;GINGERBREAD;2025-12-31;m81-f;332104.57;436894.13;;"EBITDA dans la bande sans personnel déclaré; variation N/N-1 extrême"
0862997221;Dim3;2025-12-31;m01-f;-21063.96;33530.48;;630 absent
0863083135;CREATIVEBOY;2025-12-31;m87-f;-1463.68;;;630 absent
0863089964;D.I.K.;2024-12-31;m01-a;32310;61288;;variation N/N-1 extrême
0863732738;PROMOPHAR;2023-12-31;m87-f;58104.28;190658.86;;exercice ancien (2023-12-31)
0863805289;G LEYH THERMIQUE;2024-12-31;m87-f;-473;7695;;630 absent
0863855076;MENUISERIE FRANCO;2025-12-31;m87-f;22803.78;20000.65;;"630 absent; EBITDA > total du bilan"
0864153994;MENUIPRO;2023-12-31;m07-f;33219.65;189951.98;;exercice ancien (2023-12-31)
0864180027;TWO.P.MANAGEMENT;2025-12-31;m07-f;179636.78;939874.89;1;630 absent
0864239613;LA MAINTENANCE INDUSTRIELLE;2025-12-31;m07-f;-4451.35;4499.78;;630 absent
0864241096;LHOEST FRERES;2025-12-31;m01-f;316461.7;1899469.67;13.9;variation N/N-1 extrême
0864250204;European Ready Mixed Concrete Organization;2024-12-31;m08-f;58924.6;457762.6;;630 absent
0864404909;AIRCO FRIGO;2025-12-31;m87-f;10955.7;8659.56;;"630 absent; EBITDA > total du bilan"
0864613359;DIGITAL;2024-12-31;m87-f;-14727.74;136438.53;;variation N/N-1 extrême
0864659087;DKD INVEST;2025-12-31;m87-f;6550.39;4248.03;;EBITDA > total du bilan
0864968004;SON & CO;2025-12-31;m07-f;3872.87;46396.11;;630 absent
0864980969;EGGO GROUP;2021-12-31;m02-f;588479.76;3031079.61;153.5;"exercice ancien (2021-12-31); dépôt plus récent inexploitable (2026-00301167:404 [m120-f-p/Initial], 2026-00296120:404 [m02-f-p/Initial], 2025-00294734:404 [m02-f-p/Initial], 2024-00236188:404 [m02-f-p/Initial], 2023-00224351:404 [m02-f-p/Initial], 2022-20538217:404 [m02-f-p/Correction])"
0864997795;SITEBA;2025-12-31;m01-f;-14798.18;270650.49;;630 absent
0865031944;EXPRESS LIVRAISONS;2025-09-30;m07-f;41790;35425;;EBITDA > total du bilan
0865107960;BELGIUM TAX CAR;2025-12-31;m87-f;320.89;32294.99;;630 absent
0865220796;BEETS RIGOT DISTRIBUTION;2025-12-31;m81-f;57611.08;417158.61;;variation N/N-1 extrême
0865345809;FOUR SEASONS TRADE;2025-12-31;m87-f;233.52;22382.44;;630 absent
0865346205;TIMAC AGRO BELUX;2025-12-31;m02-f;-705523.78;33220502.23;115.3;dépôt plus récent inexploitable (2026-00244041:404 [m120-f-p/Initial])
0865392032;101 PRODUCT DESIGN;2025-03-31;m87-f;10697.62;326177.04;;variation N/N-1 extrême
0865443896;BAVAR;2025-12-31;m81-f;539557.57;3305091.42;0;EBITDA dans la bande sans personnel déclaré
0865501108;ABAO;2025-12-31;m87-f;28347.54;132628.08;;variation N/N-1 extrême
0865518726;B.V. ELEC;2025-12-31;m81-f;24098.66;32322.38;;variation N/N-1 extrême
0865547232;LAURO MENUISERIE;2025-12-31;m87-f;-60560.09;189323.68;;"630 absent; variation N/N-1 extrême"
0865572867;PRODUCTS SUPPLIES & SERVICES EUROPE;2023-12-31;m07-f;52474.72;148143.94;;"630 absent; exercice ancien (2023-12-31)"
0865583854;A.I.S;2025-12-31;m01-f;15642.41;12764129.12;;630 absent
0865588804;VINBERG;2025-12-31;m87-f;-5950.51;5312.78;;630 absent
0865638292;TREE-D;2023-09-30;m07-f;3630.98;33048;;exercice ancien (2023-09-30)
0865732522;ARCEO;2025-12-31;m02-f;-231367.49;144061089.25;;630 absent
0865853474;BARCHEL;2025-12-31;m87-f;4601.32;31782.93;;630 absent
0865860701;FRIBELS;2025-12-31;m81-f;-113862.1;358881.21;8.6;630 absent
0865878022;TOITURES JUGNOT;2025-12-31;m87-f;55547.34;59288.28;;variation N/N-1 extrême
0865913456;TRASIS;2025-12-31;m02-f;18970611;94715673;327.6;dépôt plus récent inexploitable (2026-00284210:404 [m122-f-p/Initial])
0866035893;ELECTRAWINDS BIOMASSE MOUSCRON;2025-04-30;m02-f;318144.52;25697166.99;0;EBITDA dans la bande sans personnel déclaré
0866037279;COUTELLERIE DEPIREUX LEON;2025-12-31;m87-f;41194.18;214554.13;;variation N/N-1 extrême
0866076970;INDRANI EARTH;2023-12-31;m87-f;-144358.59;1503079.55;3.5;exercice ancien (2023-12-31)
0866148830;BRASSERIE DU CLOCHER;2023-12-31;m87-f;70018.12;626327.67;3.3;exercice ancien (2023-12-31)
0866207525;BOULANGERIE DOMY;2025-12-31;m87-f;10351.03;3164.67;;"630 absent; EBITDA > total du bilan"
0866267309;L'OCRIER;2025-12-31;m87-f;31721.57;285546.28;;variation N/N-1 extrême
0866325608;SOLAM;2025-12-31;m81-f;1697617.71;6800290.78;;EBITDA dans la bande sans personnel déclaré
0866370544;KILOU.BE;2025-06-30;m87-f;-2562.78;4129.4;;630 absent
0866446857;LE GLACIER ACHILLE;2025-12-31;m87-f;-155.7;113734.9;;630 absent
0866510601;NEW CCD;2025-09-30;m02-f;-187945;637941;;"630 absent; variation N/N-1 extrême"
0866513371;CC MAC;2025-09-30;m87-f;445599.66;2163239.13;;EBITDA dans la bande sans personnel déclaré
0866681043;TABASCO EVENT;2025-12-31;m87-f;24237.75;171404.52;;variation N/N-1 extrême
0866712915;INFIDOM'S;2025-12-31;m87-f;13358.18;2436.94;;"630 absent; EBITDA > total du bilan"
0866856138;BV FOOD PRODUCTS;2024-12-31;m81-f;34786.05;269740.22;12;variation N/N-1 extrême
0866959175;LES VENTS DE PERWEZ;2026-03-31;m02-f;-14014.53;194963.14;;630 absent
0867096559;LECLERCQ STEPHANE;2025-12-31;m87-f;31877.25;88129.63;;variation N/N-1 extrême
0867327973;HEJJ;2025-09-30;m01-f;137304.6;2509085.24;19.5;variation N/N-1 extrême
0867330745;The Owl Distillery;2025-03-31;m01-f;-2027154.01;14515169.87;3.1;variation N/N-1 extrême
0867448927;MATHYGA INDUSTRIES;2025-06-30;m07-f;46041.12;63784.73;;630 absent
0867464268;ECHOTEC;2025-12-31;m87-f;-10032.3;1578.82;;630 absent
0867470109;AMBIANCE DE SOIE;2025-12-31;m87-f;-18210.56;21671.64;0.5;variation N/N-1 extrême
0867520587;THE BRIDGE-MOST;2025-12-31;m87-f;-2552.39;66951.95;;630 absent
0867596110;DAVID CROQUETTES;2025-12-31;m07-f;389287.92;798794.51;;EBITDA dans la bande sans personnel déclaré
0867738343;OZGUR TRANSPORT;2023-12-31;m07-f;367896.76;1303004.26;;"exercice ancien (2023-12-31); EBITDA dans la bande sans personnel déclaré"
0867768631;TECHMAS;2025-12-31;m81-f;491;168379;;630 absent
0867809807;KEEP IT SIMPLE SERVICES;2025-03-31;m81-a;169935;244834;;variation N/N-1 extrême
0867875430;MOONOLITH;2025-12-31;m87-f;11302.52;9431.05;;EBITDA > total du bilan
0869503545;MILTOTAX;2025-12-31;m87-f;6829.76;33303.18;;variation N/N-1 extrême
0869530071;V.T.H.;2025-12-31;m02-f;75479.57;8349437.56;319.7;630 absent
0869583422;MENUISERIE MARCHESE;2023-12-31;m87-f;44840.15;302070.5;;exercice ancien (2023-12-31)
0869769009;VERSPREET-GUIOT;2024-12-31;m87-f;25685.67;77945.79;;variation N/N-1 extrême
0869875412;BALI WIND;2026-03-31;m02-f;-19325.03;1402655.62;;630 absent
0870001512;V.M.S.B.;2025-12-31;m02-f;10026.47;2700927.21;5.4;"630 absent; dépôt plus récent inexploitable (2026-00370399:404 [m122-f-p/Initial])"
0870038431;MATAL FOR ICE CREAM;2025-12-31;m07-f;-14138.34;2;;"630 absent; variation N/N-1 extrême"
0870080595;SCANNIX;2025-11-30;m07-f;381554.2;1175364.83;;"exercice de 13 mois; EBITDA dans la bande sans personnel déclaré"
0870139389;NeC;2024-12-31;m07-f;-5905.63;717948.38;;630 absent
0870218276;PROTO DENTAL;2025-12-31;m87-f;6369.04;37279.93;;"630 absent; variation N/N-1 extrême"
0870586282;DUPLAT;2024-12-31;m01-f;-527349.19;279855.41;;variation N/N-1 extrême
0870712976;CHEEMACOM;2025-12-31;m07-f;7174.15;122196.5;0.2;"630 absent; variation N/N-1 extrême"
0870821755;centre de recuperation fossois;2025-12-31;m07-f;317434;1239941;2;variation N/N-1 extrême
0870852340;MILLARD PH. SPRL;2023-12-31;m87-f;183530.74;584057.24;;exercice ancien (2023-12-31)
0871298342;COLIS EVRARD IMMOBILIER;2025-12-31;m87-f;820.66;6270.65;;630 absent
0871312990;FAPPANI JEAN LUC;2025-12-31;m07-f;75233;64458;1;EBITDA > total du bilan
0871341201;TINA-JADE;2025-12-31;m87-f;843.26;49005.44;;630 absent
0871347535;ANV SYSTEMS;2025-12-31;m87-f;-728;13672;;630 absent
0871495807;TINTTECH;2025-12-31;m81-f;-132508.34;364239.77;8;variation N/N-1 extrême
0871553314;BUFFIN & FILS;2025-12-31;m87-f;-36253.5;242521.87;2.3;variation N/N-1 extrême
0871584689;DECALINO;2025-12-31;m87-f;8718.27;27822.64;;630 absent
0871696438;GLACIER ZIZI;2025-12-31;m81-f;85968.91;705797.99;5.5;variation N/N-1 extrême
0871731278;CONCEPTZONE;2025-06-30;m87-f;372.14;2032.24;;630 absent
0871733852;SOCODETEC;2025-12-31;m87-f;95176.78;122049.19;;variation N/N-1 extrême
0872228453;KDU.C;2025-11-30;m01-f;-103631;1833232;1;variation N/N-1 extrême
0872368708;ECOLMA;2025-12-31;m02-f;793443;4220900;;EBITDA dans la bande sans personnel déclaré
0872411367;INDUSTRIAL RECYCLERS PROPERTY;2025-12-31;m01-f;420555.74;2055845.66;;EBITDA dans la bande sans personnel déclaré
0872485405;JASPART;2025-12-31;m87-f;19720.05;93883.59;;variation N/N-1 extrême
0872634071;HC MERTES GONCALVES;2025-12-31;m07-f;4709;45289;;630 absent
0872849352;STEIN-TEAM;2025-12-31;m87-f;498556.78;651140.43;0.9;variation N/N-1 extrême
0872993862;MONUMENTS FUNERAIRES du RHEES;2023-12-31;m87-f;-37725.53;136244.04;;"exercice ancien (2023-12-31); variation N/N-1 extrême"
0873086211;AGEBOTEX ECLAT;2025-12-31;m07-f;-3518.95;13676.58;;630 absent
0873132038;NEW MOVE;2025-12-31;m87-f;-6778.35;20326.38;;630 absent
0873235075;ARDENNES PRODUCTIONS;2025-12-31;m07-f;-4263.58;11890.96;;630 absent
0873392057;CO-EDIL;2024-12-31;m07-f;-561;84573;;630 absent
0873533104;ABC SYSTEM;2025-12-31;m87-f;-2513.92;6219.66;;630 absent
0873584275;IMMOBILIERE FORESTIERE ET AGRICOLE ARDENNES-CONDROZ;2025-12-31;m07-f;53252.61;319390.67;;variation N/N-1 extrême
0873797180;MECACONCEPT SERVICES;2025-12-31;m81-f;16806.52;557453.57;0;630 absent
0873988014;Isosystems;2025-12-31;m01-f;-1085.7;206025.64;;630 absent
0874311478;RAYAN FIDJI;2025-12-31;m87-f;1525.57;21785.81;;630 absent
0874620690;BONESIRE David;2024-12-31;m87-f;3499.91;3460.95;;"630 absent; EBITDA > total du bilan"
0874668497;TERRANIVEAU;2025-12-31;m87-f;9578.04;77520.82;0.8;630 absent
0874981471;C L CONSULTING;2025-12-31;m87-f;11148.49;69506.6;;630 absent
0875018588;HASYL;2023-12-31;m07-f;8114.96;79876.53;;exercice ancien (2023-12-31)
0875058279;S.G.G.V;2025-12-31;m01-f;8122.31;4300320.35;;"630 absent; variation N/N-1 extrême"
0875060358;EMMANUEL GHORAIN;2025-09-30;m07-f;323618;1714613;;EBITDA dans la bande sans personnel déclaré
0875062635;BASTILLE VENTURE CAPITAL;2025-12-31;m01-f;-169510.61;1589162.33;0;"630 absent; variation N/N-1 extrême"
0875085203;NEW TAXIS DE LA DYLE;2024-12-31;m07-f;26500.53;72356.66;1;variation N/N-1 extrême
0875221102;WALD-JACK;2025-12-31;m01-f;619;9919;;630 absent
0875314241;OLIVIER DE LAET;2025-06-30;m81-f;76547;685360;;630 absent
0875379765;ANDACE;2025-09-30;m87-f;-453.04;531008.98;;630 absent
0875583267;Büllinger Holzhandel;2025-12-31;m87-f;100310.53;1204821.53;2.1;variation N/N-1 extrême
0875608607;DAVI;2025-12-31;m87-f;40970.8;23598.71;;"630 absent; EBITDA > total du bilan"
0875730054;K.M.I. CONCEPT;2025-12-31;m07-f;;20929;;"9901 absent; 630 absent"
0875868923;IMMO OZ LIGHTING SPRL;2025-12-31;m07-f;-5295.82;180268.55;;630 absent
0875914849;4T;2025-12-31;m87-f;31170;60821;;630 absent
0875988786;SMIDA;2025-12-31;m87-f;31084.52;44283.16;;630 absent
0876123794;NUTRADIA;2025-12-31;m02-f;-768318.52;30825464.49;76.8;exercice de 18 mois
0876177343;S H SAHAR;2025-12-31;m87-f;-10054.24;201923.41;;630 absent
0876200010;AV-NF;2025-12-31;m87-f;6353.8;34890.93;;variation N/N-1 extrême
0876336206;COVIMUS;2025-12-31;m87-f;182284.28;196751.3;;variation N/N-1 extrême
0876551287;EFES;2023-09-30;m07-f;-22322.38;66479.07;;"630 absent; exercice ancien (2023-09-30); variation N/N-1 extrême"
0876564155;PLOMBERIE JEAN ET FILS;2025-12-31;m87-f;32396.13;22843.93;;EBITDA > total du bilan
0876586129;TRANSELEC;2023-12-31;m87-f;57236.85;287703.04;;"exercice ancien (2023-12-31); variation N/N-1 extrême"
0876675211;Christian SCHOORE;2024-12-31;m01-f;-368.77;200267.98;;630 absent
0876876535;HD-TECH;2025-12-31;m87-f;-8358.4;34784.22;;630 absent
0877223854;Charlotte THOMAS;2025-12-31;m81-f;29341;995947;;630 absent
0877270671;K.L.B. & CO;2023-12-31;m87-f;6133.75;119202.9;;exercice ancien (2023-12-31)
0877320062;GARO ANO;2024-12-31;m87-f;32141.81;44158.58;;variation N/N-1 extrême
0877341244;BURON;2025-12-31;m01-f;7263.06;71318.98;;630 absent
0877473183;Henno Chauffage;2025-12-31;m87-f;25178.35;40480.17;0.8;variation N/N-1 extrême
0877505649;NAVY BLACK;2025-12-31;m87-f;-15155.23;149240.84;;630 absent
0877732016;Le 9e Bureau;2025-12-31;m81-f;7466.88;5235.47;;"630 absent; EBITDA > total du bilan"
0877764579;FORTILAB;2025-12-31;m87-f;14728.53;1388862.18;;630 absent
0877824462;CETPROBEL;2025-08-31;m02-f;2327081.29;16020890.12;;EBITDA dans la bande sans personnel déclaré
0878040139;DP LANDSCAPE STUDIO;2025-12-31;m87-f;92581.18;297511.92;;variation N/N-1 extrême
0878124865;DRICOT MICHEL;2025-12-31;m87-f;-6842.57;18687.67;;variation N/N-1 extrême
0878187520;DATA TECHNICS AND MANAGEMENT;2025-09-30;m87-f;-285.69;25427.26;;630 absent
0878252846;PERFUME;2025-12-31;m87-f;29685.88;23985.07;;"EBITDA > total du bilan; variation N/N-1 extrême"
0878263140;FAVORI BIJOUTERIE;2025-12-31;m87-f;3501.1;32876.89;;630 absent
0878433285;NEREMAT CONCRETE;2025-09-30;m01-f;105847.1;1031710.91;;630 absent
0878731611;R & C SERVICES;2025-12-31;m81-f;65657.52;87185.64;;630 absent
0878759919;SONAF;2025-12-31;m87-f;-2569.89;29876.9;;630 absent
0878910268;VONYX;2025-06-30;m81-f;8984.43;23162.93;;630 absent
0879200971;B.V.O.;2025-12-31;m87-f;-2829.75;15289.77;;variation N/N-1 extrême
0879254817;ENAIRGIE DU HAINAUT;2025-12-31;m01-f;2073163.78;7097374.78;;EBITDA dans la bande sans personnel déclaré
0879483855;Charlie Invest;2025-06-30;m87-f;36906.71;1774756.57;1.9;630 absent
0879639352;ANANTARA;2026-06-30;m01-f;-192523.47;61838;;630 absent
0879659346;STYLE BUSINESS SERVICES;2023-12-31;m07-f;2665.11;83024.79;;"exercice ancien (2023-12-31); variation N/N-1 extrême"
0879687159;EUROBEL SERVICES;2025-12-31;m81-f;6500.61;100521.47;;variation N/N-1 extrême
0879869875;TP1 SPRLU;2025-12-31;m07-f;-2555.21;1157.76;;630 absent
0879932035;SABENA AEROSPACE;2025-12-31;m02-f;-60055.97;5401208.34;;630 absent
0879954997;ISYTEC;2025-12-31;m81-f;729591.47;2423752.18;12.3;variation N/N-1 extrême
0880099410;JB TRANSP;2025-12-31;m01-f;21405.29;538390.96;0.8;630 absent
0880151769;VARIANIN;2024-12-31;m87-f;-6317.93;17096.76;;630 absent
0880170971;ONE 4 YOU;2025-03-31;m87-f;14653.36;73426.32;;630 absent
0880215909;M SCREEN;2025-12-31;m81-f;5846.35;613734.74;0;630 absent
0880220065;Fabrimat.be;2025-12-31;m87-f;25034.06;123179.47;1;variation N/N-1 extrême
0880285886;AEROCARE;2025-12-31;m87-f;7548;42027;;variation N/N-1 extrême
0880292321;MULTI FOODS SERVICE;2025-12-31;m87-f;11733.83;93604.84;;variation N/N-1 extrême
0880399120;MONIR;2025-12-31;m87-f;6770.65;40093.05;;variation N/N-1 extrême
0880405949;SYENSQO SPECIALTY POLYMERS BELGIUM;2023-12-31;m02-f;20590929.31;63816435.02;128.2;"exercice ancien (2023-12-31); dépôt plus récent inexploitable (2026-00155163:404 [m02-f-p/Initial], 2026-00155165:404 [m02-f-p/Initial], 2025-00540329:404 [m02-f-p/Initial], 2025-00540167:404 [m02-f-p/Initial])"
0880410503;BASF INTEROX H202 PRODUCTION;2025-12-31;m02-f;3453048.73;99265850.59;;EBITDA dans la bande sans personnel déclaré
0880410897;CHAS-D RENOVATION;2023-06-30;m07-f;14252.55;89056.91;;"exercice ancien (2023-06-30); variation N/N-1 extrême"
0880449303;ROYAL SHOP MATIC;2025-06-30;m87-f;-23.71;12747.87;;630 absent
0880476225;AGRI-DELVAN;2025-12-31;m87-f;30145.86;103341.15;;630 absent
0880517401;AMBIANCE VERANDAL;2025-12-31;m87-f;17797.89;37083.18;;630 absent
0880551548;BELGIAN CO-OPERATIVE TRADERS;2023-06-30;m87-f;6617.33;187737.97;;exercice ancien (2023-06-30)
0880602622;LISARA;2025-12-31;m87-f;729.71;4794.73;;630 absent
0880627762;CEY;2025-12-31;m87-f;67593.22;81909.9;2.7;variation N/N-1 extrême
0880661119;SANI-BAL;2025-12-31;m87-f;21311;110239;;variation N/N-1 extrême
0880679034;FUL.ISO;2025-12-31;m87-f;26315.46;52826.2;;630 absent
0880691308;Business Solutions and Services;2025-12-31;m87-f;8719.61;33575.41;0.2;"630 absent; variation N/N-1 extrême"
0880792068;CZ Logistique;2025-12-31;m87-f;13203.62;150966.51;2.2;630 absent
0880815032;SEYBOUSSE SPRL;2025-12-31;m07-f;-12039.15;11316.04;;630 absent
0880918564;ECLIPSE TOTALE;2025-09-30;m87-f;20302.9;57861.47;;variation N/N-1 extrême
0880939350;OPTIMIZED RADIOCHEMICAL APPLICATIONS;2024-12-31;m81-f;501404.04;6429777.97;9.5;dépôt plus récent inexploitable (2026-00351432:404 [m81-f-p/Initial])
0880977556;AME DU BOIS;2023-12-31;m81-f;-12883.45;60096.97;;exercice ancien (2023-12-31)
0881076536;CHIDANI;2023-12-31;m87-f;-10277.45;95902.26;3.8;exercice ancien (2023-12-31)
0881154730;G.A.Y. 'Trans;2023-12-31;m81-f;230500.95;1235036.34;15.5;exercice ancien (2023-12-31)
0881255688;TUBES PROJECT;2023-12-31;m87-f;22095.66;71915.73;4.8;"630 absent; exercice ancien (2023-12-31)"
0881278355;BRUSSELS NETWORK OPERATIONS;2025-12-31;m82-f;1342214.77;30294672.19;1201.7;630 absent
0881299735;RIGHT INK;2023-12-31;m87-f;-66623.92;218378.1;4.6;exercice ancien (2023-12-31)
0881415640;European Rail Systems;2025-12-31;m01-f;524799.43;6333586.63;2.4;variation N/N-1 extrême
0881419994;KURTULUS YUSUF;2025-12-31;m07-f;5652.06;29886.67;;630 absent
0881503831;EUROJAPAN CAR AND PARTS;2025-12-31;m87-f;560697.42;2627070.56;;EBITDA dans la bande sans personnel déclaré
0881597762;T M A;2024-12-31;m87-f;;47499;;"9901 absent; 630 absent"
0881960226;ABELINDO;2024-08-31;m87-f;3340.34;63507.33;;630 absent
0882167983;ADLI;2025-12-31;m87-f;;68201.82;;"9901 absent; 630 absent"
0882239645;ALYXEL MAINTENANCE;2025-12-31;m81-f;-72154.83;26236.59;0;variation N/N-1 extrême
0882502634;Machines et Pièces;2023-12-31;m01-f;319399.07;6370999.03;1.7;exercice ancien (2023-12-31)
0882544503;JD'C INNOVATION;2025-12-31;m81-f;837337.74;2045002.32;;EBITDA dans la bande sans personnel déclaré
0882603493;BAKAR INVEST;2025-06-30;m87-f;-18777.12;723050.2;;630 absent
0882630120;J.F.C. EVENTS;2025-12-31;m07-f;14660;187294;0.5;630 absent
0882639721;KATHO KOMMERZ;2025-12-31;m01-f;20983.15;1008738.11;;630 absent
0882921021;BRASSERIE DE BRUNEHAUT;2023-12-31;m07-f;-140557.75;682223.02;7;exercice ancien (2023-12-31)
0882960118;SHILAN;2025-12-31;m87-f;440.55;49384.16;;630 absent
0882990703;sitomeca;2024-03-31;m01-f;163842.43;6291515.28;4;dépôt plus récent inexploitable (2025-00550296:404 [m01-f-p/Initial])
0883044547;Pythyas Development Group;2025-12-31;m07-f;5635;9674;;630 absent
0883061670;unitedprint.com Belgique;2025-12-31;m81-f;1699.09;119738.92;;"630 absent; variation N/N-1 extrême"
0883062957;Bluebridge Logistics;2024-12-31;m02-f;-173297.51;1563889.34;24.5;dépôt plus récent inexploitable (2026-00288656:404 [m02-f-p/Initial])
0883140161;FLEURIMO;2025-06-30;m02-f;1909970;9632216;0;"exercice de 21 mois; EBITDA dans la bande sans personnel déclaré; variation N/N-1 extrême"
0883190542;MATTHIEU DUCHENE DESIGN;2025-06-30;m81-f;779806.37;2524488.99;;EBITDA dans la bande sans personnel déclaré
0883235181;HAMOUTAX;2025-12-31;m07-f;-15256;24587;;variation N/N-1 extrême
0883615659;FragaWiline;2025-09-30;m07-f;27044.08;76101.36;;630 absent
0883781054;BLONDIN;2025-12-31;m07-f;30964;26091;;EBITDA > total du bilan
0883851825;LA TEMPERATURE IDEALE;2025-09-30;m82-f;652919.95;8465816.17;54.3;variation N/N-1 extrême
0883908045;DEPANNAGES SAINT JEAN;2025-12-31;m87-f;339793;1542377;;EBITDA dans la bande sans personnel déclaré
0884009401;EUROBREW;2025-04-30;m87-f;8624.83;864952.17;;630 absent
0884096206;CREST;2025-12-30;m01-f;620262.05;13764720.33;;EBITDA dans la bande sans personnel déclaré
0884136588;JEAN-LOUIS PREVOST;2025-12-31;m87-f;56732.84;248066.74;;variation N/N-1 extrême
0884200629;ANTRASIET;2023-12-31;m07-f;28682.6;80572.84;;"630 absent; exercice ancien (2023-12-31); variation N/N-1 extrême"
0884234974;RECYPACK;2025-12-31;m81-f;33662.79;26837.75;0;"630 absent; EBITDA > total du bilan"
0884288523;ATS-DIAMOND;2025-12-31;m87-f;7010.72;61795.07;;630 absent
0884468269;SISO;2025-06-30;m87-f;21060.18;4507.52;;EBITDA > total du bilan
0884481533;axes;2025-12-31;m87-f;472442.36;2575248.14;;EBITDA dans la bande sans personnel déclaré
0884484107;COUTURIER EXPRESS;2025-12-31;m87-f;-6633;14102;;630 absent
0884508752;BLANC;2025-12-31;m87-f;-1221.43;1502.88;;630 absent
0884532211;PLAFONNAGE CREATION;2025-12-31;m07-f;-10251.18;20327.95;;630 absent
0884542406;L&C;2023-12-31;m81-f;162619;454742;;"630 absent; exercice ancien (2023-12-31)"
0884567546;FLASH BAGUETTE;2025-12-31;m87-f;24923.37;223540.11;;variation N/N-1 extrême
0884581503;FREEWAY SHIPPING;2025-12-31;m87-f;20639.33;282363.25;;630 absent
0884591203;SPRL EMMANUEL;2025-03-31;m07-f;-7706.27;42812.53;;630 absent
0884608128;TIMCON;2025-12-31;m87-f;3784;16333;;variation N/N-1 extrême
0884728288;PPTXXL;2025-09-30;m87-f;41935.42;159201.72;0.9;variation N/N-1 extrême
0884792824;RECRE EN BOIS;2024-12-31;m07-f;2164.08;14955;;630 absent
0884844688;NIWEN & FILS;2025-12-31;m87-f;-1771.65;28584.75;;630 absent
0885002660;ENERGIE-FLEUVES;2025-12-31;m01-f;2796334.47;21205014;;EBITDA dans la bande sans personnel déclaré
0885142618;CANNELLI;2025-12-31;m87-f;-652.43;3186.03;;630 absent
0885321869;A³ SYSTEM;2025-12-31;m87-f;46185.34;92931.47;;variation N/N-1 extrême
0885347308;carrobel;2024-12-31;m87-f;-5556.7;54622.15;;630 absent
0885418077;TELECOM-ENERGIE-SERVICES;2023-12-31;m87-f;11087.55;41561.86;;exercice ancien (2023-12-31)
0885503991;DUMA ENGINEERING GROUP;2025-12-31;m87-f;391302.73;2727516.63;;"EBITDA dans la bande sans personnel déclaré; variation N/N-1 extrême"
0885619601;PEROLO DISTRIBUTION;2024-12-31;m81-f;512912.35;2298149.65;;"EBITDA dans la bande sans personnel déclaré; variation N/N-1 extrême"
0885633655;PEPS PHOTODESIGN;2025-12-31;m87-f;-2076.08;217801.45;;"630 absent; variation N/N-1 extrême"
0885650580;TASSO CONCEPT;2025-12-31;m87-f;28435.19;33511.75;;variation N/N-1 extrême
0885651570;KGC SOLUTIONS;2024-12-31;m87-f;-2665.62;2096.16;;630 absent
0886015816;HYGI PANEL;2023-12-31;m81-f;298772.37;3169254.07;497556.8;exercice ancien (2023-12-31)
0886185466;KRAL TRANS;2025-12-31;m87-f;37006.76;350121.07;;variation N/N-1 extrême
0886435488;TRADOVA.Logistics;2023-12-31;m87-f;202543;3100583;;exercice ancien (2023-12-31)
0886451326;TANK-EUROPE TPS;2025-12-31;m07-f;-334.73;7969.83;;630 absent
0886626124;ADVANCED INDUSTRIAL SENSORS;2025-12-31;m87-f;-10743.19;1661.78;;630 absent
0886697091;ASP SAMAIN;2025-09-30;m81-f;79165.87;1801340.03;;variation N/N-1 extrême
0886727181;ARMOIRES ET AUTOMATION;2025-12-31;m87-f;82948.36;221319.19;3;630 absent
0886846947;Cyclomedica Benelux;2025-12-31;m81-f;188317.41;1325838.65;0;630 absent
0886847541;OVARRO;2025-12-31;m02-f;2229036;16411703;19.4;variation N/N-1 extrême
0886873770;CAMION   REEMPLOI COLINET;2025-12-31;m87-f;-69221.46;90827.28;;variation N/N-1 extrême
0886885549;KOUKYAS;2025-12-31;m07-f;1822.43;16546.16;;"630 absent; variation N/N-1 extrême"
0886907127;H.R.S.;2025-12-31;m87-f;52633;162480;;variation N/N-1 extrême
0887089546;TRADITIONS WALLONIE;2025-12-31;m02-f;-8002.98;120624.11;;630 absent
0887179816;BONGAERT;2024-12-31;m01-f;24728.54;33646.4;2;variation N/N-1 extrême
0887233957;ARJEMO;2025-12-31;m02-f;339236.6;1378445.04;100.5;variation N/N-1 extrême
0887307302;MB VOLET;2025-12-31;m87-f;28267.87;90947.53;;variation N/N-1 extrême
0887381833;ALYAS;2025-12-31;m87-f;2694.04;4504.96;;630 absent
0887494966;Laboratoire DIPO;2025-12-31;m87-f;1000;24258.63;;"630 absent; variation N/N-1 extrême"
0887577912;LELLA L;2025-12-31;m81-f;19526;17556;;EBITDA > total du bilan
0887599092;RECUP.SAMBREVILLE;2025-12-31;m87-f;771.45;25613.24;;630 absent
0887848027;MVM-LUX;2025-12-31;m81-f;-67733.66;940658.78;0.5;variation N/N-1 extrême
0887971751;ARCADRE;2024-12-31;m81-f;-16102.97;2731342.82;0;630 absent
0888285913;DELICACY;2025-03-31;m01-f;-61105.95;1211841.79;15.3;variation N/N-1 extrême
0888364305;JLF CONCEPT;2025-12-31;m87-f;-1580.35;1633.35;;630 absent
0888367075;ECODEM;2025-12-31;m07-f;11116.2;24123.44;;630 absent
0888397957;GARAGE COSTA;2025-12-31;m87-f;2562.23;16907.82;;630 absent
0888581069;SEQUOIA DESIGN;2025-12-31;m87-f;24198.54;74041.13;0.2;variation N/N-1 extrême
0888604627;MIDYAT MARKET;2025-12-31;m87-f;705411;2462445;;EBITDA dans la bande sans personnel déclaré
0888798033;PAUL MULLER;2024-12-31;m87-f;6382;199246;;dépôt plus récent inexploitable (2026-00523467:404 [m87-f-p/Initial])
0888851085;MAUTONE & CIE;2025-12-31;m87-f;680.4;3434.29;;630 absent
0888954619;tri concept;2025-09-30;m87-f;63562.05;25573.76;;EBITDA > total du bilan
0888975306;CORDONA WIND;2026-03-31;m02-f;1426995.06;7720365.72;;EBITDA dans la bande sans personnel déclaré
0888985105;SPV ZWANKENDAMME;2025-12-31;m02-f;-0.01;2715137.51;;630 absent
0889076066;Menuiserie DAUSSAINT;2026-03-31;m87-f;63396.77;166514.74;;variation N/N-1 extrême
0889079927;MOBILIS ASSISTANCE;2025-12-31;m08-f;21831.64;95920.47;22.5;variation N/N-1 extrême
0889129417;AGRI HUART;2025-06-30;m81-f;1220356.16;7418149.74;;EBITDA dans la bande sans personnel déclaré
0889223645;HDS;2025-12-31;m87-f;2275.15;247554.85;;630 absent
0889257495;SWITCH MEDIA;2025-12-31;m87-f;-601.04;12513.23;;630 absent
0889394582;FLUIDITY;2025-12-31;m81-f;1046218.13;24704270.25;;EBITDA dans la bande sans personnel déclaré
0889452881;VDM Process;2025-09-30;m81-f;773873.65;2535197.09;;EBITDA dans la bande sans personnel déclaré
0889733686;BESTO BELGIUM;2025-12-31;m07-f;-86546.02;1251616.34;3.2;variation N/N-1 extrême
0889884334;FRIPKOT KILO;2025-12-31;m87-f;11788.23;30155.9;2.9;630 absent
0889896311;TRANS-PRO-BOIS;2025-12-31;m01-f;144338.43;882323.12;3.6;variation N/N-1 extrême
0889926203;POLYCHIMIE;2025-12-31;m87-f;52673.89;176185.05;1;variation N/N-1 extrême
0890082292;BRUSSELS AIRPORT COMPANY;2025-12-31;m02-f;331569470;3552938199;1150;dépôt plus récent inexploitable (2026-00217912:404 [m120-f-p/Initial], 2026-00215656:404 [m120-f-p/Initial])
0890159102;ELICIO BASTOGNE;2025-12-31;m01-f;453656.15;1187527.93;;"630 absent; EBITDA dans la bande sans personnel déclaré"
0890173849;BOULANGERIE TROISFONTAINE;2025-12-31;m87-f;-5359.03;61832.82;4.9;variation N/N-1 extrême
0890222943;VAN COLEN POTATOES;2025-06-30;m02-f;2788955.42;17302874.54;37.4;variation N/N-1 extrême
0890299157;CENTRIBEL RECYCLAGE;2025-12-31;m81-f;500406.74;2266084.15;10;exercice de 18 mois
0890300642;Thierry VINCENT;2025-06-30;m81-f;369612;2177737;0;EBITDA dans la bande sans personnel déclaré
0890316082;KEISER MENUISERIE;2023-12-31;m81-f;-583247.27;297845.79;7.8;"exercice ancien (2023-12-31); variation N/N-1 extrême"
0890411005;CITY AIR;2023-12-31;m87-f;28553.37;83948.05;;exercice ancien (2023-12-31)
0890464750;Dépannage RIGA;2025-12-31;m81-f;354102.92;4097892.66;;EBITDA dans la bande sans personnel déclaré
0890465938;SPECIALTY METALS RESOURCES;2024-12-31;m02-f;580825.73;18077540.7;;EBITDA dans la bande sans personnel déclaré
0890502065;G.E.T.ENVIRONNEMENT;2025-12-31;m81-f;240909.21;1284953.09;1;variation N/N-1 extrême
0890511270;AGROTRANS;2024-12-31;m87-f;29776.91;629230.38;;630 absent
0890645288;SODIC;2025-12-31;m81-f;-1267.55;828.66;;630 absent
0890778813;Bus & Coach  Services;2025-12-31;m81-f;122797.26;627564.64;7.8;variation N/N-1 extrême
0890890956;JONCQUIERE-EXPORT;2025-06-30;m81-f;27243.1;732599.89;;"630 absent; variation N/N-1 extrême"
0891001220;MIKE EVENT SERVICES;2025-12-31;m87-f;8282.08;45031.72;;630 absent
0891010821;CAPSULE;2025-06-30;m87-f;18194.67;78451.15;;variation N/N-1 extrême
0891140879;Sirocco Wind;2026-03-31;m02-f;5944498.2;38058178.27;;EBITDA dans la bande sans personnel déclaré
0891184530;HILLTEX;2025-12-31;m07-f;6539.65;97207.76;1;630 absent
0891247480;Canaille Production;2025-06-30;m87-f;-5631;76262;;variation N/N-1 extrême
0891292517;BEPO DYNAMICS;2025-12-31;m87-f;6344.5;114.6;;"630 absent; EBITDA > total du bilan"
0891321419;KAROTT;2025-12-31;m01-f;219850.89;172185.09;;EBITDA > total du bilan
0891357051;JD TRANSPORT;2025-12-31;m07-f;-2645.08;2490.53;;630 absent
0891381696;AYCAN & AYDIN;2025-12-31;m87-f;-106555.82;15136.31;;630 absent
0891384171;TIME LIMIT MUSIC;2025-12-31;m87-f;7735;19222.55;;630 absent
0891400997;PRESS TALKING;2025-12-31;m87-f;36592.4;219215.29;;variation N/N-1 extrême
0891469194;PATISSERIE CHANSON;2025-12-31;m81-f;-34217;65065;3;630 absent
0891603709;DELEXPRESS;2025-12-31;m87-f;5247;5141;;EBITDA > total du bilan
0891658840;VDS MARECHALERIE;2025-12-31;m87-f;-1632.65;3800.01;;630 absent
0891700313;PISTIL;2025-12-31;m87-f;26267.27;70934.9;;variation N/N-1 extrême
0891817604;ARTISAN DU TEMPS;2025-12-31;m81-f;551981.52;4861109.7;;EBITDA dans la bande sans personnel déclaré
0892076633;MOBICOLD;2025-09-30;m87-f;40058.57;463085.43;;variation N/N-1 extrême
0892325269;GG TRANS;2024-12-31;m07-f;6535.22;71118.12;;630 absent
0892466910;IMAGEFIELDS;2025-03-31;m87-f;29292.62;26763.8;;"EBITDA > total du bilan; variation N/N-1 extrême"
0892567967;RAIL PARK INDUSTRIES;2025-12-31;m01-f;38420.53;624709.07;;630 absent
0892612113;PEIFFER & CHERTON ENTREPRISES;2025-12-31;m07-f;;1;;"9901 absent; 630 absent"
0892722375;AVIAPRO;2025-12-31;m87-f;71477.1;54336.95;;EBITDA > total du bilan
0892753059;UB4;2023-12-31;m07-f;-81805.63;2576;;exercice ancien (2023-12-31)
0892895985;MOREL DISTRIBUTION BELGIQUE;2025-09-30;m02-f;-222470.43;1356301.59;;630 absent
0892938943;WELLENS ELECTRO;2024-09-30;m87-f;-46721.54;98358.85;;630 absent
0892996450;INTERWORKS TRANS;2025-12-31;m81-f;468976.23;2073547.5;;EBITDA dans la bande sans personnel déclaré
0893000707;IN-OCTAVO;2025-12-31;m87-f;6204.67;52610.12;;variation N/N-1 extrême
0893067914;LILLO ENERGY;2025-12-31;m02-f;4496452.98;18555198.52;;EBITDA dans la bande sans personnel déclaré
0893119481;Eqwal Braine-l’Alleud;2023-09-30;m81-f;155398.56;1157110.98;6;"exercice ancien (2023-09-30); exercice de 9 mois"
0893143534;G.PAT;2025-12-31;m87-f;13374.89;157541.64;;variation N/N-1 extrême
0893249442;Tara Quintessence;2025-12-31;m87-f;-13904.7;88651.62;;variation N/N-1 extrême
0893263496;LEGION LOGISTIC;2025-06-30;m87-f;28730.07;204264.57;;variation N/N-1 extrême
0893323973;KLUBER LUBRICATION BELGIUM NETHERLANDS;2025-12-31;m02-f;2639982.4;3395757.46;5.3;630 absent
0893344759;OWA BREWERY;2023-12-31;m07-f;-16433.29;82915.01;;exercice ancien (2023-12-31)
0893552914;AZRA-TRANS;2024-12-31;m07-f;20097.77;250414.84;;exercice de 3 mois
0893592407;MOVE ATTITUDE;2025-12-31;m87-f;333566;588039;;"EBITDA dans la bande sans personnel déclaré; variation N/N-1 extrême"
0893668027;JONA AGRI;2025-06-30;m81-f;1280652.55;4666012.77;3;variation N/N-1 extrême
0893701184;TL EXPLOITATION;2024-12-31;m07-f;116081.23;304510.2;;variation N/N-1 extrême
0893759384;DEHONE;2023-12-31;m87-f;2819.25;6313.38;;"630 absent; exercice ancien (2023-12-31)"
0893835501;ADECOR-TECHNICS;2025-12-31;m81-f;16615.22;169551.35;3;630 absent
0893878754;TRANSPORT OLIVIER MORELLE;2025-12-31;m81-f;-2780.35;631905.72;;"630 absent; variation N/N-1 extrême"
0893972883;NOHA;2023-12-31;m87-f;-31530.03;49223.19;;"630 absent; exercice ancien (2023-12-31)"
0894080078;GENERAL OFFICE VISAS AND SERVICES;2025-12-31;m87-f;32119.76;63982.92;;630 absent
0894101557;KYOTO TECHNOLOGIES 1;2025-12-31;m01-f;-1377.21;29185.01;;630 absent
0894104230;VANE'SS;2023-12-31;m07-f;-3308.63;6603.48;;"630 absent; exercice ancien (2023-12-31)"
0894204693;SEVEN 7;2025-12-31;m87-f;44966.25;52694.41;;variation N/N-1 extrême
0894371474;LASER COATING DIAMOND TECHNOLOGY;2023-12-31;m07-f;-97698.87;1851618.21;5;exercice ancien (2023-12-31)
0894408096;YDK;2025-12-31;m87-f;-158.7;8.94;;630 absent
0894452638;KINETIC STD;2025-12-31;m87-f;21707.37;29270.26;;variation N/N-1 extrême
0894471444;transport et terrassements Bianco & fils;2025-12-31;m87-f;42320.57;12915.14;;"EBITDA > total du bilan; variation N/N-1 extrême"
0894579134;LORYS transports;2025-12-31;m87-f;86962.17;565772.91;;variation N/N-1 extrême
0894633770;RLM  STRUCTURES;2025-12-31;m87-f;42554.65;1079334.83;;"630 absent; variation N/N-1 extrême"
0895034737;M.J.008;2025-12-31;m87-f;-885;31575.37;;630 absent
0895153513;LIVING INVEST SPRL;2025-12-31;m01-f;-8582.21;292959.12;;"630 absent; variation N/N-1 extrême"
0895344939;NG Fusion;2025-12-31;m87-f;-133635.76;7723868.16;;630 absent
0895373742;BEL-AY;2025-12-31;m07-f;30026.29;174921.87;;"630 absent; variation N/N-1 extrême"
0895399575;PIERRARD Energies;2025-12-31;m81-f;1061175.59;5017101.98;2.9;exercice de 18 mois
0895410562;SAGITA;2025-12-31;m07-f;11055.66;7460.42;;"EBITDA > total du bilan; variation N/N-1 extrême"
0895550520;AgriRéseaux;2025-12-31;m82-f;769450.36;8390338.98;;EBITDA dans la bande sans personnel déclaré
0895564178;EK TRANS;2023-12-31;m87-f;-1524.78;2920.78;;exercice ancien (2023-12-31)
0895650092;NETWORK CABELING;2024-12-31;m87-f;89556.08;388168.97;;variation N/N-1 extrême
0895688496;LEVAN OBAIX;2025-06-30;m81-f;859541.46;5077144.74;;EBITDA dans la bande sans personnel déclaré
0895692555;ALEXION PHARMA BELGIUM;2024-12-31;m82-f;607838.05;8736126.5;8;630 absent
0895865274;HBL LOGISTICS;2025-12-31;m87-f;23352.68;41263.21;;630 absent
0896035718;Scènes et Fil;2025-12-31;m87-f;-3616.25;10701.73;;630 absent
0896314345;FOOD N'JOY;2025-12-31;m01-f;353550.32;3952122.14;22.8;variation N/N-1 extrême
0896350175;KRYSALID;2025-12-31;m87-f;472954;904506;;EBITDA dans la bande sans personnel déclaré
0896644838;L'ATELIER DU PALAIS GOURMAND;2023-12-31;m87-f;36898.89;171410.29;;exercice ancien (2023-12-31)
0897175665;COMETRANS BELGIUM;2025-09-30;m01-f;118156.43;1839489.38;16.8;variation N/N-1 extrême
0897218722;ENTREPRISE JCL;2023-12-31;m87-f;11292;98638;;exercice ancien (2023-12-31)
0897256631;GRAFXDESIGN;2025-12-31;m87-f;39384.63;261104.54;3.3;variation N/N-1 extrême
0897256829;LERN APPREND;2025-06-30;m87-f;-15356.31;1347669.45;;630 absent
0897269301;GUNEY & TUZ;2024-12-31;m81-a;12022;37711;;variation N/N-1 extrême
0897312059;P5 PRODUCTION;2023-09-30;m07-f;10046.51;248223.28;;exercice ancien (2023-09-30)
0897419848;VERGER DE LA CHISE;2025-12-31;m81-f;420422.58;1843829.82;6;variation N/N-1 extrême
0897595240;encadrement truffino;2025-12-31;m87-f;30744.98;45981.91;;variation N/N-1 extrême
0897603455;ART SCHEMA;2025-12-31;m87-f;18748;3169;;"630 absent; EBITDA > total du bilan"
0897718766;Lefitec;2025-12-31;m87-f;-35283.33;48144.45;;"630 absent; variation N/N-1 extrême"
0897820221;ARTYS GALLERY;2025-12-31;m87-f;164528.97;193301.6;;variation N/N-1 extrême
0897916528;FANTOM;2024-12-31;m87-f;-1093.63;5.35;;"630 absent; variation N/N-1 extrême"
0897935136;MARION;2025-09-30;m87-f;28.25;60398.42;;630 absent
0897964632;WHITEB;2025-03-31;m87-f;65457.92;96516.17;1.2;variation N/N-1 extrême
0898023030;XL TRANS;2024-12-31;m07-f;-243.8;20.21;;630 absent
0898281960;ADO CONSTRUCT;2023-12-31;m87-f;20764.4;91628.65;;exercice ancien (2023-12-31)
0898335707;PIERRE VERBEEK;2025-12-31;m87-f;9339.12;55370.13;;variation N/N-1 extrême
0898347781;STB COPTER;2025-05-31;m81-f;2637.37;1031667.76;;630 absent
0898378366;HEATING & COOLING TECHNICS;2025-12-31;m87-f;-1490.9;163389.87;;630 absent
0898489818;MENUISERIE THIRY;2026-03-31;m87-f;21096.27;17851.19;;EBITDA > total du bilan
0898539704;T.S.R.&CO;2023-12-31;m87-f;32995.54;141216.66;;"exercice ancien (2023-12-31); exercice de 6 mois"
0898553263;IMMO VIE NOUVELLE;2025-12-31;m87-f;43997.19;160794.94;;variation N/N-1 extrême
0898553560;Energy4Circle;2025-12-31;m01-f;-28269.25;310978.99;;"630 absent; variation N/N-1 extrême"
0898652243;ACREA;2025-12-31;m87-f;15317.85;65981.93;;630 absent
0898671049;COMET RECHERCHES ET DEVELOPPEMENTS;2025-12-31;m07-f;-487.43;145894.75;;630 absent
0898693518;IMMO UNIVERS;2025-12-31;m87-f;17732.29;200.33;;"630 absent; EBITDA > total du bilan"
0898800020;BOIS DE LOUVRANGES;2025-12-31;m87-f;10452.97;43560.11;;variation N/N-1 extrême
0898833573;MIL-TEK Belgium Luxembourg;2025-12-31;m07-f;17327;396410;;"630 absent; variation N/N-1 extrême"
0899175944;BIO-ZONE;2025-12-31;m87-f;456772.83;5637105.62;;EBITDA dans la bande sans personnel déclaré
0899347673;GNT BELGIUM;2025-06-30;m07-f;1928.03;20094.49;;630 absent
0899439131;G.B.D. LIGHTING;2025-12-31;m01-f;-1427.43;340625.78;;"630 absent; variation N/N-1 extrême"
0899443881;JAGGAB;2025-12-31;m01-f;-27930.93;9983061.2;0;630 absent
0899607692;Hecny Logistics Belgium;2025-12-31;m01-f;417677.74;5469379.41;20.9;exercice de 15 mois
0899614523;BMR GREEN ENERGY;2026-06-30;m81-f;-13567.44;22077.12;;630 absent
0899663617;TRANSLIFE;2025-12-31;m87-f;-1223.39;159331.76;;630 absent
0899708850;CAUTAR;2024-12-31;m87-f;19182;126849;;630 absent
0899764476;TRANSPORT GHS;2024-12-31;m81-f;62884;500887;18;variation N/N-1 extrême
0899781304;SINNEK;2025-12-31;m87-f;91385.73;743448.85;;variation N/N-1 extrême
0899795853;KAIZER TRADE;2025-12-31;m87-f;114321.89;162503.61;6.5;variation N/N-1 extrême
0899814263;Parc Eolien de Leuze-en-Hainaut;2025-12-31;m01-f;700489.15;2845823.91;;EBITDA dans la bande sans personnel déclaré
0899836732;SALIA;2025-12-31;m87-f;9587.97;6578.3;;"630 absent; EBITDA > total du bilan"
0899839702;BRUVAL;2025-12-31;m87-f;38600.89;457749.96;;variation N/N-1 extrême
0899949172;WINDFARM SANKT-VITH;2025-12-31;m01-f;1893044.71;5844759.5;;EBITDA dans la bande sans personnel déclaré
0899964317;PMD Engineering;2025-09-30;m87-f;-12493.64;2440.6;;630 absent
1000003286;MOBIL AIDE;2024-12-31;m87-f;54516.88;163334.33;1.8;exercice de 15 mois
1000083460;Service de Mécanique Générale de Précision Concept;2024-12-31;m81-f;-37040;16254;;"630 absent; exercice de 15 mois"
1000086727;Green for Power - Hélios;2025-12-31;m01-f;3179936.26;34489155.34;;"EBITDA dans la bande sans personnel déclaré; variation N/N-1 extrême"
1000102464;VDK FOOD RETAIL;2024-12-31;m01-f;518829.52;2467982.67;44.6;exercice de 15 mois
1000199464;FUNERAILLES LE CHENOIS;2024-12-31;m87-f;10111.01;32751.3;;exercice de 15 mois
1000310421;IKG;2025-12-31;m87-f;-6653.1;67966.23;;630 absent
1000335759;BEFIRST TECH;2025-12-31;m87-f;-2693.7;5120.29;;630 absent
1000463641;DiyEgo;2023-12-31;m87-f;471.31;43400.85;;"exercice ancien (2023-12-31); exercice de 3 mois"
1000470965;HOMEWOOD CONCEPT;2024-12-31;m87-f;28905.48;172179.04;;exercice de 15 mois
1000513626;MARGEO;2024-12-31;m87-f;12323.8;248606.99;;"630 absent; exercice de 15 mois"
1000567074;FA SERVICE;2025-12-31;m87-f;24218.82;142347.5;;variation N/N-1 extrême
1000575982;KAMGA FOTSO DENIS INVESTISSEMENT;2024-12-31;m87-a;-48995;68369.33;;exercice de 15 mois
1000591919;BP JOURNEY;2025-12-31;m87-f;-852.77;8742.35;;630 absent
1000629432;SAFETY TRAFFIC;2025-12-31;m87-f;29218.04;37255.45;;630 absent
1000703270;No Brainer Belgium;2025-12-31;m87-f;-7587.35;11243.59;;630 absent
1000768103;CCW LOGISTICS BELGIUM;2024-12-31;m81-f;-7448.79;13621.53;;"630 absent; exercice de 15 mois"
1000771071;COCOONING LOVE EUROPE;2025-12-31;m87-f;-3616.18;37896.46;;630 absent
1000827786;MO&ZO CLEANING;2025-12-31;m87-f;-1726.59;3090.44;;630 absent
1000842733;MIHAM;2024-12-31;m87-f;18364.04;96096.71;;exercice de 15 mois
1000843426;HYDRAS WATER MANAGEMENT;2025-12-31;m81-f;-5955.45;56575.66;;"630 absent; variation N/N-1 extrême"
1000847879;TAF GROUP;2024-12-31;m87-f;3977.87;11382.04;;"630 absent; exercice de 15 mois"
1000876088;YOWA’S SERVICE;2024-12-31;m87-f;8536.8;124017.34;5.5;"630 absent; exercice de 15 mois"
1000974177;A.B.R GROUP;2025-12-31;m81-f;;2163.15;;"9901 absent; 630 absent"
1000993280;AY-TRANS;2025-12-31;m87-f;-35667.73;356925.14;;variation N/N-1 extrême
1001029310;STCL;2025-09-30;m81-f;256647.79;565950.41;6.7;variation N/N-1 extrême
1001084441;LMS SERVICES;2024-12-31;m07-f;;;;"9901 absent; 630 absent"
1001116511;SKN LOGISTICS;2025-12-31;m07-f;-12897.14;11875.09;;630 absent
1001122251;IBO SERVICES;2025-12-31;m87-f;43112.32;51304.51;;variation N/N-1 extrême
1001137691;PROLINK;2024-12-31;m07-f;-24704.11;6774.23;;630 absent
1001160952;LUCTOR PRO;2025-12-31;m87-f;133421.1;245690.99;;630 absent
1001165011;CARBONE;2025-12-31;m87-f;25242.35;54777.31;;630 absent
1001185302;ANG SPICE;2024-12-31;m01-f;-1571.58;38291.07;;630 absent
1001197475;BUKAS;2025-12-31;m87-f;50841.97;268533.91;;variation N/N-1 extrême
1001248945;CTI TRANSPORT & LOGISTICS;2024-12-31;m87-f;59033.95;66470.42;;"630 absent; exercice de 15 mois"
1001263791;Y.M.S. Services;2025-12-31;m87-f;16993.64;40617.13;;variation N/N-1 extrême
1001266068;S. MOECKX;2025-03-31;m01-f;46479;209209;3.7;exercice de 18 mois
1001305957;MR TECHNICS;2025-12-31;m87-f;22212.49;25423.07;;variation N/N-1 extrême
1001358615;YDH International logistics Belgium;2025-12-31;m81-f;-207983.86;1906945.1;5.4;variation N/N-1 extrême
1001368414;SHL SERVICES;2024-12-31;m87-f;13817.74;23771.41;;exercice de 14 mois
1001370095;MFC SERVICES;2025-12-31;m87-f;25733.2;43007.15;;630 absent
1001385240;ACCIAIO CONCEPT;2025-12-31;m87-f;-3611.73;4774.51;;"630 absent; variation N/N-1 extrême"
1001391178;SECRETS DE FARINE;2024-12-31;m87-f;19715.67;86230.25;;exercice de 14 mois
1001399690;DETRALUX;2025-12-31;m87-f;-2753.89;537.39;;"630 absent; variation N/N-1 extrême"
1001403056;PRESTIGE 48;2024-12-31;m87-f;-320.92;143.89;;exercice de 14 mois
1001410578;MATAR BUSINESS;2024-12-31;m07-f;;;;"9901 absent; 630 absent"
1001411271;DREAM ENERGY BELGIQUE;2025-12-31;m87-f;-26282.74;594963.59;;630 absent
1001411964;AS DRIVE;2024-12-31;m87-f;3873.11;11067.59;0.3;"630 absent; exercice de 14 mois"
1001419090;HMZ TOURS MESSAGERIE;2025-12-31;m87-f;-2008.82;1930.81;;630 absent
1001434829;SP HVAC;2025-04-30;m87-f;11433.67;37411.82;;"630 absent; exercice de 18 mois"
1001465216;D&L TRANSPORT;2025-12-31;m87-f;-6518;15512;;"630 absent; variation N/N-1 extrême"
1001529354;BELLANOCA TRANS;2025-06-30;m07-f;16320.68;45122.35;;"630 absent; exercice de 21 mois"
1001559246;CHARLEROI TRANS;2024-12-31;m07-f;-1018.99;8854.46;;630 absent
1001561424;SAGITTAE GROUP;2024-12-31;m87-f;36556;54227;;exercice de 14 mois
1001571520;MW EXPRESS;2024-12-31;m01-f;;2200;;"9901 absent; 630 absent; exercice de 14 mois"
1001591217;LBA Services;2025-09-30;m87-f;23471.96;19824.62;;EBITDA > total du bilan
1001658622;HVAC.BE;2023-12-31;m87-f;81047.69;147650.96;;"630 absent; exercice ancien (2023-12-31); exercice de 2 mois"
1001688910;BCL Distribution;2024-12-31;m87-f;7044.08;32846.9;;exercice de 14 mois
1001690690;STRADALE AUTOMOBILE;2025-12-31;m87-f;7304.66;49574.44;;"630 absent; variation N/N-1 extrême"
1001741764;CHAMMAH & CO;2025-12-31;m87-f;;22666.08;;"9901 absent; 630 absent"
1001742952;Sur-Mesure;2025-12-31;m87-f;-51004.01;106616;1.3;variation N/N-1 extrême
1001759778;Speedstream Management;2024-12-31;m87-f;-3228.07;691.38;;"630 absent; exercice de 14 mois"
1001778089;SEBO CONCEPT;2024-12-31;m87-f;-10147.3;17262.01;;exercice de 14 mois
1001823720;GLOBAL PARTNERS & Cie;2025-12-31;m07-f;40978.87;258940.16;2.1;variation N/N-1 extrême
1001842526;SOLARIO;2024-12-31;m81-a;-13283.29;44.98;;exercice de 14 mois
1001916562;WALLITRANS;2024-12-31;m87-f;40219.83;176382.77;;exercice de 14 mois
1001920918;CLIMA CO;2025-12-31;m87-f;10364.65;54829.5;;variation N/N-1 extrême
1001938437;DIGRETAIL;2025-12-31;m01-f;-150933.3;3342945.89;36.7;variation N/N-1 extrême
1001995449;AL Trees Solutions;2025-09-30;m87-f;323255;1239077;;EBITDA dans la bande sans personnel déclaré
1002002872;PRIVATE SHUTTLE;2025-12-31;m87-f;-76950.48;11884.67;3.9;630 absent
1002010790;CARATRANS EXPRESS;2025-06-30;m87-f;104799.81;191659.24;;exercice de 20 mois
1002012374;HOLCIM GO4ZERO;2025-12-31;m01-f;-9829.29;252504170.24;0;630 absent
1002014750;DATA DELEGATE;2024-12-31;m87-f;;1000;;"9901 absent; 630 absent; exercice de 14 mois"
1002019896;MOZZARTE;2025-09-30;m87-f;-2784.06;12945.55;;630 absent
1002021183;HAS GROUP;2025-12-31;m87-f;145905.09;190509.02;3.9;variation N/N-1 extrême
1002073742;BMK Soudure;2025-12-31;m87-f;78706.82;114013.54;;variation N/N-1 extrême
1002125806;Lovidis;2025-12-31;m87-f;-840.43;39374.94;;630 absent
1002176482;ROEMIT;2024-12-31;m87-f;17907.97;327004.95;3;exercice de 14 mois
1002176680;C.D. Logistics;2024-12-31;m87-f;38193.82;241313.89;2.8;exercice de 14 mois
1002196971;RAMDOUN;2025-12-31;m87-f;687.45;15598.77;;630 absent
1002201525;SYLORY;2025-12-31;m87-f;-32714.64;147806.46;;variation N/N-1 extrême
1002219440;REEMPRO BENELUX;2025-08-31;m81-f;7748.94;195276.31;1.5;exercice de 22 mois
1002258933;EXPRESS FREEZE;2024-12-31;m87-f;-2938.66;42789.78;;exercice de 14 mois
1002265564;RELECX;2024-12-31;m87-f;26494.06;40489.2;;exercice de 14 mois
1002266455;TENORY;2024-12-31;m87-f;-6375.97;9043.6;;"630 absent; exercice de 14 mois"
1002276254;LICENTRE;2024-12-31;m01-f;-8624;80372;;exercice de 14 mois
1002278927;AF SERVICES;2024-12-31;m07-f;24777.87;34192.63;;exercice de 14 mois
1002334058;PC ENERGY;2025-12-31;m81-f;155286.87;3812560.09;;variation N/N-1 extrême
1002360584;Intelligent Technology Network;2025-12-31;m87-f;118595.05;120462.2;1.9;variation N/N-1 extrême
1002363653;BEIROUT;2025-12-31;m87-f;11650.93;14102.57;;variation N/N-1 extrême
1002366425;IRISTRANS;2024-12-31;m87-f;5480.96;22066.47;;exercice de 14 mois
1002378697;ICLBE;2024-09-30;m87-f;-17513.35;308005.84;;exercice de 10 mois
1002387112;AMGB TRADING;2024-12-31;m87-f;94578;187614.74;;"630 absent; exercice de 13 mois"
1002407304;Au Sourire de la Crémière;2024-12-31;m87-f;74590.08;114641.35;1;exercice de 13 mois
1002416113;DRIFTWOOD ATELIER;2025-12-31;m87-f;44105.2;111610.24;;variation N/N-1 extrême
1002445510;SCAR;2025-12-31;m01-f;687076.81;3955005.82;26;variation N/N-1 extrême
1002452141;TiiNaTii;2025-06-30;m81-f;12814;3685;;EBITDA > total du bilan
1002460554;My Permis;2024-12-31;m87-f;9274.61;13756.92;;exercice de 13 mois
1002463623;MCFT BELGIUM;2024-12-31;m81-f;-121422.73;6299.55;1.8;exercice de 13 mois
1002472828;Fluxys c-grid;2025-12-31;m01-f;-65645;11171380;;630 absent
1002472927;Fluxys hydrogen;2025-12-31;m01-f;52292;96665156;3.5;630 absent
1002485003;Litmer Belgium;2025-12-31;m81-f;-2291.01;1468897.03;;630 absent
1002487971;GLOBAL TECHNICAL SERVICE CONSULTING;2025-12-31;m87-f;16685.66;43274.63;;630 absent
1002532117;MOKAMO;2025-12-31;m87-f;-39290.99;22696.06;0.3;variation N/N-1 extrême
1002538253;OriGinal Dry Clean;2025-12-31;m87-f;-2552.35;27925.37;;630 absent
1002543597;CJ;2025-12-31;m87-f;7846.62;27115.64;;variation N/N-1 extrême
1002552705;GLORKX;2025-12-31;m87-f;;2000;;"9901 absent; 630 absent"
1002560524;ANGEORING;2025-09-30;m87-f;37987;57048;;variation N/N-1 extrême
1002582892;KNOWLEDGE INVESTOR GROUP;2025-06-30;m07-f;90578;82927;;"exercice de 19 mois; EBITDA > total du bilan"
1002590812;DREAM ENERGY ARDENT;2025-12-31;m81-f;-56539.92;1629818.85;;variation N/N-1 extrême
1002612487;SPRAYSTONE THEMING;2025-12-31;m87-f;139809.17;181148.17;;variation N/N-1 extrême
1002640203;AlloTaxis;2025-12-31;m87-f;5718.75;19408.99;;630 absent
1002651683;NAVETTES BENOIT;2025-12-31;m81-f;-2;6512;;630 absent
1002689394;AM TRANSPORT;2025-12-31;m87-f;;9940;;"9901 absent; 630 absent"
1002689493;JH PARK;2024-12-31;m87-f;-1645;9;;"630 absent; exercice de 13 mois"
1002695334;CJM GROUP;2024-06-30;m87-f;141984.06;312971.59;5.6;exercice de 9 mois
1002726216;SM LOGISTIEK;2024-12-31;m87-f;11606.56;63679.6;;exercice de 13 mois
1002757987;BEST CHAPE;2024-12-31;m87-f;7655.61;185652.43;;exercice de 13 mois
1002802430;DRIVECO BELGIUM;2025-12-31;m81-f;-159041.19;1743696.93;6.8;630 absent
1002812823;D&C WOOD;2024-12-31;m87-f;-8143.53;86797.33;0.4;exercice de 14 mois
1002813417;EXPEDIPRO;2025-09-30;m07-f;59648.11;251562.63;;"630 absent; exercice de 22 mois"
1002814110;KIBOU-DESTOCK;2025-12-31;m87-f;-3162.58;6994.09;;variation N/N-1 extrême
1002825689;ASADY;2025-12-31;m01-f;-288.99;14282.43;;630 absent
1002840339;AERIS ENERGY;2024-12-31;m81-f;-4418.58;31008.13;;exercice de 13 mois
1002841824;GLOBAL SERVICES CONSULTING;2025-06-30;m07-f;10393;67654;1;exercice de 19 mois
1002980889;MIDNIGHT GROUP;2024-12-31;m87-f;2987.78;32745.69;;"630 absent; exercice de 13 mois"
1002995935;GULLU-CAR & CO;2025-12-31;m87-f;46404.72;304477.3;;variation N/N-1 extrême
1003023649;A&I TRADING;2024-12-31;m87-f;30015.25;211114.01;7;exercice de 13 mois
1003029191;YU LOGISTICS;2025-12-31;m87-f;273150.71;422877.54;5.4;variation N/N-1 extrême
1003039287;EL MANAGEMENT;2025-12-31;m81-f;44978.2;73614.47;;630 absent
1003058984;SHAOKE Logistics;2025-12-31;m87-f;48997.29;3569515.87;;630 absent
1003069674;O.G TRANSPORT;2025-12-31;m87-f;-6822.12;31202.87;;630 absent
1003076109;HS Promotion;2025-12-31;m81-f;-9636.15;5616414.88;;630 absent
1003076505;ALMASAR;2025-12-31;m87-f;13697.2;20297.97;;variation N/N-1 extrême
1003108177;LUNA;2024-12-31;m07-f;37798.27;301789.79;;exercice de 13 mois
1003133814;NISEN-S;2025-12-31;m87-f;92717.34;565065.12;;630 absent
1003139059;BANDEO;2025-06-30;m07-f;42601.93;49598.09;;"630 absent; exercice de 21 mois"
1003151432;GREAN FROST;2025-12-31;m87-f;598.64;2011.83;;630 absent
1003157469;MY TANNOUR GROUP;2025-12-31;m81-f;145363.61;4908794.94;3;variation N/N-1 extrême
1003168753;AZLAF;2025-12-31;m87-f;3737.8;34867.84;;630 absent
1003203296;Gourmandise Garage;2025-12-31;m07-f;24823.69;40709.16;;variation N/N-1 extrême
1003221708;Momo Engineering;2024-12-31;m07-f;4325;48544;;exercice de 13 mois
1003249620;AXXION GROUP;2025-12-31;m87-f;35137.56;114598.43;;630 absent
1003251994;DRIVEME;2024-12-31;m87-f;58255.04;206953.05;;exercice de 13 mois
1003353944;12Street;2025-12-31;m01-f;76777.36;1405440.69;;variation N/N-1 extrême
1003362258;LE CONGLOMERAT;2025-12-31;m87-f;-39668.84;45770.66;;630 absent
1003369087;ELFA & CO;2024-12-31;m87-f;-2467.59;544.79;;"630 absent; exercice de 13 mois"
1003371067;ADELINE HALOT;2024-12-31;m87-f;59305.93;110004.72;;exercice de 13 mois
1003409768;YVEBE KITCHEN;2025-12-31;m87-f;164872.89;255441.77;;variation N/N-1 extrême
1003425507;Menuiserie Yoann Vlaeminck;2025-12-31;m87-f;49787.23;120385.18;;variation N/N-1 extrême
1003440551;AIRE CONSTRUCT;2024-12-31;m87-f;82429.23;162393.32;;630 absent
1003553189;11PM STUDIO;2025-12-31;m87-f;-11874.61;44803.48;;variation N/N-1 extrême
1003628118;BREWDGER;2025-12-31;m87-f;-1235.82;6170.22;;630 absent
1003651971;JLC AUTO;2025-12-31;m87-f;-18599.35;72916.08;;variation N/N-1 extrême
1003668007;Sucre d'Or;2025-12-31;m87-f;29635.41;94293.01;;630 absent
1003696315;T.M.K ELEC;2025-12-31;m87-f;4483.82;21316.43;;630 absent
1003703936;ABRAHAM MANAGEMENT;2025-12-31;m87-f;26369.75;58856.22;;630 absent
1003705124;HEDACH MONTAGE;2025-12-31;m87-f;-527.96;49928.2;;630 absent
1003721455;Organic Molecules Networks for the Industrial Sector;2025-12-31;m87-f;-1079.15;2459.72;;630 absent
1003735610;OKT PUMPING;2025-12-31;m87-f;11235;34851;;630 absent
1003736895;BATTRANS;2025-12-31;m87-f;-106590.8;87586.37;;630 absent
1003745508;LOGIFA;2025-12-31;m87-f;-905.43;473396;;630 absent
1003772034;CONSAFE LOGISTICS;2024-12-31;m81-f;186.57;290877.74;1;630 absent
1003788860;Green Power Tech;2024-12-31;m87-f;2510.57;8132.85;1;630 absent
1003857255;TRANS DEVERD;2024-12-31;m87-f;110953.65;134932.35;;630 absent
1003873487;ANTONY TRAVEL;2024-12-31;m87-f;31174.99;62006.74;0.9;"630 absent; exercice de 15 mois"
1003912485;MULSANNE;2025-12-31;m07-f;-213.7;5791.74;;630 absent
1003957324;MONT EOLE;2025-12-31;m81-f;856730.57;7416619.05;;EBITDA dans la bande sans personnel déclaré
1003974942;DYNAMIS;2025-12-31;m07-f;;6000;;"9901 absent; 630 absent"
1003979197;SOLUTIO GRAPHIC;2024-12-31;m87-f;74911.89;115748.55;;exercice de 13 mois
1003994342;SORAZE DRIVER;2025-12-31;m87-f;-785.12;1775.13;;630 absent
1004097379;FILS DE PAUL;2025-12-31;m87-f;-5266.94;19592.32;0.6;variation N/N-1 extrême
1004144889;TIPTOP STUDIO;2025-12-31;m87-f;8633;17798;;variation N/N-1 extrême
1004160925;MB General Construction;2025-12-31;m87-f;10889.86;13132.72;;exercice de 24 mois
1004283956;InDeep solutions;2025-12-31;m87-f;10140.17;35932.7;;"630 absent; variation N/N-1 extrême"
1004290983;SO'TOTCHÎ;2025-12-31;m87-f;-2023.78;232.23;;630 absent
1004306128;Eco Drive ND;2025-10-31;m87-f;36600.24;74713.51;1.3;exercice de 22 mois
1004381154;JVHDT;2025-12-31;m87-f;-2679.01;2100.38;;630 absent
1004427377;OUIAM;2024-12-31;m87-f;9570.88;22133.29;;630 absent
1004473206;VDM&S;2025-03-31;m81-f;548533.41;1065614.96;;"exercice de 15 mois; EBITDA dans la bande sans personnel déclaré"
1004494584;JUST ADMIN;2025-12-31;m87-f;26734.35;45673.62;;630 absent
1004525367;SHAM DRIVER;2025-12-31;m87-f;;10000;;"9901 absent; 630 absent; exercice de 24 mois"
1004562682;PHONE GENIUS;2024-12-31;m07-f;-12103.87;7956.98;;630 absent
1004595346;LN CHAUFFAGE-SANITAIRE;2025-12-31;m87-f;25984.62;37408.78;;630 absent
1004596138;FESTI'GRILL;2025-12-31;m87-f;-35512.31;29981.03;0.2;variation N/N-1 extrême
1004669976;BC BOIS;2025-06-30;m87-f;80116.49;133996.3;;exercice de 17 mois
1004692247;AGRIFLAM;2025-06-30;m87-f;5977;77030;;exercice de 17 mois
1004720852;BPOMP;2025-12-31;m87-f;;1644.5;;"9901 absent; 630 absent"
1004752031;E.N. TRANS;2024-12-31;m87-f;-2309.25;62000.55;;exercice de 11 mois
1004781428;GROUPE IMMECA;2025-12-31;m87-f;-2587.07;503111.94;;630 absent
1004824384;L.D.L SERVICES;2024-12-31;m87-f;-6286.21;10648.04;;"630 absent; exercice de 11 mois"
1004851308;ELSON SERVICES;2025-12-31;m87-f;-1617.89;5712.92;;630 absent
1004902083;CLEFS 50 NAIRE;2025-12-31;m87-f;6732.8;20127.35;;"630 absent; variation N/N-1 extrême"
1004910397;Maison Vanssen;2025-12-31;m87-f;12211.84;44376.29;;variation N/N-1 extrême
1004970478;STEELYJAM;2025-12-31;m87-f;-59988.93;152214.64;;630 absent
1005003736;OZIZ ONE;2024-12-31;m07-f;-12522.19;55064.9;;exercice de 11 mois
1005010169;TBS ALCHIMIST;2025-12-31;m87-f;11480.12;99641.76;;variation N/N-1 extrême
1005032836;BIKIM TRANSPORT;2024-12-31;m87-f;33882.45;147030.96;;exercice de 11 mois
1005078267;TOWN TAXI;2024-12-31;m87-f;13155.83;67703.37;;exercice de 11 mois
1005078960;K.T.S TRANSPORT;2024-12-31;m87-f;25199.83;68040.5;;exercice de 11 mois
1005086185;KOSKER INDUSTRIEL;2024-12-31;m87-f;988.73;17369.38;;exercice de 11 mois
1005094105;GARAGE WALIDA;2025-12-31;m87-f;706.82;46631.86;;630 absent
1005148543;HOME LINE;2025-12-31;m87-f;;50234.29;;"9901 absent; 630 absent"
1005161114;ZOLDIK;2024-12-31;m87-f;11726.48;20864.1;;"630 absent; exercice de 11 mois"
1005184472;M.H.G.;2024-12-31;m87-f;70014.55;1256106.44;;exercice de 11 mois
1005200112;CMK GLOBAL;2024-12-31;m87-f;18644.57;22588.98;;exercice de 11 mois
1005214364;Tyndall Trade Solutions;2025-12-31;m87-f;-4170.04;3274.44;;630 absent
1005232675;DV SECOURS – CLEAN FAB;2025-12-31;m81-f;-6646.17;1458.25;;630 absent
1005243761;CK Transport;2025-12-31;m87-f;258799.24;230787.44;3.7;"630 absent; EBITDA > total du bilan"
1005257916;SH HEATING;2025-12-31;m87-f;-6746.1;21198.11;;variation N/N-1 extrême
1005262765;HSINE;2024-12-31;m87-f;-3117;50450;;exercice de 11 mois
1005291370;MJK Transports;2024-12-31;m87-f;27545.32;70553.91;2.8;630 absent
1005291469;ANYTIME COMPANY;2025-12-31;m87-f;-551.37;471.94;;630 absent
1005334427;Laoé;2024-12-31;m87-f;2608.56;13082.34;;exercice de 11 mois
1005338484;FELIX TUR;2025-12-31;m07-f;19155.61;44168.37;;exercice de 23 mois
1005370356;AYM TRANSPORTS;2024-12-31;m87-f;24797.06;46739.84;;exercice de 11 mois
1005382531;ISM GROUP;2025-12-31;m87-f;2139.18;7207.44;;"630 absent; variation N/N-1 extrême"
1005384610;ADAMDRIVER;2025-12-31;m07-f;30664.49;121221.78;;variation N/N-1 extrême
1005395201;MAY TRANSPORT;2025-09-30;m87-f;-3577.93;12122.07;;"630 absent; exercice de 20 mois"
1005403119;BESIX Power;2025-12-31;m01-f;-10588.65;53323.58;;630 absent
1005462012;IKOD ALIMENTATION GENERALE;2025-09-30;m07-f;17399;116694;;exercice de 20 mois
1005568514;NEXLA BELGIUM;2024-12-31;m81-f;-3132.41;6618.75;;"630 absent; exercice de 11 mois"
1005627605;fabbb.be;2025-09-30;m87-f;21233.43;49896.46;;exercice de 20 mois
1005637503;MUJDE COMPANY;2024-12-31;m87-f;9424;23822;;exercice de 11 mois
1005637602;IMPERIAL DRIVE;2025-12-31;m87-f;-3350.37;200;;630 absent
1005645718;Sushi Bun;2024-12-31;m87-f;-5623.15;45611.58;;exercice de 11 mois
1005689664;DVA Management;2025-12-31;m87-f;5229.09;23049.86;;630 absent
1005693030;Skyline Rental Solutions;2024-12-31;m87-f;-561.29;8897.43;;630 absent
1005732325;N.S.A PARTS;2025-12-31;m87-f;-1811.59;41000;;630 absent
1005787555;ZILI SERVICES GROUP;2024-12-31;m87-f;-16515.45;134898.21;;exercice de 11 mois
1005797354;CHAUFFAGE PASSION;2025-12-31;m87-f;-4578.92;7024.95;;"630 absent; variation N/N-1 extrême"
1005801314;PETUNIA;2024-12-31;m87-f;17344;32654;;exercice de 11 mois
1005837243;FADI & AISHA BAZIN;2025-12-31;m87-f;136.38;36709.21;;630 absent
1005841302;DNY Montage Industrial;2024-12-31;m87-f;36953.51;55298.75;;"630 absent; exercice de 11 mois"
1005890493;VERRE BOUC;2025-09-30;m87-f;-28992.4;145049.71;11;exercice de 20 mois
1005900985;NOVA POST BELGIË;2025-12-31;m81-f;-20823.72;329035.77;;630 absent
1005903757;FT DENTAL;2025-12-31;m87-f;9340.97;179532.51;;630 absent
1005914744;JBR ALLIANCE;2025-12-31;m87-f;4505.45;8869.42;;"630 absent; variation N/N-1 extrême"
1005987097;SHIRIN;2024-12-31;m87-f;-8494;35240.01;;exercice de 11 mois
1006012140;MAYERLI;2024-12-31;m87-f;-19482.95;15677.46;;"630 absent; exercice de 11 mois"
1006025404;SAYFLIM;2024-12-31;m07-f;8383.58;67768.26;;exercice de 11 mois
1006026491;ABS TRADING;2025-12-31;m07-f;8197.92;41441.75;;"630 absent; variation N/N-1 extrême"
1006027580;FERRY4YOU BELGIUM;2025-12-31;m07-f;4163.97;117540.52;;630 absent
1006028075;IDRIVER;2025-12-31;m07-f;10463;20846.35;;630 absent
1006039458;Purenergie;2025-12-31;m87-f;26589.58;45230.05;;variation N/N-1 extrême
1006136458;Business Consulting PM;2025-12-31;m87-f;975.77;2406.09;;630 absent
1006191985;AEGX;2025-12-31;m87-f;164679.82;209501.54;;exercice de 22 mois
1006215939;3 M. A Concept;2025-12-31;m87-f;57332;86476;;variation N/N-1 extrême
1006242663;CDglace;2025-06-30;m87-f;25079.41;272136.98;;exercice de 16 mois
1006339762;AFRODITH;2024-12-31;m87-f;-27931.48;33031.14;;exercice de 10 mois
1006363518;EVIL PUG GAMES;2025-12-31;m87-f;-16693.57;10504.13;;exercice de 22 mois
1006365595;ArénoV;2025-12-31;m87-f;28975.65;98801.33;;variation N/N-1 extrême
1006379552;Uni Company;2025-12-31;m81-f;-523379.68;390015.74;1.4;variation N/N-1 extrême
1006383908;MGP Consult;2025-12-31;m87-f;81879.56;153505.21;;630 absent
1006395883;Kinamania;2024-12-31;m87-f;-43144.97;57333.77;;exercice de 10 mois
1006396180;BRYEPOM;2025-12-31;m81-f;180748.03;1202960.56;;630 absent
1006432705;YETI SELF STORAGE;2025-12-31;m87-f;-83001.19;256735.09;;exercice de 22 mois
1006439633;JVM TRANSPORT;2025-12-31;m87-f;-7172.44;39400.61;;630 absent
1006467644;META-L174;2025-06-30;m81-f;4806.39;497399.78;1;exercice de 16 mois
1006471802;DJIWO SOW COMPANY;2025-12-31;m87-f;-913;1759;;630 absent
1006472394;NB LOGISTIQUES;2025-06-30;m87-f;-17074.02;113594.42;;exercice de 16 mois
1006498130;THERANUM;2025-06-30;m87-f;-26191.91;22706.13;;"630 absent; exercice de 17 mois"
1006512778;AFM CORP;2024-12-31;m87-f;31601.79;42356.14;;exercice de 10 mois
1006515451;2R TRANSPORT;2025-12-31;m87-f;60350;135475;;variation N/N-1 extrême
1006539009;MOLDTEAM;2024-12-31;m81-f;-21119.94;65622.98;;"630 absent; exercice de 10 mois"
1006543561;MS CARS;2025-12-31;m87-f;5810.61;73500.01;;630 absent
1006559892;WS CONCEPT;2024-12-31;m87-f;-11221.56;25226.75;;"630 absent; exercice de 10 mois"
1006633237;LAVANI;2025-12-31;m87-f;897.64;43168.39;;630 absent
1006641353;LOVIHEELS;2024-12-31;m87-f;-17789.86;6295.92;;"630 absent; exercice de 10 mois"
1006674710;NIBATESH;2025-06-30;m87-f;3308.76;12315.42;;"630 absent; exercice de 16 mois"
1006676886;Facility Group;2025-12-31;m87-f;22059.47;185619.87;;"630 absent; variation N/N-1 extrême"
1006689061;touche-touche;2024-12-31;m81-f;-4406.25;25335.67;;exercice de 10 mois
1006710243;KOUBAYOU;2025-12-31;m01-f;4338.71;24775.47;;630 absent
1006711431;VIP TRANS;2024-12-31;m87-f;;10000;;"9901 absent; 630 absent"
1006725881;PaCi Services;2024-12-31;m87-f;-9750.05;86932.14;;exercice de 10 mois
1006727663;RCS ENTREPRISE;2024-12-31;m87-f;1854.81;207664.78;;exercice de 10 mois
1006778539;L44;2025-12-31;m87-f;-1816.95;74430.6;;630 absent
1006825653;Envision Logistics;2025-12-31;m01-f;51800;1558058;1.7;"630 absent; exercice de 22 mois"
1006839511;MHD MNL;2025-12-31;m87-f;18432.6;65787.05;;exercice de 22 mois
1006842083;Performance Logistiek;2025-12-31;m87-f;-28311.43;24110.42;;630 absent
1006866235;SWIFTIFY;2024-12-31;m87-f;-618.64;1608.72;;"630 absent; exercice de 10 mois"
1006868710;HR Multiservices;2025-12-31;m87-f;20304.98;45168.64;;"630 absent; exercice de 22 mois"
1006888803;CLIC 4 LOGISTIC;2025-06-30;m87-f;10611.38;18095.43;;exercice de 16 mois
1006891276;CMF;2024-12-31;m87-f;27647.68;57515.13;;exercice de 10 mois
1006893949;A-Struc;2024-12-31;m81-f;-50477.51;59273.47;0.2;exercice de 10 mois
1006904936;TRADE DATA MONITOR;2025-12-31;m81-f;-27509.09;5445.37;0.3;"630 absent; variation N/N-1 extrême"
1006926118;AK TAXI;2025-12-31;m07-f;15406.44;29207.13;;variation N/N-1 extrême
1006964027;K&E SERVICES;2025-12-31;m07-f;-3970.3;15071.21;;630 absent
1006984021;TASLYB TRANSPORT & SERVICE;2024-12-31;m87-f;12482.97;19203.78;0.3;exercice de 10 mois
1006998867;ALLin CONCEPT;2025-03-31;m87-f;10388.33;16299.77;;"630 absent; exercice de 13 mois"
1006999065;GLOBAL AIRFREIGHT HANDLING;2025-12-31;m81-f;252071.41;582084.76;14;variation N/N-1 extrême
1007030541;H&F Company;2025-12-31;m87-f;326;8242;;630 absent
1007039746;INAYA EXPRESS;2024-12-31;m07-f;;6000;;"9901 absent; 630 absent; exercice de 10 mois"
1007068351;HKM Consulting;2025-06-30;m87-f;83607.41;126586.58;;630 absent
1007110814;RC REPAIR SYSTEM IT;2024-12-31;m87-f;-6849.88;8621.52;;"630 absent; exercice de 10 mois"
1007112101;ANDRE CONSTRUCT;2025-09-30;m07-f;36396.96;46147.36;;"630 absent; exercice de 19 mois"
1007117940;TRANSPORTS ID;2024-12-31;m87-f;-674.16;20831.69;;exercice de 10 mois
1007130907;ILBAY LOGISTICS;2025-12-31;m07-f;580664.8;816441.05;;"630 absent; EBITDA dans la bande sans personnel déclaré; variation N/N-1 extrême"
1007134271;MOULIN DE THY;2025-03-31;m87-f;-10899.06;153233.61;;exercice de 13 mois
1007135360;MODERN MANBO;2025-12-31;m87-f;-2088.02;10512.85;;630 absent
1007200785;AYA;2024-12-31;m07-f;-2038.93;41207.4;;exercice de 10 mois
1007203953;BeoTech;2025-06-30;m87-f;11338.74;104820.17;;exercice de 16 mois
1007240179;INTER LSC BINCHE;2025-12-31;m01-f;306486.36;4359797.16;32.1;variation N/N-1 extrême
1007245822;TERRE & PAIN;2025-12-31;m01-f;-349140.87;531224.83;15.9;variation N/N-1 extrême
1007246911;DKAMUT;2025-12-31;m87-f;-137632.52;79263.84;4.5;"630 absent; variation N/N-1 extrême"
1007252750;CONTINENTAL BAKES;2024-12-31;m87-f;-18876.19;16895.98;;"630 absent; exercice de 9 mois"
1007263242;Verslype Electricité;2025-12-31;m87-f;28512.33;76323.67;;variation N/N-1 extrême
1007279771;ATF Construct;2025-06-30;m81-f;1038047.82;1460180.41;11.9;exercice de 15 mois
1007291154;Helexia EaaS1;2025-12-31;m81-f;-8603.96;435162.62;;630 absent
1007297389;VIDANGE GAILLY;2025-12-31;m81-f;128466.53;302495.44;;exercice de 21 mois
1007328073;GROOTEN;2025-12-31;m87-f;15828;51027;;exercice de 22 mois
1007356480;Société de Reconversion de Chertal;2025-12-31;m01-f;-333033.44;75337050.29;;630 absent
1007356975;Société de Reconversion de la Cokerie d’Ougrée;2025-12-31;m01-f;-102037.45;79883016.23;;exercice de 21 mois
1007363212;MB TRANS CONTAINER;2025-12-31;m87-f;98450.26;137341.65;;variation N/N-1 extrême
1007385481;Your Cargo Contact LGG;2024-12-31;m07-f;-39888;19479;1;"630 absent; exercice de 9 mois"
1007399933;RAHMA TRANS;2025-12-31;m87-f;9091.26;49801.68;;variation N/N-1 extrême
1007402903;BB-BD;2025-12-31;m07-f;-4252.57;75001.53;;exercice de 21 mois
1007417155;AR transport express;2025-12-31;m87-f;3014.93;3892.26;1.8;exercice de 21 mois
1007427746;ROYAL DRIVER;2024-12-31;m87-a;49442.84;69894.55;;exercice de 9 mois
1007458430;PROFESSIONAL BUSINESS ACTIVITIES TRANSPORT BENELUX;2024-12-31;m87-f;-36534.76;45636.8;;exercice de 9 mois
1007461992;RRO TEHNIK;2026-03-31;m87-f;-2136.75;30905.24;0.3;630 absent
1007473771;L'amère en fût;2025-12-31;m87-f;-67975.3;150274.59;1.1;exercice de 21 mois
1007507821;IACHI TRANS;2025-12-31;m87-f;29908.33;16424.55;;"630 absent; EBITDA > total du bilan"
1007520984;SM DINANT;2025-12-31;m81-f;189831.68;1617813.69;43.4;variation N/N-1 extrême
1007523657;PJ LOGISTICS;2024-12-31;m87-f;-11650.6;9953.2;;"630 absent; exercice de 9 mois"
1007523954;BOUCHERIE HESBIGNONNE;2024-12-31;m87-f;-13452.44;306214.36;1.3;exercice de 9 mois
1007552262;PRIMUS-ATEN CONSULTING;2025-12-31;m87-f;-18033.92;65798.96;;"630 absent; variation N/N-1 extrême"
1007606306;4onju4on;2025-12-31;m87-f;-38041.21;234835.53;;"630 absent; exercice de 21 mois"
1007622043;VocoMemo;2025-12-31;m07-f;-7714.97;20675.97;;"630 absent; exercice de 22 mois"
1007666286;EUPALINOS d&c;2025-12-31;m87-f;193720.45;142880.34;;"exercice de 21 mois; EBITDA > total du bilan"
1007673117;Cabnam;2025-12-31;m81-f;194224.02;4455005.63;9.9;variation N/N-1 extrême
1007673810;WISH-BONES;2025-12-31;m87-f;132883.94;206023.5;;630 absent
1007678461;JAWAD COMPANY;2025-12-31;m87-f;62633.8;80105.41;;variation N/N-1 extrême
1007685884;DEKIAS;2025-03-31;m87-f;26143.37;23267.66;;"exercice de 13 mois; EBITDA > total du bilan"
1007741215;SIS EUROPEAN;2024-12-31;m87-f;15150.56;57394.16;;630 absent
1007742995;Quantum BioVenture Studio;2025-12-31;m81-f;-75074.8;1179396.58;;exercice de 21 mois
1007745470;UNE HISTOIRE DE FRAISES;2025-12-31;m87-f;-20116.49;34253.45;2.9;exercice de 21 mois
1007749529;FELIKS INVEST;2025-12-31;m87-f;1502.61;23228.72;;630 absent
1007766553;ALDMI MENUISERIE;2024-12-31;m87-f;1521.03;66300.7;2.1;exercice de 9 mois
1007787636;De Bresser Verhuizingen België;2025-12-31;m81-f;43561.51;192097.95;;630 absent
1007813271;DIPLOMATICO;2024-12-31;m87-f;-1784.7;97471.97;;exercice de 9 mois
1007813964;EMY CLEAN;2025-12-31;m07-f;36710.98;102100.26;;630 absent
1007815053;SCH COMPANY;2025-12-31;m87-f;-5299.2;50115.83;;exercice de 21 mois
1007817528;FJ TEC;2025-03-31;m87-f;27087.38;63623.5;;630 absent
1007896613;MP CONCEPT SOLUTIONS;2024-12-31;m87-f;40250.44;47560.95;;exercice de 9 mois
1007925614;Alectra;2025-12-31;m87-f;119518.19;146525.79;;variation N/N-1 extrême
1007932938;EMRELEC;2024-12-31;m07-f;72818.26;137514.12;;exercice de 9 mois
1007938381;IDEAL CLIMAT;2025-12-31;m87-f;20056.59;76398.3;;variation N/N-1 extrême
1007943727;OLLEO;2025-09-30;m87-f;13010.1;24335.13;;exercice de 18 mois
1007945905;ARGON2;2025-12-31;m87-f;67639.07;61410.72;;"exercice de 21 mois; EBITDA > total du bilan"
1007961048;E BIKE LOW COST;2025-12-31;m87-f;4897.55;8581.01;;"630 absent; variation N/N-1 extrême"
1007969758;Twist The Codes;2025-12-31;m87-f;-24070.15;39819.18;;630 absent
1007976092;ONLY C;2024-12-31;m87-f;3933;10699;;exercice de 9 mois
1008014003;COMAT BE;2025-12-31;m81-f;140660.73;2875051.45;;variation N/N-1 extrême
1008056959;FLEXFLOW SOLUTIONS;2025-12-31;m87-f;-75567.95;91284.27;;"630 absent; variation N/N-1 extrême"
1008063194;ACA TECHNICS;2025-12-31;m87-f;44120.42;124867.41;2;exercice de 21 mois
1008096056;FDCB;2025-06-30;m87-f;-761.88;21346.86;;"630 absent; exercice de 15 mois"
1008154949;F.I.H SOLUTION;2025-12-31;m87-f;;2500;;"9901 absent; 630 absent"
1008277782;MADE-AGRI;2025-12-31;m81-f;400799;857644;;EBITDA dans la bande sans personnel déclaré
1008304607;LM INVEST;2025-12-31;m87-f;57803.95;1190309.04;;variation N/N-1 extrême
1008327371;LMIDM Group;2024-12-31;m87-f;853.59;49397.13;;"630 absent; exercice de 9 mois"
1008336576;APEXX GROUP;2025-12-31;m87-f;-527;4758;;630 absent
1008344989;TIMA GLOBAL SERVICE;2024-12-31;m87-f;-4206;16095;;exercice de 9 mois
1008364884;GRAFIXO;2025-12-31;m87-f;8391.38;33740.88;;exercice de 21 mois
1008406060;L'ATELIER JOAILLIER;2025-06-30;m87-f;-22296.53;190094.23;;exercice de 14 mois
1008407149;PROLECAR;2025-09-30;m87-f;26315.85;436356.25;;exercice de 18 mois
1008421304;KAMARES;2025-12-31;m87-f;-29746.21;9332.51;;630 absent
1008443078;MMA LOGISTICS;2025-12-31;m87-f;81076.06;150134.5;;variation N/N-1 extrême
1008443573;SM TRANSPORT;2025-12-31;m87-f;48717.62;82775.65;;exercice de 20 mois
1008496627;HDD Services;2024-12-31;m87-f;13941.33;19190.14;;exercice de 9 mois
1008506030;LES TISSUS DE DARI;2025-12-31;m87-f;5521;27339;;630 absent
1008514641;CHAMPTINNE EXPLOITATION;2025-12-31;m01-f;-566.35;7838.96;;630 absent
1008551263;DENIS Pierre Chauffage/Sanitaire;2024-12-31;m87-f;60614.53;258036.32;;exercice de 8 mois
1008563042;TYCHO;2025-12-31;m87-f;91173.08;188616.87;;exercice de 20 mois
1008563537;Boeing Belgium;2025-12-31;m81-f;488078.24;9319234.9;16;variation N/N-1 extrême
1008607384;Qualidel Bois;2025-12-31;m87-f;9513.11;81126.64;;630 absent
1008630348;UKKO ENERGY;2025-12-31;m01-f;-427179.24;2220973.86;0.1;exercice de 20 mois
1008633417;Nicôdelà;2025-06-30;m87-f;3050.54;4168.38;;exercice de 14 mois
1008642127;LE FROMAGER ARDENT;2025-12-31;m87-f;5186.19;61453.42;;exercice de 20 mois
1008643117;THE BRUSSELS MORNING NEWSPAPER;2024-12-31;m87-f;740.94;4000;;"630 absent; exercice de 9 mois"
1008650936;JUDE PATISSERIE;2025-12-31;m87-f;-2317.54;2027.49;;"630 absent; variation N/N-1 extrême"
1008657171;BRASSERIE WOLKRAFT;2025-12-31;m87-f;1144.52;8654.45;;630 absent
1008674492;ALL IN SERVICES;2025-12-31;m87-f;60826.98;192931.52;;exercice de 20 mois
1008694486;Serrurier Vitrier Liège;2024-12-31;m07-f;2005.88;8573.91;;exercice de 8 mois
1008699931;DEELA LOGISTICS;2025-05-31;m87-a;-22250;56271;;exercice de 13 mois
1008703097;YK INVEST;2025-12-31;m87-f;-19695.94;84075.76;;"630 absent; exercice de 21 mois"
1008715965;HaversEvents;2025-12-31;m87-f;-4866.61;99191.79;;exercice de 20 mois
1008737939;AQUASOS BELGIQUE;2025-12-31;m87-f;26944.99;36417.75;;"630 absent; variation N/N-1 extrême"
1008748134;YAREN 42;2025-12-31;m07-f;19085.83;49043.68;;exercice de 21 mois
1008757537;Watt's Ohm Elec;2025-12-31;m87-f;60303.98;85317.9;;variation N/N-1 extrême
1008765158;FLY CITY;2024-12-31;m87-f;1190.43;19880.8;;"630 absent; exercice de 8 mois"
1008766445;SIBLINGS FRESH;2025-12-31;m07-f;3642.16;33563.83;;exercice de 20 mois
1008767633;LE BONHEUR SIMPLE;2025-12-31;m87-f;-1761.08;51561.52;;630 absent
1008786538;Sapiens Philea;2025-03-31;m87-f;-1451.38;14712.03;;"630 absent; exercice de 11 mois"
1008794060;QUEEN'S PIANO;2025-12-31;m81-f;624622.04;1669806.54;5;630 absent
1008795149;B.S TRANS SERVICE;2025-12-31;m87-f;-25792.61;66538.93;3.2;630 absent
1008828308;Transports PIRSON;2025-06-30;m87-f;201754.66;990355.09;;exercice de 15 mois
1008851171;KMC FAST;2025-12-31;m87-f;7859.1;9427.39;;630 absent
1008857606;SK&F;2025-12-31;m87-f;-1415.04;29408.66;;630 absent
1008868492;ALEX VAN IJZER;2025-06-30;m87-f;139572;141532.49;;exercice de 14 mois
1008869284;Bold MA;2025-06-30;m87-f;97602.77;145406.41;;variation N/N-1 extrême
1008870571;ZE SOLUTION;2025-12-31;m07-f;112087.94;182460.34;;exercice de 20 mois
1008870868;TBL LOGISTICS;2025-12-31;m87-f;-22149.53;43224.92;1;630 absent
1008886013;Carpinus Betulus;2025-12-31;m01-f;-6562.93;18301105.22;;630 absent
1008917982;SKP WORLD;2025-03-31;m87-f;-21467.61;205929.28;;exercice de 11 mois
1008956782;MARCOLUX;2025-12-31;m87-f;-22881.48;15857.6;0.7;630 absent
1008958960;REVALIO;2025-12-31;m87-f;61095.37;148401.46;;variation N/N-1 extrême
1008963415;Meta Barge 1;2025-12-31;m81-f;352193.36;7354107.07;0;"EBITDA dans la bande sans personnel déclaré; variation N/N-1 extrême"
1008967175;COLORHEAD BELGIUM;2025-08-31;m81-f;-77364.37;105648.36;1;exercice de 16 mois
1008977172;The Moria_Stones;2025-12-31;m87-f;20131.8;117768.72;;"630 absent; variation N/N-1 extrême"
1008979944;NEW SUNRISE 1;2025-12-31;m87-a;-85873;1197708;;"630 absent; variation N/N-1 extrême"
1008985387;Les douceurs de Sarah;2025-12-31;m87-f;163985.57;193612.51;;"630 absent; exercice de 20 mois"
1009022407;LE CHAT GUEULE;2024-12-31;m87-f;28900;37087;;"630 absent; exercice de 8 mois"
1009076350;SLHK;2025-12-31;m87-f;-239277.67;626629.64;1;exercice de 20 mois
1009115348;BIENVU INVESTMENTS;2025-12-31;m87-f;13546.18;8100.9;;"exercice de 20 mois; EBITDA > total du bilan"
1009119506;M.S. TRANSPORT;2025-12-31;m87-f;5514.08;3603.36;;EBITDA > total du bilan
1009122474;MARLIN TRADE;2025-12-31;m81-f;-58967.62;48642.48;0.9;variation N/N-1 extrême
1009124949;FENELUX;2025-12-31;m82-f;-30506.87;23015.39;;"630 absent; exercice de 20 mois"
1009150485;Dunkerque CO2 Holding;2025-12-31;m01-f;-770623;2497495;;630 absent
1009154841;DISTRIBUTEUR CAFFÉ GUGLIELMO BENELUX;2025-12-31;m07-f;-8710.9;89441.27;;variation N/N-1 extrême
1009217692;H.M.M. GROUP;2025-12-31;m87-f;56490.14;61093.93;;exercice de 20 mois
1009223533;TKS LOGISTICS;2025-03-31;m87-f;17.53;47495;;exercice de 11 mois
1009228976;BE-NUC;2025-12-31;m82-f;203492657.94;976916536.86;1.9;variation N/N-1 extrême
1009236597;MAGNUSCORE;2025-12-31;m87-f;16241.18;66464.59;;variation N/N-1 extrême
1009273320;Selide;2025-12-31;m87-f;-108208.94;401077.4;;630 absent
1009306972;Tyne, Dogger, Fisher, Humber & German;2025-09-30;m87-f;25883.12;42826.85;;exercice de 17 mois
1009313110;ERNESTO TRANSFER BRUSSELS;2025-10-31;m87-f;34744.08;130038.13;;exercice de 18 mois
1009327362;HSH BELGIUM;2025-12-31;m87-f;-9654.02;;;630 absent
1009334488;FINOFIN;2025-12-31;m87-a;-208597.29;1542611.95;;"630 absent; exercice de 20 mois"
1009367647;MB Tôlage;2025-06-30;m01-f;880831.5;2514223.15;6.3;exercice de 14 mois
1009384374;JLE TRANSPORTS;2024-12-31;m87-f;12599.17;54699.83;;"630 absent; exercice de 8 mois"
1009392490;HYDROLEX;2024-12-31;m81-f;119111.06;183008.34;1;exercice de 8 mois
1009409021;BEL CONSULTANCE;2025-12-31;m07-f;-624;6510;;630 absent
1009418523;TECHNICAL INDUSTRIEL;2025-12-31;m87-f;-4710.32;66112.71;;630 absent
1009419612;ORIENT EXPRESS;2024-12-31;m07-a;-49978.81;33001.45;;exercice de 8 mois
1009438517;TY.MAX CHASSIS;2024-12-31;m87-f;55873.88;69972.51;0.1;exercice de 9 mois
1009450987;F&K TRANSPORT;2025-12-31;m01-f;-10188;21630;;630 absent
1009456630;KEUR-AMY LANGSETH;2024-12-31;m87-f;-8239.91;20307.22;;exercice de 9 mois
1009456927;IAZA TRANSPORT;2024-12-31;m87-f;12402.45;34660.52;0.2;exercice de 8 mois
1009466924;JB TRANS AGRI;2025-03-31;m81-f;13705.35;456331.32;4.8;"630 absent; exercice de 10 mois"
1009475535;TOMY WOODY;2025-12-31;m87-f;34478.63;205796.36;1;exercice de 19 mois
1009480780;JASON C;2025-12-31;m87-f;35876.52;50633.52;;exercice de 19 mois
1009510969;INOXPERIENCE;2025-12-31;m87-f;90422.33;172775.43;0.6;exercice de 19 mois
1009513840;KONECT LOGISTICS;2025-12-31;m07-f;;;;"9901 absent; 630 absent"
1009514929;ULTRAFAST;2025-12-31;m81-f;-6120.05;732354.65;;exercice de 19 mois
1009519382;PANIS CONCEPT;2025-12-31;m87-f;305214.11;384977.94;;EBITDA dans la bande sans personnel déclaré
1009522946;POWER FLASH TECHNOLOGY;2025-12-31;m87-f;-7819.08;24173.78;;exercice de 21 mois
1009523639;PODILLYA BE;2025-12-31;m87-f;18226.02;78959.78;;exercice de 20 mois
1009531953;VD-IT Services;2025-12-31;m87-f;41191;90208;;630 absent
1009535616;Industrial Technical Services;2025-12-31;m81-f;4948.91;37716.45;;exercice de 19 mois
1009542643;ILYZS;2025-12-31;m87-f;12778.86;24870.01;;exercice de 21 mois
1009542742;ADK GROUP;2025-12-31;m07-f;57251.83;101559.31;;exercice de 19 mois
1009552244;PixMob Belgique;2024-12-31;m01-f;-32145.9;1291514.99;;"630 absent; exercice de 7 mois"
1009578077;SHAN INVEST;2024-12-31;m87-f;16154.87;29592.71;;exercice de 7 mois
1009585995;WELOVEAT;2024-12-31;m87-f;1733.98;50961.25;;exercice de 7 mois
1009587183;REHOBOTH;2025-12-31;m87-f;;3000;;"9901 absent; 630 absent"
1009587777;LMC TECHNOLOGY GROUP;2025-12-31;m87-f;-15238.66;37966.78;;variation N/N-1 extrême
1009619451;BR AZIZA;2025-12-31;m87-f;18106.09;70474.65;;variation N/N-1 extrême
1009635980;Garage Pierre LEMAIRE;2025-06-30;m87-f;50583;180225;;exercice de 13 mois
1009636673;MELHA;2024-12-31;m87-f;3462.36;4746.61;;exercice de 7 mois
1009636871;LEADER AUTO PARTS;2025-12-31;m87-f;36719.79;193378.1;;"630 absent; exercice de 19 mois"
1009638059;YAO SPACE;2025-12-31;m87-f;18189.84;32301.43;;variation N/N-1 extrême
1009640237;ENOCK;2025-12-31;m81-f;-8735.54;18799.93;;exercice de 19 mois
1009640534;CARE 4 U;2024-12-31;m87-f;112608.27;214780.04;;exercice de 7 mois
1009641920;Wine Club Invest;2025-12-31;m87-f;-2309.7;183.54;;630 absent
1009645680;ECOSOLS ET CHAPES;2025-12-31;m87-f;13309.98;19678.26;;exercice de 19 mois
1009648749;MAISON DEMARTIN;2025-12-31;m87-f;46124.88;171121.21;0.3;variation N/N-1 extrême
1009682304;LOGISTIQUE JUNG BELGIUM;2025-12-31;m81-f;26050.5;357089.91;9.9;exercice de 19 mois
1009685569;Marc Hick Toiture;2025-12-31;m87-f;70104.99;71381.62;;exercice de 19 mois
1009715857;Power-Phil;2025-12-31;m87-f;39240.29;66817.17;;exercice de 20 mois
1009726844;AMDC;2025-12-31;m87-f;17523.14;21285.91;;variation N/N-1 extrême
1009732980;H LOGISTIC;2025-12-31;m81-f;-711.19;413.6;;630 absent
1009733376;L'ATELIER DU PATISSIER;2025-12-31;m87-f;68298.51;250805.41;2.1;exercice de 21 mois
1009735257;FULGA;2025-12-31;m87-f;59710.59;151382.79;;variation N/N-1 extrême
1009750006;MYSTIC GREEN;2025-12-31;m87-f;24726;31437;;exercice de 19 mois
1009752776;COMPAGNIE DE LA MEUSE;2024-12-31;m81-f;-6185.42;83001.66;;exercice de 7 mois
1009763961;JANNTRANS LOGISTICS;2024-12-31;m81-f;43594.87;79828.77;;exercice de 7 mois
1009803157;ByteFleet;2025-12-31;m87-f;76107.55;96880.3;;variation N/N-1 extrême
1009825824;I.M.S & PARTNERS;2025-06-30;m87-f;67735.1;113291.62;1.3;exercice de 13 mois
1009829485;SARAFOULA;2024-12-31;m07-f;-842.77;1786.16;;630 absent
1009830970;Renda et Cicala;2025-12-31;m87-f;16307.71;20077.32;;"630 absent; exercice de 20 mois"
1009843046;VE Solar Energy 1;2025-12-31;m82-f;-2874.14;952.84;;630 absent
1009843343;VE Solar Energy 2;2025-12-31;m82-f;-2806.14;340.84;;630 absent
1009843541;VE Solar Energy 3;2025-12-31;m82-f;-2839.64;255.34;;630 absent
1009854726;Martin Chiaradia;2024-12-31;m87-f;74908.23;111657.26;;exercice de 8 mois
1009860862;BJA TRANSPORT;2024-12-31;m87-f;25899.11;94367.35;;exercice de 9 mois
1009877787;WIDE MECANICA SOURCE;2025-05-31;m87-f;39194;57095;;630 absent
1009880856;KSAAR;2025-12-31;m07-f;3361;16121;;exercice de 19 mois
1009881252;Gaspar et Lily SRL;2025-12-31;m87-f;-71219.2;54477.26;;exercice de 20 mois
1009908174;AJANA;2024-12-31;m87-f;-6282;924;;exercice de 7 mois
1009908768;TAXIBEN;2025-12-31;m87-f;;;;"9901 absent; 630 absent"
1009913322;ROBUSCA COFFEE;2024-12-31;m87-f;-12665.92;5227.35;;exercice de 7 mois
1009921537;JLCP Management;2025-12-31;m87-f;40431.02;123297.53;;exercice de 19 mois
1009925002;MSSJ;2025-06-30;m87-f;3975.47;36733.19;;exercice de 13 mois
1009927970;RMV CONCEPT;2025-12-31;m87-f;51422.37;105799.6;;630 absent
1009930544;MD LOGISTIC & TRANSPORT;2025-12-31;m87-f;8747.76;21487.35;;"630 absent; exercice de 19 mois"
1009933613;PODIUM GAMES;2025-12-31;m87-f;-17243.88;198983.31;;exercice de 19 mois
1009960535;Alpha Transport & Logistics;2025-12-31;m87-f;369971.59;1249244.26;;EBITDA dans la bande sans personnel déclaré
1010015765;OPTIC SERET;2024-12-31;m87-f;-36528.6;41112.43;;exercice de 7 mois
1010016062;TERRAVIK;2025-09-30;m87-f;102686.8;163315.57;2.6;exercice de 16 mois
1010043479;DDL Med;2025-06-30;m87-f;138463;300133.49;;exercice de 15 mois
1010046944;PRESBYTERIUM;2025-12-31;m87-f;-8822.83;727042.43;;630 absent
1010057040;SMART SYSTEMS AND PROCESSES;2025-12-31;m87-f;64076.91;61339.15;;"exercice de 19 mois; EBITDA > total du bilan"
1010162750;E.P.L.S GROUP;2024-12-31;m87-f;-121904.57;86196.43;3.3;"630 absent; exercice de 7 mois"
1010179477;Services André;2025-12-31;m87-f;3139.7;14967.99;;630 absent
1010189969;JD MECA;2025-12-31;m87-f;-10346.65;21447.81;;"630 absent; exercice de 19 mois"
1010190464;DUBART - ROMAN;2025-12-31;m81-f;62188.41;1987300.34;16.6;variation N/N-1 extrême
1010191256;Sunbird Medical Devices;2025-12-31;m87-f;51.77;3086.7;;630 absent
1010201451;RAMADAN STAR;2025-12-31;m87-f;9677.39;13983.68;;exercice de 19 mois
1010208577;MLC COMPANY;2024-12-31;m87-f;-6016.01;3050.32;;exercice de 7 mois
1010211547;GREEN AGRI ENVIRO;2025-12-31;m87-f;92486.73;167940.07;;"630 absent; variation N/N-1 extrême"
1010237380;T.E CONSTRUCTION;2025-12-31;m87-f;;223.12;;"9901 absent; 630 absent"
1010277665;DEMASY ROBOTIQUE;2025-12-31;m87-f;145130.74;309627.71;1.7;exercice de 19 mois
1010328838;Boucherie Jul'os;2025-12-31;m87-f;159290.34;308007.22;;exercice de 19 mois
1010334875;K-BS TRUCKING;2025-12-31;m07-f;5736.29;60320.04;;exercice de 19 mois
1010340716;ZIPPY;2025-12-31;m07-f;37864.67;37489.13;;EBITDA > total du bilan
1010343387;KELZI;2024-12-31;m87-f;2390.42;40048.95;;exercice de 7 mois
1010350119;FAMILY PRINT;2024-12-31;m87-f;-6532.65;878.05;;630 absent
1010350515;UZAL JEWELRY;2025-12-31;m87-f;101965.54;282452.66;;variation N/N-1 extrême
1010369816;RENOVA ART;2025-12-31;m07-f;12156.08;54388.2;;630 absent
1010376645;SolidLog;2025-12-31;m87-f;29209.13;199417.06;;"630 absent; exercice de 19 mois"
1010381989;Driveco Invest BE 1;2025-12-31;m81-f;-40779.15;6982290.77;0;exercice de 19 mois
1010382385;Ferme du Trou Bosquet;2025-12-31;m87-f;11732.78;463362.7;;exercice de 19 mois
1010383177;Driveco Invest BE 2;2025-12-31;m81-f;-28454.64;45042.57;0;"630 absent; exercice de 19 mois"
1010416138;NHL Agro;2024-12-31;m87-f;-15664.62;764908.85;5.1;exercice de 6 mois
1010417227;MV WOOD & DECO;2025-12-31;m87-f;124130.55;194903.91;;exercice de 21 mois
1010426234;LIRIDONA;2025-12-31;m87-f;3517.83;40324.83;;exercice de 18 mois
1010443951;Y.I-SERVICES;2025-12-31;m01-f;8317.05;32685.16;;"630 absent; exercice de 21 mois"
1010444248;BAYAN COMPANY;2024-12-31;m87-f;4296.65;35417.15;;exercice de 6 mois
1010447416;LBDE GROUP;2025-12-31;m81-f;91627.52;330092.69;;exercice de 18 mois
1010469487;BRH CONCEPT;2025-12-31;m87-f;28996.35;10157.73;1;"630 absent; EBITDA > total du bilan"
1010477704;WEDZA;2025-12-31;m87-f;46267.07;82467.78;;exercice de 18 mois
1010480276;CARGO MATE SERVICES;2025-12-31;m87-f;166195.46;203886.28;;exercice de 19 mois
1010483939;Cainiao Logistics (Belgium);2025-03-31;m81-f;26549.85;662462.06;4.7;"630 absent; exercice de 9 mois"
1010491164;SMA GROUPE;2025-12-31;m07-f;9782.32;28844.49;;exercice de 18 mois
1010528083;GH TIMELAPSE;2025-12-31;m87-f;49600.43;141224.9;;exercice de 21 mois
1010529568;MOTIQ;2025-03-31;m01-f;28914.7;45999.52;0.5;exercice de 9 mois
1010532637;LH LOGISTICS;2025-12-31;m87-f;-8233.92;78870.49;;630 absent
1010535112;INFINITY;2025-12-31;m87-f;22484.23;58316.57;;exercice de 18 mois
1010569655;DPS SERVICES;2025-12-31;m87-f;19054.11;55576.03;;exercice de 18 mois
1010597072;Circular Timber;2025-03-31;m87-f;43984.5;42713.13;;"exercice de 9 mois; EBITDA > total du bilan"
1010611227;La Ferme du Chaudron;2025-12-31;m87-f;49173.12;91548.75;4.3;exercice de 18 mois
1010628053;Z2A;2025-12-31;m87-f;-35108.93;13554.09;1;exercice de 18 mois
1010629043;ALMAZONE;2025-12-31;m81-f;16094.43;86745.09;;exercice de 18 mois
1010635674;I.A;2025-12-31;m87-f;-52766.88;48385.3;;630 absent
1010639733;Côté Mer;2025-12-31;m81-f;-1276;140043.11;;exercice de 18 mois
1010646067;Samantree Medical;2025-12-31;m01-f;-4732673.96;53939621.34;5.2;exercice de 18 mois
1010647156;NAKKO;2025-12-31;m87-f;10307.65;79078.65;;variation N/N-1 extrême
1010709910;EURO FACILITY;2025-12-31;m87-f;4379.26;6597.63;;variation N/N-1 extrême
1010714264;ENKIA;2025-12-31;m87-f;56385.02;446359.57;0.8;exercice de 19 mois
1010722479;DWS Industry;2025-12-31;m87-f;31775.71;118251.61;1.5;exercice de 18 mois
1010755341;MTS CLEANING;2025-12-31;m87-f;-9752.77;949.89;;"630 absent; exercice de 13 mois"
1010755737;UMUT CAN;2025-12-31;m07-f;10184.99;24695.24;;exercice de 18 mois
1010781669;CINAR GROUP;2024-12-31;m87-f;28870.07;87487.07;;"630 absent; exercice de 6 mois"
1010782758;LES BAINS DE SPA;2025-12-31;m81-f;-3609595.87;6713142.56;24.1;exercice de 18 mois
1010786124;PIPAILLON ATELIER;2025-12-31;m87-f;25904;114045;;exercice de 18 mois
1010786718;FA MOBILITY;2025-12-31;m87-f;39481.86;73515.04;;variation N/N-1 extrême
1010810967;RGE Leuze-en-Hainaut;2025-12-31;m01-f;-433223.33;2794.26;;"630 absent; variation N/N-1 extrême"
1010811264;YA HALA;2024-12-31;m87-f;-2351.81;11496.49;;exercice de 6 mois
1010829278;NEVÂ DISTRIBUTION;2025-12-31;m87-f;9380.44;66120.05;;exercice de 18 mois
1010840562;PW CONSULTING;2025-12-31;m87-f;47879.96;37380.26;;"exercice de 18 mois; EBITDA > total du bilan"
1010857091;nuu;2025-12-31;m87-f;-62830.28;92813.86;;exercice de 18 mois
1010873127;JUICY TRANS;2025-12-31;m87-f;90683.44;209589.62;;"630 absent; variation N/N-1 extrême"
1010873226;Sevrin;2025-12-31;m87-f;14500.53;90715.76;;exercice de 18 mois
1010873325;YM PARTENERS;2025-12-31;m87-f;116029.75;433258.02;;variation N/N-1 extrême
1010874117;T-TECHNICS;2025-12-31;m87-f;8410;10477;;630 absent
1010879263;CKR Consulting;2024-12-31;m81-f;158386.71;229323.43;;exercice de 6 mois
1010883520;XELLENZ;2026-03-31;m87-f;-48717.04;15294.49;;"630 absent; exercice de 21 mois"
1010909947;FAMOUS TALENTS & SPIRITS;2025-12-31;m01-f;-584838.52;220067.64;;exercice de 18 mois
1010916578;L'ENCLUME;2025-12-31;m81-f;280854.25;670350.93;2.3;exercice de 18 mois
1010921924;D’ART-D’ART;2025-12-31;m87-f;68306.95;214662.91;;exercice de 18 mois
1010925783;ROMABUILD;2025-12-31;m87-f;169266.06;310149.11;6.4;exercice de 18 mois
1010930436;GM MARBO;2025-12-31;m87-f;-15304.15;11777.31;;"630 absent; exercice de 18 mois"
1010931624;MoKu;2024-12-31;m87-f;2260.73;6183.39;;"630 absent; exercice de 7 mois"
1010933703;DMBSYS;2025-12-31;m87-f;28443;37256;;exercice de 18 mois
1010977154;MAGHREB TRANS;2025-12-31;m87-f;831.93;3831.93;;"630 absent; exercice de 18 mois"
1010990517;L'Univers de Thot;2024-12-31;m87-f;-2837.3;20804.69;;exercice de 6 mois
1010999524;Beltree Technology;2025-12-31;m07-f;-399.73;61003.82;;630 absent
1011002294;STEUGI;2025-06-30;m81-f;3365.52;8782.14;0;630 absent
1011005759;Jofrair;2025-12-31;m87-f;10208.59;29741.77;;"630 absent; exercice de 18 mois"
1011018231;MOBILITY SOFT;2025-12-31;m87-f;10150.53;21177.18;;"630 absent; exercice de 18 mois"
1011021102;IDEOCHOC;2025-12-31;m87-f;2606.62;43641.07;;exercice de 18 mois
1011022189;CATH ET SENS;2025-12-31;m01-a;5521;6701;;exercice de 18 mois
1011060593;Simon Schuurman;2025-09-30;m87-f;-2672.42;14686.2;;exercice de 15 mois
1011105729;LUCID COLLECTIVE;2025-12-31;m87-f;41876.63;125795.5;;variation N/N-1 extrême
1011108994;MKW Concept;2025-12-31;m87-f;24295.73;27910.67;;exercice de 18 mois
1011185705;URF BOUCHERIE;2025-12-31;m87-f;64738.84;120334.77;;"630 absent; variation N/N-1 extrême"
1011189564;ECOFROID;2025-12-31;m07-f;61618.88;57245.02;;"exercice de 18 mois; EBITDA > total du bilan"
1011215892;CALLUY GROUP;2024-12-31;m07-f;-1379.11;1728.89;;"630 absent; exercice de 6 mois"
1011239450;John Cockerill Ingénierie & Services Afrique;2025-12-31;m02-f;-521911.78;2404013.34;;"630 absent; exercice de 18 mois"
1011243707;YANWEN LOGISTICS;2025-12-31;m87-f;-9033.69;13719610.57;;"630 absent; exercice de 18 mois"
1011258157;NAW COMPANY;2025-12-31;m87-f;13115.86;21088.26;;exercice de 18 mois
1011258751;BIERE POTABLE;2024-12-31;m87-f;-172.05;25592.96;;exercice de 6 mois
1011261919;SKALL LOGISTICS;2024-12-31;m87-f;7064.38;253898.86;8;exercice de 6 mois
1011332688;STAMAC;2025-12-31;m87-f;-6157;63995;2;exercice de 18 mois
1011350803;INNOVATEK;2024-12-31;m87-f;9914.13;22007.67;;exercice de 6 mois
1011374161;SAHI GROUP;2025-12-31;m87-f;32780.01;46133.04;0.8;"630 absent; exercice de 18 mois"
1011375250;TRADING GROUP;2025-12-31;m87-f;14809.06;36033.86;1.3;"630 absent; exercice de 18 mois"
1011380297;Oldtimer, youngtimer and vintage racer garage;2025-12-31;m87-f;32061.08;38621.63;;exercice de 18 mois
1011432658;Dierickx Energy Saving Consulting;2025-12-31;m87-f;56663.54;56540.67;;"EBITDA > total du bilan; variation N/N-1 extrême"
1011452553;SEYNAEVE LOGISTIQUE CUISINE;2025-12-31;m07-f;-25161.5;46394.11;3;exercice de 18 mois
1011466015;SIRIN CARS;2025-12-31;m87-f;21187.05;134005.77;;variation N/N-1 extrême
1011469973;TOP MB;2025-12-31;m81-f;13976;19869;;variation N/N-1 extrême
1011475517;AlVaTech;2025-12-31;m87-f;19362.2;41967.86;;variation N/N-1 extrême
1011477891;BMO GOURMANDISES;2025-12-31;m87-f;-3558.3;10925.89;;"630 absent; exercice de 15 mois"
1011535004;TECHNIBAT;2025-12-31;m87-f;40350.39;133803.77;;exercice de 18 mois
1011580336;TERRATOM;2025-12-31;m87-f;43460.35;48437.98;1;exercice de 18 mois
1011627747;SES Group;2025-12-31;m87-f;22132.79;30395.7;;exercice de 18 mois
1011655461;METAL SERVICE CENTER BENELUX;2025-12-31;m01-f;-253959.73;3010691.35;;"630 absent; exercice de 18 mois"
1011658728;CHEZ JEANNE;2025-06-30;m87-f;34444.29;246925.84;1.7;exercice de 11 mois
1011665755;RG PRO CONCEPT;2025-12-31;m87-f;18405.41;79684.95;;exercice de 18 mois
1011666349;Taxi B;2025-12-31;m87-f;-132.45;8683.13;0.4;exercice de 17 mois
1011683274;ELIPATISSE;2025-12-31;m87-f;128920.56;309191.08;2.4;exercice de 17 mois
1011695152;Drizzle Food Services;2025-12-31;m87-f;-13187.22;18226.78;;exercice de 17 mois
1011696142;L.VIKINGS;2025-12-31;m87-f;98751.26;108219.08;;exercice de 18 mois
1011722965;AGDF;2025-12-31;m81-f;1388830.64;1917062.24;;"630 absent; EBITDA dans la bande sans personnel déclaré"
1011723955;EVA CHARGE 1;2025-12-31;m81-f;43730.83;996159.91;;exercice de 18 mois
1011734051;MAINVAULT;2025-12-31;m81-f;1460517.04;25224761.15;;"exercice de 17 mois; EBITDA dans la bande sans personnel déclaré"
1011736922;4807 Prod;2025-12-31;m87-f;106049.69;1836233.3;17.5;variation N/N-1 extrême
1011744048;AMA DRIVER;2025-12-31;m87-f;11293.87;23367.39;0.4;"630 absent; variation N/N-1 extrême"
1011754540;MOULAY;2025-12-31;m87-f;-7123.96;;;"630 absent; exercice de 17 mois"
1011778195;VISUALSMART;2025-12-31;m87-a;28644.13;67269.41;;variation N/N-1 extrême
1011812443;ECOFIX GAS & POWER;2025-12-31;m81-f;-2994040.4;2548839.04;0;exercice de 17 mois
1011819470;CHAMS.VISION;2025-12-31;m87-f;28901.1;60850.89;;exercice de 17 mois
1011822737;SAPIENZ;2025-12-31;m87-f;30592.29;37874.91;;exercice de 17 mois
1011835803;Pickstar;2025-12-31;m81-f;9702.91;5775096.15;9.3;"630 absent; exercice de 17 mois"
1011840157;ULTREGO;2025-12-31;m87-f;-27571.72;28312.79;;exercice de 17 mois
1011848768;OBSAVERS;2025-12-31;m87-f;25952;65793;;630 absent
1011857379;SA Textile Group;2025-12-31;m81-f;-41282.15;741401.47;;exercice de 18 mois
1011904394;Iz Partners Logistic;2025-12-31;m87-f;1592.47;13613.29;0.2;"630 absent; exercice de 17 mois"
1011916866;TIMELINE LOGISTICS CONSULTANT;2025-12-31;m87-f;19066.52;67620.46;;exercice de 18 mois
1011929734;MAN LOGISTIC;2024-12-31;m07-f;4532.77;56613.36;;exercice de 5 mois
1011931120;Huippu;2025-12-31;m87-f;-28945.24;441700.03;;"630 absent; exercice de 18 mois"
1011955666;LOVE PIZZA;2025-12-31;m87-f;27003.79;91878.23;0.3;variation N/N-1 extrême
1011964871;TRUST & EFFICIENCY;2025-12-31;m87-f;9800.99;25234.78;;"630 absent; variation N/N-1 extrême"
1012025051;MAZLOUM COMPANY;2025-12-31;m87-f;56.23;5232.9;;630 absent
1012030494;Nuage Bleu;2025-12-31;m87-f;-6992.77;6306.01;;exercice de 17 mois
1012041085;NASEL;2025-12-31;m87-f;22649.2;59489.74;;exercice de 18 mois
1012045837;PIZZA MICHA;2025-12-31;m87-f;30568.11;78211.82;;exercice de 17 mois
1012086221;S.O.S OZ;2025-12-31;m87-f;-5552.09;5170.52;;exercice de 17 mois
1012088201;Cogniaux Berlemont;2025-12-31;m87-f;14463.72;61538.01;;exercice de 17 mois
1012088694;Karami 33;2025-12-31;m07-f;;44928.5;;"9901 absent; 630 absent"
1012107106;GP-AGRI;2025-12-31;m87-f;360114;1174402;4;exercice de 17 mois
1012147191;VAAR SYSTEMS;2025-12-31;m87-f;-70135.5;579338.32;1.3;exercice de 17 mois
1012165603;ROULETTE;2025-12-31;m81-a;-14908.45;255605.28;;exercice de 17 mois
1012171541;VALO ENERGY;2025-12-31;m87-f;57823.71;342957.91;;exercice de 17 mois
1012172531;B.B.M.GROUP;2025-12-31;m87-f;642.89;2575.94;;"630 absent; exercice de 17 mois"
1012180944;DIEGO CONTAINER;2025-12-31;m87-f;345509.9;455245.52;;EBITDA dans la bande sans personnel déclaré
1012203809;RBM BELGIUM;2024-12-31;m81-f;-36.67;19445.1;;630 absent
1012240827;MAXI-VOLT;2025-12-31;m87-f;30330.65;80109.55;;exercice de 17 mois
1012244587;INEOS ENERGY TRADING EUROPE;2025-12-31;m02-f;-54116;60182.5;;"630 absent; exercice de 17 mois"
1012260227;MWO;2025-12-31;m87-f;71718.25;148004.76;;exercice de 17 mois
1012266660;W.D.E.;2024-12-31;m07-f;3687.39;5012.94;;"630 absent; exercice de 5 mois"
1012307440;SECUREPASS;2025-12-31;m87-f;412677.19;845530.31;;"EBITDA dans la bande sans personnel déclaré; variation N/N-1 extrême"
1012316744;ALTE Invest;2025-12-31;m87-f;53063.29;73114.7;;variation N/N-1 extrême
1012325850;KJ Transport;2025-12-31;m87-f;309053.79;341707.51;;"exercice de 17 mois; EBITDA dans la bande sans personnel déclaré"
1012329216;Dépannage VAG;2025-12-31;m87-f;111204.7;695283.23;5.8;exercice de 17 mois
1012350002;DILOP;2025-12-31;m87-f;1758.57;12927.9;;exercice de 17 mois
1012352772;LA CHOCOLATERIE DU CHATEAU DE LEIGNON;2025-12-31;m87-f;33315.98;113045.46;;exercice de 17 mois
1012359801;Saecura;2025-12-31;m87-f;7589.69;40245.9;;exercice de 17 mois
1012366531;MMGROUP;2025-12-31;m87-f;36794;34707;;"630 absent; EBITDA > total du bilan"
1012432253;ALB SERVICES;2025-12-31;m87-f;19467.31;37325.69;;exercice de 18 mois
1012441458;ER EVENTS MEDIA & MORE;2024-12-31;m87-f;-7558.01;4301.72;;630 absent
1012452643;FLK. SOCIETY;2025-12-31;m87-f;32914.43;44599.92;;exercice de 17 mois
1012461254;MECALAB;2025-12-31;m81-f;-598168.44;364425.93;2.3;exercice de 17 mois
1012473033;HOME BY C;2025-12-31;m87-f;13807.08;78982.17;;exercice de 17 mois
1012473924;SPEEDPHARMA;2025-12-31;m87-f;56399;113235.26;;exercice de 17 mois
1012498767;OP LIFT;2025-12-31;m87-f;69277.96;145907.09;;variation N/N-1 extrême
1012517573;NuvioBlyss;2025-12-31;m87-f;-32718.25;100269.84;;exercice de 17 mois
1012524996;SPORTREPLAY;2025-12-31;m87-f;5415.64;36746.15;;exercice de 16 mois
1012595470;IA Home Invest and Consulting;2025-06-30;m87-f;39604.42;676061.54;;"630 absent; exercice de 10 mois"
1012607546;Nassim Consult;2024-12-31;m87-f;-30713.93;472279.98;2.6;exercice de 4 mois
1012609229;Olabus;2025-12-31;m87-f;23243.41;63445.82;;630 absent
1012616949;G.H. COMPANY;2025-12-31;m87-f;8326;23845;;variation N/N-1 extrême
1012648524;OC DESIGN & FILS;2024-12-31;m87-f;9843.56;50154.93;;"630 absent; exercice de 5 mois"
1012650108;Boulangerie Battignies;2025-12-31;m87-f;27011.77;250444.54;3.4;exercice de 16 mois
1012650306;MALO Service;2024-12-31;m87-f;17421.56;23284.78;;exercice de 4 mois
1012650504;T&N SERVICES;2024-12-31;m07-f;-1228;772;;"630 absent; exercice de 4 mois"
1012692173;COLPOT;2025-12-31;m87-f;44733.99;191526.09;;exercice de 16 mois
1012713751;TISSU ROYAL;2025-12-31;m87-f;21963.45;44908.33;1;exercice de 16 mois
1012720976;Stabilogreen;2025-12-31;m87-f;-40158;333636;;exercice de 16 mois
1012737903;C-MICK;2025-09-30;m87-f;22126.27;24431.33;;exercice de 13 mois
1012744633;BARROU  COMPANY;2024-12-31;m87-f;-11704.88;13991.97;;"630 absent; exercice de 4 mois"
1012752452;ADMINETECH;2025-12-31;m87-f;82837.67;100113.25;;exercice de 17 mois
1012752947;VERSCHUERE SUSTAINABLE RECYCLING TECHNOLOGY;2025-12-31;m81-f;5227.64;896486.89;13.9;exercice de 16 mois
1012754333;NUTRAPHAR BE;2025-12-31;m87-f;-7837.56;1779.43;;"630 absent; exercice de 16 mois"
1012756016;ALAHMED COMPANY;2024-12-31;m87-f;8890.06;27268.39;;exercice de 4 mois
1012756313;EASY SKY;2025-12-31;m87-f;-21476.48;20973.97;;exercice de 16 mois
1012880532;JLLA BOULANGERIE;2025-12-31;m87-f;-18167.58;39397.2;1.4;exercice de 16 mois
1012880829;SERVICES LAMBIRI;2025-12-31;m87-f;12155.8;23853.13;;exercice de 16 mois
1012895576;RAHA TRANSPORT;2025-12-31;m87-f;-3766.19;16643.97;;exercice de 16 mois
1012920817;VDVGOTIT;2025-12-31;m87-f;2838.99;71593.28;;630 absent
1012947541;SERRURERIE BERTRAND;2025-12-31;m87-f;16336.66;54377.55;;exercice de 16 mois
1012969317;Toulet-Van Bael;2025-12-31;m87-f;62780.06;302156.19;0.6;exercice de 17 mois
1012975651;DELIBA;2025-12-31;m87-f;22721.39;29286.07;;exercice de 16 mois
1012977829;LJ Groupe;2025-12-31;m87-f;75613.91;227551.84;;exercice de 16 mois
1012981193;ULM TECHNICS;2025-12-31;m87-f;11664.48;331108.55;;exercice de 16 mois
1012991190;Sympatic Chaos;2025-12-31;m87-f;-2852.53;14856.34;;"630 absent; variation N/N-1 extrême"
1013002078;SNZ TRANSPORTS;2025-12-31;m87-f;18167.48;55554.58;;variation N/N-1 extrême
1013004850;TPTP;2025-12-31;m87-f;32231.02;57741.25;;exercice de 16 mois
1013031574;WeCase;2025-09-30;m87-f;-14389.6;86546.05;;exercice de 13 mois
1013039789;VRC CONSULTING;2025-12-31;m87-f;94246.16;129573.53;;exercice de 16 mois
1013055924;CTH ELECTRICITE;2025-12-31;m87-f;30880.46;40030.08;;exercice de 16 mois
1013126693;JESUISBATMAN;2025-12-31;m87-f;-3735;237956;0.8;exercice de 16 mois
1013149261;B Estate;2025-12-31;m81-f;40583.69;226791.08;;exercice de 16 mois
1013149459;VERANDA LEONCELLI;2025-12-31;m07-f;2320.03;29021.02;;exercice de 16 mois
1013154805;Snap-Tite Europe;2025-12-31;m81-f;-480881.96;883095.14;;"630 absent; variation N/N-1 extrême"
1013177470;STINGINEERING;2025-12-31;m87-f;28463.85;36152.61;;exercice de 16 mois
1013194494;HAYA COMPANY;2025-12-31;m87-f;-1267.31;35291.52;0.4;"630 absent; exercice de 16 mois"
1013228346;LINDEN API;2025-12-31;m87-f;8023;12520;;exercice de 16 mois
1013304461;SWALTYJA;2025-06-30;m87-f;7834.36;32402.58;;"630 absent; exercice de 10 mois"
1013316834;CD Consulting;2025-12-31;m87-f;1109.56;8919.99;;630 absent
1013341479;M&M Corporation;2025-12-31;m87-f;-17865.53;20796.97;;exercice de 16 mois
1013342667;GOXIEL;2025-12-31;m87-f;2381;17416;;"630 absent; exercice de 16 mois"
1013343954;DYW SERVICES;2025-12-31;m87-f;13151.83;109182.4;;exercice de 15 mois
1013344350;NK CLEANING;2025-12-31;m87-f;-3941.88;7806.15;;"630 absent; exercice de 16 mois"
1013352367;Christtransport;2025-12-31;m87-f;25407.09;53642.31;;variation N/N-1 extrême
1013354743;DC InvestMetal;2025-12-31;m81-f;-47775.33;15003.59;;630 absent
1013361671;JENNY STAR;2025-12-31;m87-f;57048.28;58993.54;0.4;variation N/N-1 extrême
1013370084;BC Concept;2025-12-31;m87-f;101056;119783;;exercice de 16 mois
1013385724;N.C.H. Tech;2025-12-31;m87-f;81938.36;106479.56;;variation N/N-1 extrême
1013395523;HORECA SOLUTION;2025-09-30;m87-f;-1268.89;198.87;;exercice de 13 mois
1013398392;B WOOD ENERGY CONSULTING SRL;2025-12-31;m87-f;84196.42;80507.57;;"630 absent; exercice de 16 mois; EBITDA > total du bilan"
1013399085;SMB GROUP;2025-12-31;m87-f;15930.44;21255.85;;exercice de 16 mois
1013450060;ELI Food Service;2025-12-31;m87-f;-22411.54;84862.73;0.5;variation N/N-1 extrême
1013450852;TRANSANASTAZE ET FILS;2025-12-31;m87-f;19818.83;51931.9;;exercice de 16 mois
1013453723;VOLTISYS;2025-12-31;m87-f;29757.09;116828.46;;variation N/N-1 extrême
1013537459;PIZZA FOR BREAKFAST;2025-12-31;m87-f;-20061.67;4215.23;;variation N/N-1 extrême
1013563193;Electric New Line;2025-12-31;m87-f;19668.57;22982.63;;variation N/N-1 extrême
1013629808;T TRANS;2025-12-31;m87-f;-1196;802;;630 absent
1013641090;AMG NET;2025-12-31;m07-f;42792.65;47138.22;;"630 absent; exercice de 15 mois"
1013646040;YSY SERVICES;2025-12-31;m07-f;14916.54;23181.81;;"630 absent; exercice de 18 mois"
1013651978;SANOE;2025-12-31;m87-f;29908.74;32997.75;;exercice de 15 mois
1013676130;EL MIRA;2025-06-30;m87-f;27068.78;74332.29;;exercice de 9 mois
1013682761;ISV MEDICA CARE;2025-12-31;m87-f;-38442.62;25576.71;;exercice de 15 mois
1013686127;OMAD'S LAB;2025-12-31;m87-f;19751.8;37715.84;;variation N/N-1 extrême
1013689095;LOCK’O CSE;2025-12-31;m01-f;-134038.69;5499589.19;;exercice de 15 mois
1013701864;LE REFLET CONSEIL;2025-09-30;m87-f;9480.34;24405.4;;630 absent
1013710178;SRL WHISPER AUDITION;2025-12-31;m87-f;-25890.86;111316.94;1;exercice de 15 mois
1013721066;Impact Logistics;2025-12-31;m87-f;4551.44;77502.88;2;exercice de 15 mois
1013755710;MAK&GO;2025-12-31;m87-f;1042.51;9586.04;;exercice de 15 mois
1013843208;MELKTECHNIK BELGIEN;2025-12-31;m81-f;15788.87;25926.47;;exercice de 15 mois
1013857856;SALT & PAPER;2025-09-30;m87-f;6519.81;7766.74;;630 absent
1013882701;TARFAYA;2025-12-31;m87-f;9018.58;13453.05;;"630 absent; exercice de 15 mois"
1013916947;WASHMATIC EDTA;2025-03-31;m87-f;18871.99;148083.69;;exercice de 6 mois
1013928627;KATINVEST;2024-12-31;m87-f;8541.9;15980.63;0.6;"630 absent; exercice de 3 mois"
1013944661;Le Bois à l'Infini;2025-12-31;m87-f;52425.8;88987.25;;exercice de 15 mois
1013956737;JMC MAINTENANCE;2025-12-31;m87-f;-7116.45;1001.19;;"630 absent; exercice de 18 mois"
1013973860;VOYAGO;2025-12-31;m07-f;9295.98;17653.79;;"630 absent; exercice de 15 mois"
1014005138;DD-MANUTECH;2025-12-31;m87-f;53369.59;146950.95;1;exercice de 16 mois
1014014838;VAP BELGIUM;2025-12-31;m87-f;-2032.07;383.43;;"630 absent; exercice de 15 mois"
1014046314;GM TRAVAUX;2025-12-31;m87-f;119946.81;280218.02;1.2;exercice de 15 mois
1014048787;UBT GROUP;2025-12-31;m01-f;-14717.2;18697.59;;"630 absent; exercice de 15 mois"
1014071751;MUBLO EDITIONS;2025-12-31;m87-f;-25699.89;89106.65;;exercice de 15 mois
1014138463;DigiHub;2025-12-31;m87-f;6667.16;10508.57;;exercice de 15 mois
1014156972;DG PRINT Ateliers;2025-12-31;m01-f;40183.51;128699.62;1.5;exercice de 15 mois
1014163902;PRO-VOLT;2024-12-31;m87-f;395.1;8623.98;;exercice de 3 mois
1014168949;LOCK'O MEISER;2025-12-31;m01-f;25762.66;5481584.16;;exercice de 15 mois
1014182708;CITY-SKY;2025-12-31;m87-f;7535;6894;;EBITDA > total du bilan
1014185874;MONKO;2025-12-31;m87-f;-3467.21;6737.51;;"630 absent; exercice de 15 mois"
1014192804;G-CASTRANS;2025-12-31;m87-f;33244.91;119878.7;6.1;exercice de 15 mois
1014207155;J. GALIOTTO;2025-12-31;m07-f;8046.76;19764.89;;"630 absent; exercice de 15 mois"
1014210620;DB CHEMISAGE;2025-12-31;m81-f;44073.18;193090.47;0.9;exercice de 15 mois
1014213786;SKYCARGO;2025-12-31;m87-f;30354.73;272357.09;0.3;630 absent
1014225664;SkyNav Europe;2025-12-31;m87-f;3383.62;8274.97;;"630 absent; exercice de 15 mois"
1014237344;ALTOCONCEPT;2025-12-31;m87-f;58030.89;90802.03;;exercice de 15 mois
1014277035;Belmas Services;2025-12-31;m87-f;2992.63;4886.57;;"630 absent; exercice de 15 mois"
1014393039;Studio Savvy;2025-12-31;m87-f;4972.9;21276.36;;exercice de 15 mois
1014398680;SensorHub;2025-12-31;m87-f;-4563.92;5821.74;;"630 absent; exercice de 15 mois"
1014449358;INOA Solutions;2025-12-31;m87-f;81721.8;114557.38;1.3;exercice de 15 mois
1014465689;Twalk;2025-12-31;m87-f;2139.64;5792.17;;exercice de 15 mois
1014474005;CONDROZ BOIS;2024-12-31;m87-f;-2450;28386.5;;"630 absent; exercice de 3 mois"
1014539628;CITELIV BENELUX;2025-12-31;m87-f;32421.38;72360.38;;"630 absent; exercice de 15 mois"
1014540420;MELANO;2025-12-31;m87-f;18060.16;40146.06;6.6;exercice de 15 mois
1014546754;BKJ TECHNIC;2025-12-31;m87-f;50468;54096;;exercice de 15 mois
1014550912;THE SMART RITUAL;2025-12-31;m87-f;-10879;6084;;exercice de 15 mois
1014551902;Boucherie Milan;2024-12-31;m87-f;-1863.75;5409.75;;exercice de 3 mois
1014564075;RMF CONSTRUCTION;2024-12-31;m87-f;65574.53;299863.62;;"630 absent; exercice de 3 mois"
1014616238;DHT BUSINESS;2024-12-31;m07-f;;6000;;"9901 absent; 630 absent; exercice de 3 mois"
1014684039;COSANAR;2025-12-31;m87-f;160480.98;205297.43;0.7;exercice de 15 mois
1014684831;DEKS INDUSTRIE;2025-12-31;m87-f;;0.01;;"9901 absent; 630 absent; exercice de 15 mois"
1014727589;NeatNerds;2025-12-31;m87-f;30116.67;42905.09;;exercice de 15 mois
1014753127;OMYR GROUP;2025-12-31;m87-f;587.82;35838.47;;630 absent
1014793115;TIMMERMANS - MICHIELS;2025-12-31;m87-f;12253.26;56722.5;;"630 absent; variation N/N-1 extrême"
1014827361;L'optique à la page;2025-12-31;m07-f;29516.34;33709.97;;exercice de 15 mois
1014830727;SWIFT Home Lifts Belgium;2025-12-31;m87-f;-101806.58;202289.56;0.4;exercice de 15 mois
1014845771;ROBOTIC DISTRIBUTION CONCEPT;2025-12-31;m87-f;17085.94;48355.59;;exercice de 15 mois
1014849434;ECOCONFORT-SOLUTIONS;2025-12-31;m87-f;22315.19;23527.2;;exercice de 15 mois
1014907139;GAUTIELEC;2025-12-31;m87-f;68296.09;87970.19;;variation N/N-1 extrême
1014918720;TIENTRANSPORT;2025-12-31;m87-f;25104.92;79637.18;;exercice de 15 mois
1014930004;BELA PARK;2025-12-31;m87-f;-5299.11;7107.87;;exercice de 15 mois
1014952669;TAXI 61;2025-12-31;m87-f;-4845.13;2597.93;;exercice de 15 mois
1014971475;YASKOM;2025-12-31;m87-f;-21907.39;15258.29;0.4;exercice de 15 mois
1014976623;J O M Renovation;2024-12-31;m87-f;;;;"9901 absent; 630 absent; exercice de 3 mois"
1014982759;LCMT COMPANY;2025-12-31;m87-f;-7271.5;75330.59;0.8;exercice de 15 mois
1014991370;FP Mécanique;2025-12-31;m01-f;47391.77;314462.32;2.3;exercice de 15 mois
1015001466;TAXIFLY SERVICES;2025-12-31;m07-f;-6168.49;11652.2;;"630 absent; exercice de 15 mois"
1015012156;BEE SPIRIT;2025-12-31;m87-f;-7496.91;95505.28;;exercice de 15 mois
1015017106;FKM Network;2025-12-31;m87-f;5045.59;13843.8;;exercice de 15 mois
1015033041;GLACES SCHOUPS;2025-12-31;m87-f;48040.14;87161.52;;exercice de 15 mois
1015053233;MDA TRANS;2025-12-31;m87-f;62181.68;98560.09;;exercice de 15 mois
1015061745;La WAFE;2025-12-31;m07-f;12908;259564;;exercice de 15 mois
1015064517;TWINS MOBILITY;2025-12-31;m87-f;48939.68;87314.97;;exercice de 15 mois
1015073128;AK CARS;2025-12-31;m07-f;22028.49;82305.65;;exercice de 15 mois
1015077878;Mountvector Bio;2025-12-31;m07-f;-24837;180415.82;;"630 absent; exercice de 15 mois"
1015089657;MB hello Group;2025-12-31;m87-f;43541.23;54646.92;;exercice de 15 mois
1015123806;VALORESCENCE;2025-12-31;m87-f;21625.74;62774.67;0.8;exercice de 15 mois
1015128160;ARTÉSSENCE;2025-12-31;m87-f;-19567.37;63683.23;;exercice de 15 mois
1015146075;Tapelec;2025-12-31;m87-f;-2288.81;5783.82;;exercice de 14 mois
1015153795;PAXVEL;2025-12-31;m87-f;-67227.1;1885.24;;"630 absent; exercice de 2 mois"
1015169435;Balteau;2025-12-31;m02-f;3563549.87;22836208.41;103.6;exercice de 15 mois
1015171118;CEMOTRA;2025-12-31;m87-f;199609.68;1594717.95;3.1;exercice de 15 mois
1015212391;NAJISOLAR;2025-12-31;m87-f;-680.21;397525.23;;exercice de 14 mois
1015225259;SPANHERMES;2025-12-31;m87-f;4225.43;392333.22;;exercice de 14 mois
1015245649;APIVITIS;2025-12-31;m87-f;-6589.83;7126.05;;exercice de 14 mois
1015246144;ATELIERS COKAIKO;2025-12-31;m87-f;10948.47;30185.49;;exercice de 14 mois
1015251488;T.KHALIFA;2025-12-31;m87-f;8448.2;13289.88;;exercice de 14 mois
1015276432;SCIERIE DE MARLAGNE;2025-12-31;m87-f;5965.58;53891.08;;exercice de 15 mois
1015280192;Dispatch Topaz;2025-12-31;m81-f;-6985.59;405893.3;0;"630 absent; exercice de 14 mois"
1015286528;MONTEFRIO;2025-12-31;m87-f;29105.08;42352.8;;exercice de 14 mois
1015302463;LJMC;2025-12-31;m87-f;105611.63;91474.37;;"EBITDA > total du bilan; variation N/N-1 extrême"
1015324635;EASII;2025-12-31;m87-f;130754;260465;2.9;exercice de 14 mois
1015452913;JAY Management & Consulting;2025-12-31;m81-f;4914.91;25496.18;;630 absent
1015458851;EM TEAM PROJECT;2025-12-31;m87-f;-1503;25498;760;"630 absent; exercice de 14 mois"
1015462217;VAL' BIO;2025-12-31;m01-f;-3989;80805.73;;exercice de 14 mois
1015471719;ZEN Y TU;2025-12-31;m87-f;-13215.81;6806.35;;exercice de 14 mois
1015488644;SOLAR SOLUTION SAV;2025-12-31;m87-f;-11323.47;14058.08;;exercice de 14 mois
1015498146;ZENEBAR;2025-12-31;m87-f;-563.52;180916.51;2.6;exercice de 14 mois
1015528632;ARGM USINAGE;2025-12-31;m87-f;44625.3;54639.59;;variation N/N-1 extrême
1015534471;L'EXCESSIVE;2025-12-31;m87-f;-31053.02;56746.53;;exercice de 14 mois
1015547042;TALMASSE & COMPAGNIE;2025-12-31;m87-f;338430.27;576653.25;1.2;exercice de 14 mois
1015557039;ALLO SENHAJI;2025-12-31;m87-f;14596.71;33986.27;;exercice de 14 mois
1015564264;Eufly Logistics;2025-12-31;m07-f;-146830.5;154228.03;2.1;"630 absent; exercice de 14 mois"
1015575449;AYP;2025-12-31;m87-f;36051;72153.36;1;variation N/N-1 extrême
1015601282;Maxstim Belgium;2025-12-31;m87-f;-12222.5;6500;;"630 absent; exercice de 14 mois"
1015614348;VELOM;2025-12-31;m87-f;6480.19;60999.42;;exercice de 14 mois
1015614447;CABLE KEYN;2025-12-31;m87-f;14660.54;30342.35;;exercice de 14 mois
1015631570;TONDS TON GAZON;2025-12-31;m87-f;130265;553403;2.3;exercice de 15 mois
1015642062;Kerberos Company;2025-12-31;m87-f;23583.42;41431.34;;exercice de 15 mois
1015642359;SYLVARDEN;2024-12-31;m87-f;2877;146517.29;;"630 absent; exercice de 2 mois"
1015659185;KING TRANSPORT LOGISTIC;2025-12-31;m87-f;64228.74;422245.84;;exercice de 15 mois
1015660175;ALTERNOT;2025-12-31;m87-f;22699.32;29214.93;;"630 absent; variation N/N-1 extrême"
1015668786;MADE FOR AZUR;2025-12-31;m87-f;-195772.5;259934.85;;exercice de 15 mois
1015684723;Garage de la Meuse;2024-12-31;m87-f;2375.07;278837.77;3.5;exercice de 2 mois
1015693334;BBR SERVICES;2025-12-31;m87-f;10840.18;49428.16;;"630 absent; exercice de 15 mois"
1015717484;JR CREATIONS;2025-12-31;m87-f;61099.02;75427.28;;exercice de 14 mois
1015718573;ENP METAL;2025-09-30;m87-f;95509.94;114900.02;;exercice de 11 mois
1015732431;VIERENDEELS & FILS;2025-12-31;m87-f;327.97;139592.02;;exercice de 15 mois
1015735597;SB MAINTENANCE;2025-12-31;m87-f;36633.4;44011;;variation N/N-1 extrême
1015746980;KOOKI COMPANY;2025-12-31;m87-f;-33929.14;119541.76;2.8;variation N/N-1 extrême
1015766875;SKYCAR;2025-12-31;m87-f;-1954.39;37667.16;0.7;"630 absent; exercice de 14 mois"
1015790631;VICISTAN;2025-12-31;m87-f;173639.4;364554.7;;exercice de 14 mois
1015790928;Belgium Business and Logistics;2025-12-31;m87-f;4706.74;55113.24;0.5;exercice de 14 mois
1015810328;ENERDEL;2025-12-31;m87-f;37677.43;100081.6;;variation N/N-1 extrême
1015819434;SC GARAGE;2025-12-31;m87-f;43692.23;73054.71;;exercice de 14 mois
1015841210;BOUCHERIE DE LA FERME LUSTIN;2025-12-31;m87-f;54374.78;205798.11;1;variation N/N-1 extrême
1015847148;GO Fly!;2025-12-31;m87-f;41203.07;51153.46;;exercice de 15 mois
1015858432;LOCA-VITE;2025-12-31;m87-f;-94152.3;53689.99;4.7;exercice de 14 mois
1015870409;EYE OPTIC;2025-12-31;m87-f;-25472.5;61066.22;;"630 absent; exercice de 14 mois"
1015880208;Magermans Colin Transports;2025-12-31;m87-f;10832.06;163365.45;;exercice de 14 mois
1015891688;DEPANNAGE SAMA;2025-12-31;m87-f;-1475;5000;;"630 absent; exercice de 14 mois"
1015916434;ALITIF;2025-12-31;m87-f;16224.05;136944.76;;"630 absent; exercice de 14 mois"
1015918315;L’ATELIER DE MATTH ET GWEN;2025-12-31;m87-f;42461.85;171575.5;2.6;exercice de 14 mois
1015931973;Officea;2025-12-31;m87-f;21539.98;52884.36;;"630 absent; variation N/N-1 extrême"
1015958895;Vin imaDgine;2025-12-31;m87-f;7415.14;11794.41;;variation N/N-1 extrême
1015962459;W CHARLEROI;2025-12-31;m87-f;-299778.6;454844.35;;variation N/N-1 extrême
1015972654;FARESS TRANS;2025-12-31;m07-f;30688.15;67373.62;;exercice de 14 mois
1015982750;BAC Group;2025-12-31;m81-f;334307.03;4301968.37;12.9;exercice de 14 mois
1015986710;Tell PRO;2025-12-31;m81-f;-3569.93;467817.06;3.5;exercice de 14 mois
1015996509;GNF Services;2025-12-31;m87-f;13465.37;40112.87;;exercice de 14 mois
1016014622;MOGA;2025-12-31;m87-f;5254.06;578667.97;;exercice de 14 mois
1016023035;YFS;2025-12-31;m87-f;14865.97;18720.65;;exercice de 15 mois
1016041643;AAD SERVICES;2025-12-31;m87-f;709.88;3923.14;;exercice de 14 mois
1016094794;Castle Energy;2025-09-30;m81-f;-36170.37;940878.52;0;exercice de 11 mois
1016131517;FISHER PHARMACEUTICALS;2025-06-30;m87-f;3093.6;4503.21;;exercice de 8 mois
1016133101;JS WOODS;2025-12-31;m87-f;29961.57;58527.92;0.3;exercice de 15 mois
1016136861;Transpetrol Maritime;2025-12-31;m82-f;12827585.46;20446294.55;6.2;"630 absent; devise USD"
1016166951;TBL SERVICES;2025-12-31;m07-f;10103.72;21320.43;;variation N/N-1 extrême
1016170515;SELYAKAR;2025-12-31;m87-f;5654.22;17373.52;;exercice de 14 mois
1016183381;VIDE MAISON - Enfin un vrai service;2025-12-31;m87-f;-10865.87;38053.32;2.4;exercice de 14 mois
1016195655;BDX Transports;2025-12-31;m81-f;282137.46;620447.64;11.6;exercice de 14 mois
1016208523;MAR SIL;2025-12-31;m87-f;22718.04;18710.88;;"exercice de 14 mois; EBITDA > total du bilan"
1016238712;CAR SOS;2025-12-31;m87-f;6878.66;59669.4;;exercice de 14 mois
1016253261;L'Annexe 23;2025-09-30;m87-f;38113;263007;;exercice de 10 mois
1016254053;NPS LETTRAGE;2025-12-31;m87-f;79203.19;77832.01;;"exercice de 14 mois; EBITDA > total du bilan"
1016260189;CHR EXPRESS;2025-12-31;m87-f;31008.04;54483.78;;exercice de 14 mois
1016269691;FOFO TRANS;2025-12-31;m87-f;1123.06;32290.92;1;exercice de 14 mois
1016272166;Chez Julie et Dan;2025-12-31;m07-a;-16025.83;54917.57;;exercice de 14 mois
1016274344;POWER FORCE INNOVATIONS;2025-12-31;m87-f;-4422.54;1875.5;;"630 absent; exercice de 14 mois"
1016283153;GOKALP;2026-06-30;m07-f;37865.82;51528.6;;exercice de 20 mois
1016339076;Deneu;2026-03-31;m87-f;20224.73;49293.83;;exercice de 16 mois
1016341452;Smart and Wise;2025-12-31;m87-f;-33945.82;13232.88;;exercice de 13 mois
1016359961;Garage Barrial;2025-12-31;m87-f;86653.32;167749.94;0.6;exercice de 13 mois
1016366295;Public Charging Belgium;2025-12-31;m02-f;-7970;10842;;"630 absent; exercice de 14 mois"
1016377777;MSG LOGISTICS;2025-12-31;m87-f;97530.1;232110.93;2.6;exercice de 13 mois
1016383222;SAPIENTHOS;2025-12-31;m87-f;1498.82;9928.03;;"630 absent; exercice de 13 mois"
1016384212;PLEZ;2024-12-31;m87-f;-1111.21;30497.31;;"630 absent; exercice de 1 mois"
1016402721;PHIGER;2025-12-31;m01-f;-42049.59;945760.6;7;variation N/N-1 extrême
1016421131;Traiteur VANDENDAELE;2025-12-31;m87-f;-18834.51;96607.39;2.8;exercice de 13 mois
1016434789;SPEED LINK;2025-12-31;m87-f;34276.98;79186.96;2;"630 absent; exercice de 13 mois"
1016455080;LUXEL FACTORY;2025-12-31;m87-f;11994.92;24492.19;;exercice de 13 mois
1016467354;TEAMMATE;2025-12-31;m07-f;21841;91574;;exercice de 14 mois
1016474381;Vortex;2025-12-31;m87-f;22730.4;31905.38;;exercice de 13 mois
1016517636;JAB CHAUFFAGE;2025-12-31;m87-f;148671;166810;0.4;exercice de 13 mois
1016525158;New Horizon Transport;2025-12-31;m87-f;-10833.05;5886.2;;variation N/N-1 extrême
1016531591;MOBILITÉ CONFORT;2025-12-31;m87-f;188.52;30272.88;;exercice de 13 mois
1016535056;MIMOSAPHARMA;2025-12-31;m07-f;34805.42;31791.85;;"630 absent; exercice de 13 mois; EBITDA > total du bilan"
1016557624;NAHAYE SERVICE;2025-12-31;m87-f;52283.43;97837.52;0.5;exercice de 13 mois
1016561681;B ALIGN;2025-12-31;m87-f;26991.99;42044.21;1.6;exercice de 13 mois
1016571876;USAB GROUP;2025-12-31;m87-f;-33470.78;54820.87;2;"630 absent; exercice de 13 mois"
1016576331;IRO;2025-12-31;m87-f;-21833.7;15269.38;;exercice de 13 mois
1016587615;PROXIWATT;2025-12-31;m87-f;66580.64;125889.91;;exercice de 13 mois
1016590979;BARAN SERHAT;2025-12-31;m87-f;110.63;29941.51;;630 absent
1016596919;Belcyco Namur-Brabant;2025-12-31;m81-f;325132.67;1590669.15;6.1;exercice de 13 mois
1016597909;HG SOLUTION;2025-12-31;m87-a;27403.72;96690.58;;exercice de 13 mois
1016602065;PAYNOVATE RESEARCH;2025-12-31;m07-f;637433.58;10747127.86;3.9;exercice de 14 mois
1016613745;ASG TRANSPORT;2025-06-30;m07-f;44603.69;101590.9;;exercice de 7 mois
1016622455;DECOLLE;2025-12-31;m87-f;18592.42;314121.69;;exercice de 13 mois
1016623841;AK DESIGNS;2025-12-31;m87-f;139758.09;354760.5;0.7;exercice de 17 mois
1016631363;JS Pâtisseries;2025-12-31;m87-f;6718.9;63701.46;0.1;exercice de 13 mois
1016643043;Maison Werler;2025-12-31;m87-f;33885.76;607213.03;0.6;exercice de 14 mois
1016653238;JH ELEC;2025-12-31;m87-f;29819.03;69014.17;0.5;exercice de 13 mois
1016664720;LE FOURNIL D'ANTHO;2025-12-31;m87-f;-6496.47;102334.3;1.4;exercice de 13 mois
1016685407;AMGT Welding Custom;2025-12-31;m87-f;4579.02;11487.81;;exercice de 13 mois
1016698075;MTRANS INVEST;2025-12-31;m87-f;8881.63;11796.76;0.1;exercice de 13 mois
1016706488;Bruno Studio;2025-12-31;m87-f;60858.35;59101.33;;"exercice de 14 mois; EBITDA > total du bilan"
1016722920;SDL SOLUTIONS;2025-12-31;m87-f;81845;109165;;exercice de 13 mois
1016741033;WOODSTUFF;2025-12-31;m87-f;65082.43;70861.18;3.3;exercice de 14 mois
1016743706;Néo Métal;2025-12-31;m81-f;54062.28;76590.98;;exercice de 14 mois
1016758453;Marbrerie RT;2025-12-31;m82-f;71232.9;635174.66;;exercice de 14 mois
1016759641;Marbrerie VP;2025-12-31;m82-f;40336.76;162176.22;2.7;exercice de 14 mois
1016778546;GLF GELATO;2025-12-31;m87-f;-33169.73;286943.08;3.3;exercice de 13 mois
1016798738;B.M. Delivery;2025-12-31;m07-f;18643.14;40425.07;0.7;exercice de 13 mois
1016799827;Euroxpress;2025-12-31;m87-f;-1322;401;;"630 absent; exercice de 13 mois"
1016800421;Atelier Smolean Fashion Technologies;2025-12-31;m87-f;29413.69;71651.1;;exercice de 14 mois
1016800916;LABORATOIRE MERTENS B;2025-12-31;m87-f;50433;63922;;variation N/N-1 extrême
1016839914;Global Customs Freight;2025-12-31;m87-f;-62703;233300.82;;exercice de 13 mois
1016840211;AN SERVICES;2025-12-31;m87-f;16250.2;28904.33;;"630 absent; exercice de 14 mois"
1016852087;SoWhat! Studio;2025-12-31;m87-f;82537.37;128364.11;1.6;exercice de 13 mois
1016858324;YasKin Ride;2025-12-31;m87-f;12417.06;17885.96;;exercice de 14 mois
1016873566;LES TOITURES DE SAINT-GHISLAIN;2025-12-31;m87-f;34946.72;59803.6;;exercice de 13 mois
1016911277;Brillances.com;2025-12-31;m87-f;-4034.79;12387.8;;variation N/N-1 extrême
1016923848;GH TRANS;2025-12-31;m87-f;16214.06;71465.24;0.8;exercice de 13 mois
1016928006;HTPA;2025-12-31;m87-f;426604.21;543183.81;;"exercice de 13 mois; EBITDA dans la bande sans personnel déclaré"
1016933647;KASSEM PROJECTS;2025-12-31;m87-f;14039.21;44542.84;;exercice de 13 mois
1016937706;ZARGUIT DRIVER;2025-12-31;m87-f;6847.95;44564.02;;exercice de 13 mois
1016939783;JPS MAIL EXPRESS;2025-12-31;m87-f;15978.59;45429.35;;exercice de 15 mois
1016950374;YSR SERVICES;2025-12-31;m87-f;1461.54;24996.64;;"630 absent; exercice de 13 mois"
1016974229;DA GIU;2025-12-31;m87-f;10574.65;128997.91;;exercice de 13 mois
1016999369;SLM GROEP;2025-12-31;m87-f;50586.52;236873.06;;exercice de 13 mois
1017024808;LGG BUILDING SOLUTIONS;2025-12-31;m87-f;67889.39;101951.47;;variation N/N-1 extrême
1017029261;AD. EVENT;2025-12-31;m87-f;-14035.66;168055.43;0.1;exercice de 13 mois
1017032033;THIB EAU;2025-12-31;m87-f;70197.69;132223.17;;variation N/N-1 extrême
1017043713;KallTech;2025-12-31;m87-f;88639.12;120909.74;;exercice de 13 mois
1017056381;ARDOISE;2025-12-31;m87-f;4443.57;69398.14;2.6;exercice de 13 mois
1017057272;2M PRODUCTION;2025-12-31;m81-f;-740579;1558134;26.3;exercice de 13 mois
1017060935;TRANSPORT DU HAINAUT;2025-12-31;m87-f;101729.42;163869.98;2;exercice de 13 mois
1017072318;FAZ AUTO;2025-06-30;m87-f;-3352.4;13695.43;;exercice de 7 mois
1017075286;RS DRIVE;2025-12-31;m87-f;188.75;34998.68;;630 absent
1017077464;CALMELLY C&C;2025-12-31;m87-f;116927.46;116299.97;;"630 absent; exercice de 13 mois; EBITDA > total du bilan"
1017079147;XSD Logistics;2025-12-31;m87-f;11656.96;148005.6;;"630 absent; exercice de 13 mois"
1017080038;MD Harmonie;2025-12-31;m87-f;12646.04;19631.38;;exercice de 13 mois
1017183570;BT BUSINESS GROUP;2025-12-31;m87-f;36078.61;127249.18;;exercice de 13 mois
1017187728;HumaNova;2025-12-31;m87-f;10267.16;38685.42;;"630 absent; exercice de 13 mois"
1017195250;THE PICKY CHEMIST;2025-12-31;m87-f;96195.82;110282.05;;variation N/N-1 extrême
1017200990;Belgian WORKSHOP;2025-12-31;m87-f;-8550.66;23982.34;;exercice de 13 mois
1017207524;TASTY SPOON TRAITEUR;2025-12-31;m87-f;-8312.5;6869.58;;exercice de 13 mois
1017208118;DEVIAENE NICOLAS;2025-09-30;m87-f;65766.35;79897.66;;exercice de 10 mois
1017208316;BOUCHERIE DE RAEDT;2025-12-31;m87-f;61976.72;443187.39;3.6;exercice de 13 mois
1017209207;DS HEAT & COOL;2025-12-31;m87-f;64376.04;47403.62;;"exercice de 13 mois; EBITDA > total du bilan"
1017219105;Société Guerlus Conseil & Invest;2025-06-30;m87-f;42316;50601;;exercice de 7 mois
1017221083;BOULANGERIE DEBUF;2025-12-31;m87-f;96250.69;371918.39;5.3;exercice de 13 mois
1017222865;M&C Chauffage et Sanitaire;2025-12-31;m87-f;167316.64;230757.09;0.2;exercice de 13 mois
1017224647;FG-S Label;2025-12-31;m87-f;14160.89;62722.49;;exercice de 13 mois
1017226528;VIANCOR;2025-12-31;m87-f;17605.12;212724.05;;exercice de 13 mois
1017228310;ELECTRICITE MENEGAZZI;2025-12-31;m87-f;26076.08;34969.96;0.3;exercice de 13 mois
1017235832;LIMOUSINES & PARTENAIRES;2025-12-31;m87-f;1939.67;10947.6;;exercice de 13 mois
1017237020;NMA BUSINESS;2025-12-31;m87-f;35769.36;68649.87;;exercice de 13 mois
1017237911;LP ELECTRICITE;2025-12-31;m87-f;61754.78;185870.77;2;exercice de 15 mois
1017240087;Tomrenov;2025-12-31;m87-f;10187.49;13121.71;;exercice de 13 mois
1017240582;Point Elec;2025-12-31;m87-f;11011.12;54737.53;;exercice de 13 mois
1017247017;TOUSSA TOUSSA;2025-12-31;m87-f;10985.65;22027.92;;exercice de 13 mois
1017252559;Express Transport Services Belgium;2025-12-31;m87-f;8469.52;30786.86;;exercice de 13 mois
1017254440;Boulangerie Cardoen;2025-12-31;m81-f;117264.11;332003.33;2;exercice de 13 mois
1017256717;ZAIN NF;2025-12-31;m87-f;4526;35214.1;;"630 absent; exercice de 13 mois"
1017269286;POELS GROUP;2025-12-31;m87-f;-13735.4;4767.97;;630 absent
1017269583;LBE BAKERY;2025-06-30;m87-f;184521.66;316524.32;4.3;exercice de 7 mois
1017273840;EED FOODS;2025-12-31;m87-f;-15393.51;20445.7;;exercice de 13 mois
1017296507;RS STEEL;2025-12-31;m87-f;47941.79;236790.54;;variation N/N-1 extrême
1017298485;Traversée;2025-12-31;m87-f;9390.19;41567.92;;630 absent
1017307690;Geste;2025-12-31;m87-f;-14205.1;6644.17;;630 absent
1017324518;EB NEGOTIUM;2025-12-31;m87-f;-371.6;328.25;;"630 absent; exercice de 13 mois"
1017342136;OrPhil;2025-12-31;m87-f;29843.23;58854.78;;exercice de 13 mois
1017357081;SAYA Belgium;2026-03-31;m87-f;210344.18;250155.77;;exercice de 16 mois
1017363813;Delvienne Solutions Transports;2025-12-31;m87-f;2336.85;7335.29;;exercice de 13 mois
1017379847;ACH-TECH;2025-12-31;m87-f;23453.84;46360.73;;"630 absent; exercice de 15 mois"
1017382619;FLORYAN GILLAIN;2025-06-30;m87-f;-4120.38;76420.65;1;exercice de 7 mois
1017389151;ANDACAR;2025-12-31;m07-f;6237.42;9777.77;;exercice de 13 mois
1017390636;GVH CONCEPT;2025-12-31;m87-f;68709.63;95800.34;;exercice de 13 mois
1017394594;BABELEIR;2025-12-31;m87-f;15791.36;76820.17;;exercice de 13 mois
1017415776;CBA BETON;2025-12-31;m87-f;618320.36;3155284.49;2.4;variation N/N-1 extrême
1017427951;Hi-Jet Aviation Belgium;2025-12-31;m81-f;-3373.95;1926.37;;630 absent
1017453388;DERET LOGS BELGIUM;2025-12-31;m02-f;-852640.2;1255944.9;14.7;exercice de 13 mois
1017472689;Align Technology Belgium;2025-12-31;m82-f;411310.29;8957240.47;6.7;"630 absent; exercice de 13 mois"
1017559001;EVOTECHNIX;2025-12-31;m87-f;11091.15;31088.73;;exercice de 23 mois
1017607006;MODERNITÉ SOLUTIONS ÉLECTRIQUES;2025-12-31;m87-f;105448.04;148121.88;;variation N/N-1 extrême
1017621258;PRESTHORE;2025-12-31;m87-f;23154.1;27637.22;;exercice de 18 mois
1017652437;Reynaert Consulting;2025-06-30;m87-f;45674.42;95054.68;;exercice de 6 mois
1017661147;TIRIOLLET;2025-06-30;m87-f;-16276.84;198996.81;;exercice de 6 mois
1017693712;LMR Pro Consult;2025-12-31;m87-f;70558.04;82570.78;;variation N/N-1 extrême
1017701036;AVW Multiservices;2025-12-31;m87-f;-30675;69613.75;;exercice de 13 mois
1017703808;BENYASS;2025-12-31;m01-f;-230.58;17878.3;;exercice de 15 mois
1017722020;BenTransport;2025-12-31;m87-f;-1093.22;19252.6;;exercice de 13 mois
1017770520;AGRI-HOBBIES;2025-09-30;m87-f;10035.67;18534.7;;exercice de 10 mois
1017783782;Menuiserie Julien Jamar;2025-12-31;m87-f;16661.7;65165.98;;exercice de 13 mois
1017833668;MORASELEC;2025-12-31;m87-f;3658.64;32337.99;0.9;exercice de 13 mois
1017835945;Simmit Ventures;2025-12-31;m87-f;-24527.36;2328.22;;"630 absent; exercice de 13 mois"
1017847328;BEDAPI;2025-06-30;m87-f;27234.18;38292.9;;"630 absent; exercice de 6 mois"
1017851286;EN30;2025-12-31;m01-f;-43252.21;62450.49;;630 absent
1017872369;Madame Peel;2025-12-31;m87-f;-1058.96;110682.6;;exercice de 13 mois
1017878903;AMTEC MACHINERY;2025-12-31;m87-f;36931.24;164351.48;;"630 absent; exercice de 13 mois"
1017900677;KuKirin Belgium;2025-12-31;m87-f;633.87;32775.27;;630 absent
1017902954;LNA-vie;2025-12-31;m87-f;31370.62;55801.26;;exercice de 13 mois
1017943140;MARC-PHARMA;2025-12-31;m87-f;23604.76;36075.62;;exercice de 14 mois
1018070626;ProPose Cuisine;2025-06-30;m87-f;53950.53;89036.09;1.8;exercice de 6 mois
1018086462;Romain Defraiteur Parcs et Jardins;2025-06-30;m87-f;81925.58;222438.06;0.5;exercice de 6 mois
1018091412;ESSI SERVICES;2025-12-31;m87-f;30038.84;34223.58;;"630 absent; exercice de 13 mois"
1018173663;GTI TRANSPORT;2025-12-31;m87-f;-2655.62;12008.98;;630 absent
1018266804;NdA Srl;2025-12-31;m87-f;-15235.47;15806.63;;630 absent
1018300060;J³ ENGINEERING;2025-12-31;m87-f;16854.64;35999.87;;630 absent
1018404780;BEV-TECH;2025-12-31;m87-f;93696.9;81353.47;;EBITDA > total du bilan
1018408542;NJPAC;2025-12-31;m07-f;24562;40889;;630 absent
1018423388;MS AUTO SERVICES;2025-12-31;m87-f;-1335.31;20539.68;0.1;630 absent
1018428734;CODEWATT;2025-12-31;m87-f;7340;13349.37;;630 absent
1018500889;JM TRANSPORT & DEMENAGEMENT;2025-12-31;m07-f;58912.72;107073.84;;630 absent
1018508809;Belcyco Minerals Treatment;2025-12-31;m81-f;70833.22;699023.53;;630 absent
1018665393;MSB Technical Projects;2025-12-31;m87-f;13733.99;25881.12;;630 absent
1018692416;IMAGIWOOD;2025-12-31;m87-f;-3319.31;8689.01;;630 absent
1018704688;CFT Style;2025-12-31;m07-f;-7741;3781;;630 absent
1018717259;ELVAS Invest;2025-12-31;m87-f;128442.93;109072.96;;EBITDA > total du bilan
1018726068;EL MOUKH LOGISTIQUE;2025-12-31;m87-f;16538;33669.66;0;exercice de 11 mois
1018726167;BT TRANS;2025-12-31;m87-f;7101.8;30390.27;;exercice de 11 mois
1018760613;CREATINK;2025-12-31;m87-f;93903.79;120067.64;;exercice de 11 mois
1018763581;KNOWLEDGE BUSINESS SERVICES;2025-12-31;m87-f;-8792.59;11414.11;;exercice de 11 mois
1018777142;Brasserie E.V.J.;2025-12-31;m87-f;53734.82;57637.53;;exercice de 11 mois
1018789911;Yan Bois;2025-12-31;m87-f;41315.75;121098.81;;exercice de 11 mois
1018806737;EDPR Belgium Energie;2025-12-31;m81-f;-65244.89;4213951.66;0;"630 absent; exercice de 11 mois"
1018811289;M&M Militzer & Münch Belgique;2025-12-31;m01-f;-9330.27;974514.06;2.6;exercice de 11 mois
1018815051;ALE-OP;2025-12-31;m87-f;13669.65;38033.66;;exercice de 11 mois
1018817526;BEAUVOIS Olivier;2025-12-31;m87-f;62001.4;136417.82;;exercice de 11 mois
1018840587;CDM LOGITRANS;2026-03-31;m87-f;14895.61;65333.05;;exercice de 14 mois
1018840884;Conception JM;2025-12-31;m81-f;6142.3;28910.67;;exercice de 11 mois
1018842666;STAY BELLE;2025-12-31;m87-f;-2933.11;73232.18;;exercice de 11 mois
1018849396;T.I.P;2025-12-31;m87-f;58584.41;195182.63;;exercice de 11 mois
1018855039;GRMI;2025-12-31;m87-f;4006;16171;;"630 absent; exercice de 11 mois"
1018859195;LE TISSERIN;2025-12-31;m87-f;-9859.65;253013.87;;exercice de 11 mois
1018868697;REENAERS FREDERIC;2025-12-31;m87-f;31035.32;68903.08;0.8;exercice de 11 mois
1018887604;E&A GROUP;2025-12-31;m87-f;21881;34174;;exercice de 11 mois
1018892552;D.I TRANS GLOBAL;2025-12-31;m87-f;-858.59;12476.37;;exercice de 11 mois
1018923434;URBAN HAULER;2025-12-31;m87-a;-10306.38;14748.84;;"630 absent; exercice de 11 mois"
1018928679;SK Engineering & Services;2025-12-31;m87-f;2900.9;50760.83;;exercice de 11 mois
1018949267;HVAC & Energie Expert;2025-12-31;m87-f;38044.4;54094.05;;630 absent
1018955306;Green for Power - Beta;2025-12-31;m01-f;179066.25;9551845.54;;exercice de 11 mois
1018965796;BâtiTech;2025-12-31;m87-f;21773.8;55530.46;;exercice de 11 mois
1018983317;MBR BUSINESS;2025-12-31;m87-f;-18296.48;88610.96;0.6;exercice de 11 mois
1019015385;2AS RACING PERFORMANCE;2025-12-31;m87-f;6673.43;10471.19;;"630 absent; exercice de 11 mois"
1019016078;OSR LOGISTICS;2025-12-31;m87-f;11026.94;33525.24;;exercice de 11 mois
1019016870;L'Atelier Devreux;2025-12-31;m87-f;23123;71931;;exercice de 11 mois
1019041913;BIO SERVICE;2025-12-31;m87-a;619;4852;;"630 absent; exercice de 11 mois"
1019044386;DIMKA;2025-12-31;m07-f;1636;2236;;"630 absent; exercice de 11 mois"
1019047059;GYHOME;2025-12-31;m87-f;96603.77;201371.88;1.2;exercice de 11 mois
1019090314;GREISCH SOLUTIONS;2025-12-31;m81-f;73568.76;96636.7;;"630 absent; exercice de 11 mois"
1019104269;B-NEO CLIPS;2025-12-31;m87-f;-1614.49;37696.33;;exercice de 11 mois
1019129015;Clima and Solution;2025-03-31;m87-f;7324.22;62254.76;;exercice de 3 mois
1019141485;BF BOHET;2025-12-31;m81-f;38389.64;131971.85;4;exercice de 11 mois
1019144059;ONWAY;2025-12-31;m87-f;-2116.12;979.96;;"630 absent; exercice de 11 mois"
1019154254;MOUSTICAL;2025-12-31;m87-f;596.68;15318.41;;630 absent
1019182265;Corplex Belgium;2025-12-31;m87-f;-28316.1;92464.06;1;"630 absent; exercice de 11 mois"
1019185136;NEWTYPE;2025-12-31;m87-f;128006.14;133386.8;;exercice de 11 mois
1019225916;ViaEurope Customs Belgium II;2025-12-31;m81-f;1527.08;6871.18;;"630 absent; exercice de 11 mois"
1019250264;BOULANGERIE RICHARD;2025-12-31;m87-f;156425.26;251861.61;1.8;exercice de 11 mois
1019254719;WBT CONCIERGERIE;2025-12-31;m87-f;-22952.16;46234.72;;exercice de 11 mois
1019272436;GODFROID TECHNIKS;2025-12-31;m87-f;16662.61;13513.93;;EBITDA > total du bilan
1019301932;SOLYTAX;2025-12-31;m87-f;-6383.25;37338.38;;exercice de 11 mois
1019313612;CME LANGE;2025-12-31;m87-f;12106.8;74407.13;;exercice de 11 mois
1019315986;GGMS GUARNERI;2025-12-31;m87-f;48655.87;65534.42;;exercice de 11 mois
1019340831;FERNAND TICHOUX – AMENAGEMENT D’INTERIEUR;2025-12-31;m87-f;-2920.62;117090.12;;exercice de 11 mois
1019363892;Bauschreinerei G. Kronen;2025-12-31;m87-f;64550.54;178506.85;0.9;exercice de 11 mois
1019364486;Daenen Mécanique;2025-12-31;m87-f;85114.02;514427.5;0.4;exercice de 11 mois
1019392893;SkyEdge Innovation;2025-12-31;m87-f;61738.83;69351.16;;exercice de 11 mois
1019392992;Ameyn;2025-12-31;m87-f;8780.65;49379.32;;exercice de 11 mois
1019395170;MGO WATCH;2025-12-31;m87-f;59005.74;75717.04;;"630 absent; exercice de 11 mois"
1019399823;SWEETY CLOUD;2025-12-31;m07-f;;;;"9901 absent; 630 absent"
1019406058;Hemastatx;2025-12-31;m87-f;-113092.8;200755.04;;exercice de 11 mois
1019423676;BEAUVOIS J.;2025-12-31;m87-f;34439;78136;;exercice de 11 mois
1019424963;COLABERT;2025-12-31;m87-f;221.03;64612.67;;exercice de 11 mois
1019445353;OPTIQUE NANESSE;2025-12-31;m87-f;6984.8;200461.84;;exercice de 11 mois
1019460201;Unseen Brewing Company;2025-12-31;m87-f;-6567.31;35614.43;;exercice de 11 mois
1019460793;DIGITAL CONCEPT SRL;2025-12-31;m01-f;12309.08;19104.8;;630 absent
1019473562;ISTARIS;2025-12-31;m87-f;-19029.36;40122.48;;exercice de 11 mois
1019479205;EDEN'FOXE;2025-12-31;m87-f;-11772.45;6076.69;;exercice de 13 mois
1019539779;YEM GROUP;2025-12-31;m87-f;12070.94;146606.56;;"630 absent; exercice de 11 mois"
1019540274;MONOMAR LOGISTICS SOLUTIONS;2025-12-31;m87-f;57389.53;394693.78;;"630 absent; exercice de 11 mois"
1019545719;NORD-SUD;2025-12-31;m87-f;-110;7848;;"630 absent; exercice de 11 mois"
1019547105;Vanille & Compagnie;2025-12-31;m87-f;33808.66;379345.12;1.7;exercice de 11 mois
1019547796;LAKESIS;2025-12-31;m87-f;13283.09;32325.66;;exercice de 11 mois
1019587685;EC TRANSPORT;2025-12-31;m87-f;23246.98;34864.09;;exercice de 11 mois
1019619557;ELECTROVOLT ENGINEERING;2025-12-31;m87-f;69563.23;110196.02;;exercice de 11 mois
1019622428;GOLD LUX;2025-12-31;m07-f;10113.73;37674.44;;exercice de 11 mois
1019661129;BURCIN TRANSPORT;2025-12-31;m07-f;12833.05;34229.35;0.6;exercice de 11 mois
1019665483;Pyxide's Imaginarium;2025-12-31;m87-f;12471.81;13382.15;;exercice de 11 mois
1019693791;THE GOOD OLD DAYS;2025-12-31;m87-f;-3790.97;2509.06;;"630 absent; exercice de 11 mois"
1019703689;WATERJUMP PARK;2025-12-31;m87-f;78090;227114.67;0.8;exercice de 11 mois
1019716854;HEM SERVICES;2025-12-31;m87-f;-4089.67;6302.38;;exercice de 11 mois
1019741895;MH SOUDAGE;2025-12-31;m87-f;22055.01;27612.59;;exercice de 11 mois
1019742984;O-J IMMOBILIERE;2025-12-31;m87-f;1551.55;307930.8;;exercice de 11 mois
1019797226;NetGen Aesthetic;2025-12-31;m87-f;-10174.87;15005.24;;exercice de 11 mois
1019820485;D.AeroMeca;2025-12-31;m07-f;-279.92;6126.96;;"630 absent; exercice de 11 mois"
1019823356;Joaillier Privé;2025-12-31;m87-f;-17585.9;287348.04;1.7;exercice de 11 mois
1019843251;MARTINE MANAGEMENT;2025-12-31;m87-f;2407.1;19657.64;;"630 absent; exercice de 11 mois"
1019849684;Amblard Chocolat SRL;2025-12-31;m87-f;-16173.02;190730.2;0.3;exercice de 11 mois
1019851169;DUKE FAMILY;2025-12-31;m87-f;47916.4;75176.61;;exercice de 11 mois
1019863641;PRESTIGE LORY;2025-12-31;m87-f;27221.82;60778.24;0.7;"630 absent; exercice de 11 mois"
1019867205;LYNTHIS;2025-12-31;m87-f;31367.6;51866.9;;exercice de 11 mois
1019885219;BB Motors;2025-12-31;m87-f;15600.01;51693.97;;exercice de 11 mois
1019893335;HMD CONSULTING;2025-12-31;m87-f;16550.48;23401.93;;"630 absent; exercice de 11 mois"
1019906005;Pépites Traiteur;2025-12-31;m87-f;33225.09;46861.68;;exercice de 11 mois
1019920653;Eren Energy Storage Benelux;2025-12-31;m01-f;-330842.55;1713892.15;0.1;"630 absent; exercice de 11 mois"
1019946684;OBMH GROUP;2025-12-31;m87-f;60697.47;146041.42;3.2;exercice de 11 mois
1019970935;EAGLE GROUP TRANSPORT;2025-12-31;m07-f;;7000;;"9901 absent; 630 absent"
1019979051;SHEIM;2025-12-31;m87-f;35182.76;42697.15;;exercice de 11 mois
1019982219;Straet C.;2025-12-31;m87-f;35848.92;161712.18;1;exercice de 11 mois
1019989048;BOUCHERIEZ DEPREZ;2025-12-31;m87-f;40328.95;364046.22;9.2;exercice de 11 mois
1020028838;HEMROULLE'S INDUSTRY;2025-12-31;m81-f;-4342.67;115090.57;;"630 absent; exercice de 11 mois"
1020050515;CIRKLUM;2025-12-31;m87-f;1539.9;13975.51;;"630 absent; exercice de 10 mois"
1020062688;soli management - Solution Industrielle;2025-12-31;m87-f;77430.69;110744.88;;exercice de 10 mois
1020066549;Vert Chez Vous D.C;2025-12-31;m87-f;62443.1;239852.19;2;exercice de 11 mois
1020073378;SUPER WET;2025-12-31;m81-f;-46830.82;405099.81;;exercice de 10 mois
1020086840;LUXIOME;2025-12-31;m87-f;-12510.74;22893.22;;exercice de 10 mois
1020094758;WIBIMMO;2025-12-31;m87-f;20235;290047.88;;exercice de 10 mois
1020109507;Babylux Logistics;2025-12-31;m81-f;-5136.4;250895.49;0;"630 absent; exercice de 10 mois"
1020115445;L-Transport;2025-12-31;m81-f;11547.04;26053.29;;"630 absent; exercice de 10 mois"
1020139991;B&F Studio;2025-12-31;m87-f;1361.04;6883.74;;exercice de 10 mois
1020149592;GIFTIFY RESEARCH;2025-12-31;m01-f;285818.35;2638805.97;1.3;exercice de 11 mois
1020153750;Automated Process System;2025-12-31;m81-f;7111;20144;;exercice de 10 mois
1020187404;Bontemps Invest;2025-12-31;m07-f;-44193;1449327.38;;exercice de 10 mois
1020194827;V.L. HELICOTECH;2025-12-31;m87-f;33545;81223;;exercice de 10 mois
1020210960;CALL MEE AGENCY;2025-12-31;m87-f;-3000;;;"630 absent; exercice de 10 mois"
1020235409;ACE LOGISTIQUE;2025-12-31;m87-f;20534.62;92858.91;;exercice de 10 mois
1020238872;BHR TRANSPORT;2025-12-31;m07-f;-8542.27;7919.21;;exercice de 10 mois
1020242634;CHILL DRIVING;2025-12-31;m07-f;-3393.93;34515.46;;exercice de 11 mois
1020246691;VIAPOSTE MAINTENANCE BENELUX;2025-12-31;m82-f;485199.27;3373269.17;47.2;exercice de 10 mois
1020257777;Willéa;2025-12-31;m87-f;-368.66;8074.04;;exercice de 11 mois
1020273912;Studio Coco Design;2025-12-31;m87-f;39030.72;59326.51;;"630 absent; exercice de 10 mois"
1020285293;FCL PROJETS;2025-12-31;m87-f;20276.73;22188.5;;"630 absent; exercice de 10 mois"
1020286877;CLAUGER BELGIUM;2025-12-31;m81-f;-3047.98;534873.35;1.6;exercice de 10 mois
1020293312;XPress Logistics;2025-12-31;m87-f;5225.15;19908.81;;exercice de 10 mois
1020295389;Steven Malego Construct;2025-12-31;m87-f;241840.92;588224.5;;exercice de 10 mois
1020341317;Trade 1143;2025-12-31;m87-f;34405.5;66113.96;;exercice de 10 mois
1020348245;Purpurea Jardin;2025-12-31;m87-f;28873.63;54444.5;;exercice de 11 mois
1020352601;LOCAMEX BELGIUM;2025-12-31;m87-f;-847;426.98;;exercice de 10 mois
1020361212;OLIORENO;2025-12-31;m87-f;86205.81;118815.45;;exercice de 10 mois
1020368734;GROUPE E2SERS;2025-12-31;m87-f;9274.1;12367.99;;"630 absent; exercice de 10 mois"
1020371704;MYCOOL Services;2025-12-31;m87-f;38184.03;81134.41;;exercice de 10 mois
1020385857;WINANDY PRINT;2025-09-30;m87-f;43423.64;291628.41;0.8;exercice de 13 mois
1020399418;Pisalhas Aquarium Consulting SRL;2025-12-31;m01-f;50485.52;92091.13;;exercice de 10 mois
1020406247;LOGFRA;2025-12-31;m87-f;25641.2;87205.32;;630 absent
1020410306;HANGAR TALENT;2025-12-31;m81-f;88692.47;132078.63;;"630 absent; exercice de 10 mois"
1020412878;DU FIL AU CHAMP;2025-12-31;m87-f;-11723.01;44425.62;;exercice de 10 mois
1020471771;D&B CONCEPT;2025-12-31;m87-f;397.34;4915.81;;"630 absent; exercice de 10 mois"
1020488597;EMG Build;2025-12-31;m07-f;59805;76042;;"630 absent; exercice de 10 mois"
1020490775;LATITUDES;2025-12-31;m87-f;43415.06;46596.97;;exercice de 10 mois
1020534228;CHARLY PAPER;2025-12-31;m87-f;-8734.85;22005.43;;exercice de 11 mois
1020534822;IRIS ROM;2025-12-31;m81-f;6883.35;23269.59;;"630 absent; exercice de 10 mois"
1020539770;Van den Hende It Consultant;2025-12-31;m87-f;5763.71;14735.05;;630 absent
1020543631;Othentique Spirits;2025-12-31;m87-f;-2812.17;7204.18;;"630 absent; exercice de 10 mois"
1020557685;TAXI SHNA;2025-12-31;m87-f;-1969;1818;;"630 absent; exercice de 10 mois"
1020557883;OOMAT;2025-12-31;m07-f;16251.19;164144.75;5.6;"630 absent; exercice de 10 mois"
1020567088;WANGESCU;2025-12-31;m87-f;31836.52;41714.51;;exercice de 10 mois
1020567583;MAISON JUMP;2025-12-31;m87-f;12737.38;33330.35;;exercice de 10 mois
1020589953;JAMAZU SERVICES;2025-12-31;m87-f;20592;25017;;exercice de 10 mois
1020633208;Alpaca Logistics;2025-12-31;m87-f;160289.21;292130.27;;"630 absent; exercice de 10 mois"
1020636572;AZBA;2025-12-31;m87-f;40014.49;49427.97;0.7;exercice de 10 mois
1020649044;PACK DESIGN;2025-12-31;m87-f;56574.67;65312.53;;"630 absent; exercice de 10 mois"
1020672107;The Secret Life;2025-12-31;m87-f;109192.4;112637.86;;exercice de 10 mois
1020678639;Atelier de Menuiserie Blaise M.;2025-12-31;m87-f;37632.99;197640.2;;exercice de 10 mois
1020693188;MANA Gear;2025-12-31;m87-f;-2559.28;660.43;;"630 absent; exercice de 10 mois"
1020712786;SPO PROJECTS;2025-12-31;m87-f;40356.14;68555.28;;exercice de 10 mois
1020715855;EUROCUSTOMS;2025-12-31;m87-f;7338.61;131648.45;;"630 absent; exercice de 10 mois"
1020719617;MESTFRITES;2025-12-31;m81-f;311655.06;1029941.92;;"exercice de 10 mois; EBITDA dans la bande sans personnel déclaré"
1020739116;CYAI;2025-12-31;m87-f;359.72;7995.27;;"630 absent; exercice de 10 mois"
1020751586;JB’S PROJECTS;2025-12-31;m81-f;-9086.14;46522.14;;exercice de 10 mois
1020756536;THE ONE WITH SISU;2025-12-31;m81-f;44633.7;95253.38;;"630 absent; exercice de 10 mois"
1020758318;VDS LOGISTIC;2025-12-31;m87-f;-15712.93;31891.41;;exercice de 10 mois
1020763068;UNIBUSLINK International;2025-12-31;m87-f;116195.3;368682.57;;exercice de 10 mois
1020765048;Wao-Menuiserie;2025-12-31;m87-f;126701.88;187604.19;;exercice de 10 mois
1020785240;B-PRESTIGE;2025-12-31;m87-f;8532.92;30770.1;;exercice de 10 mois
1020792168;MEUSE LOGISTIQUE;2025-12-31;m87-f;344828.92;8187379.44;;"exercice de 9 mois; EBITDA dans la bande sans personnel déclaré"
1020799096;MACHINES FORESTIÈRES SKYJACK;2025-12-31;m87-f;255498;276462;;exercice de 10 mois
1020806224;Communauté d’énergie uni BE 0;2025-12-31;m08-f;1693;3303.76;;"630 absent; exercice de 10 mois"
1020818991;ZEIMERS PETER MANAGEMENT;2025-12-31;m81-f;60889.39;535552.49;;exercice de 10 mois
1020850863;ILABS;2025-12-31;m87-f;5517.39;137552.34;;exercice de 10 mois
1020862345;KOOBALT;2025-12-31;m87-f;68220.6;140814.75;;"630 absent; exercice de 10 mois"
1020878577;Ard’Vision;2025-12-31;m87-f;20565.61;288701.52;3.2;exercice de 10 mois
1020880557;Roule En Rétro;2025-12-31;m08-f;1765.01;5754.21;;630 absent
1020895504;Chill and Cook;2025-12-31;m87-f;2.4;3946.97;;"630 absent; exercice de 10 mois"
1020902828;Specs Architecture;2025-12-31;m87-f;-7.96;27199.99;;exercice de 10 mois
1020910449;CS Management;2025-12-31;m87-f;-1433.64;25149.35;;exercice de 10 mois
1020922030;GLIS GROUP;2025-12-31;m87-f;88921.79;149722.86;;exercice de 10 mois
1020931730;REHOBOTH.FA SERVICES;2025-12-31;m07-f;-11527.39;11145.73;;"630 absent; exercice de 10 mois"
1020931829;GARAGE SPRIMONT;2025-12-31;m87-f;53702;88142;;exercice de 15 mois
1020941331;MODULEC;2025-12-31;m87-f;4648.69;205876.66;;exercice de 10 mois
1020952912;VERVINCKT ART PRINT;2025-12-31;m87-f;12781.48;27892.9;;"630 absent; exercice de 10 mois"
1020953011;JV CONSULT;2025-12-31;m87-f;40738.25;45443.9;;exercice de 10 mois
1020955484;CGA SERVICES;2025-06-30;m87-f;72544.88;77898.35;;exercice de 4 mois
1020974092;HITIT GROUP;2025-12-31;m87-f;-5533.24;855.3;;"630 absent; exercice de 10 mois"
1020981022;CDM Groupe;2025-12-31;m87-f;10603.3;42307.86;;exercice de 10 mois
1020992207;OPTIMLINK;2025-12-31;m87-f;4512.41;6045.97;;"630 absent; exercice de 10 mois"
1021003984;BELGIUM CARGO AND HORSES;2025-12-31;m07-f;;3500;;"9901 absent; 630 absent; exercice de 10 mois"
1021007647;CASA UNO;2025-12-31;m87-f;-5044.42;7007;;exercice de 10 mois
1021008736;GT LEGENDES;2025-12-31;m87-f;10596.01;15865.05;;"630 absent; exercice de 10 mois"
1021020812;CYAN TRANS;2025-12-31;m87-f;1302.74;4525.1;;630 absent
1021030215;GLOBAL MEDICAL TRANSPORT;2025-12-31;m07-f;4923.92;11100.62;;"630 absent; exercice de 10 mois"
1021038925;SM CONSTRUCT PRO;2025-12-31;m87-f;28479.63;30283.32;;exercice de 10 mois
1021040311;Walleflore Activités;2025-12-31;m87-f;22917.91;24129.86;;"630 absent; exercice de 10 mois"
1021044962;DIGITAL SMILE LAB;2025-12-31;m87-f;-146945.64;692700.43;;"630 absent; exercice de 10 mois"
1021054266;SintenergieS;2025-12-31;m87-f;33541.97;33165.58;;"630 absent; exercice de 10 mois; EBITDA > total du bilan"
1021061095;BE GOOD AT HOME;2025-12-31;m87-f;39973.14;61198.69;;exercice de 10 mois
1021085544;BADAOUI;2025-12-31;m87-f;14503.26;43307.11;;exercice de 9 mois
1021089207;SŒUR BERNARD;2025-12-31;m87-f;135190.83;143883.31;;exercice de 9 mois
1021103657;LR CARRE;2025-12-31;m87-f;-366.22;7635.22;;"630 absent; exercice de 10 mois"
1021125829;JNGS;2025-12-31;m87-f;-22270.21;124128.94;0.3;exercice de 10 mois
1021139883;CLEANING & WASTE SOLUTIONS;2025-12-31;m87-f;64158.21;113750.41;;exercice de 9 mois
1021149187;SOIGN'ART;2025-12-31;m87-f;24522.47;65090.84;;exercice de 9 mois
1021150474;JNA TRANS;2025-12-31;m87-f;26365.01;66536.07;;exercice de 7 mois
1021167795;HYDROMECATECH;2025-12-31;m87-f;-17608.71;4133.29;;"630 absent; exercice de 9 mois"
1021169775;TRAVEL EXPRESS;2025-12-31;m87-f;-1541.32;5285.42;;"630 absent; exercice de 9 mois"
1021173933;TRANS MAIL SERVICES WORLD;2025-12-31;m01-f;145652.04;170512.21;;exercice de 9 mois
1021175814;HERMAN BETAIL;2025-12-31;m01-f;35360.28;667253.14;0.8;exercice de 9 mois
1021178782;SOM Transport & Service;2025-12-31;m87-f;24689.09;34160.5;0.2;exercice de 9 mois
1021186405;EDA CHAUFFAGE SANITAIRE;2025-12-31;m87-f;15077.17;68361.94;;exercice de 9 mois
1021187690;Diana Rénovation - Immo Valorisation;2025-12-31;m87-f;53794.42;75760.88;;"630 absent; exercice de 9 mois"
1021209862;MNL EXPRESS;2025-12-31;m07-f;-2640.53;7379.83;0.3;exercice de 9 mois
1021217087;REXTRA;2025-12-31;m87-f;7821.57;15386.03;;"630 absent; exercice de 9 mois"
1021233420;DAB ELEC;2025-12-31;m87-f;-4528.67;4930.02;;630 absent
1021245890;Chez Gisèle par Thomas Bourgeois;2025-12-31;m87-f;-4259.56;176202.23;;exercice de 9 mois
1021252523;NELFEU;2025-12-31;m87-f;6285.95;122559.28;1.4;exercice de 9 mois
1021263411;LUMEO;2025-12-31;m87-f;17789.27;66135.52;;exercice de 9 mois
1021263708;Air Belgium;2025-12-31;m02-f;-20971060.11;33935015.06;114.1;exercice de 9 mois
1021282316;Germini & Lebas;2025-12-31;m87-f;-4232.14;878.18;;"630 absent; exercice de 9 mois"
1021288947;Sudvert;2025-12-31;m87-f;22747.25;84155.65;;exercice de 10 mois
1021298845;GINBEL;2025-12-31;m87-f;-1827.77;6399.99;;exercice de 10 mois
1021309337;MAGNUM ICC BELGIUM;2025-12-31;m02-f;895562.36;11872217.64;33.9;exercice de 9 mois
1021329133;S. VLASI DEPANNAGE-TRANSPORT;2025-12-31;m87-f;88642;139056;;exercice de 9 mois
1021335566;RODRIGUEZ OLIVERA Carlos;2025-12-31;m87-f;68084.84;73359.57;;exercice de 9 mois
1021342001;M&L GO;2025-12-31;m87-f;6538.27;11437.75;;exercice de 10 mois
1021377138;Massif Ardennes;2025-12-31;m87-f;-4681.66;97268.68;;exercice de 9 mois
1021379712;MOUNA IMMO;2025-12-31;m87-f;-559.55;3367.8;;exercice de 10 mois
1021394360;UJO DESIGN;2025-12-31;m87-f;-5275.39;24347.71;;exercice de 9 mois
1021402674;KLIX DIGITAL;2025-12-31;m87-f;4968.26;6986.39;;exercice de 9 mois
1021418413;ALAMAX;2025-12-31;m87-f;19863.77;33048.86;;exercice de 9 mois
1021430586;SOMAGNIA;2025-12-31;m87-f;-769.54;53461.34;;exercice de 9 mois
1021432764;Fleur de Glace;2025-12-31;m87-f;50960.83;95433.2;;exercice de 9 mois
1021432962;FLAG TOURISME;2025-12-31;m81-f;148953.89;892115.86;;exercice de 9 mois
1021439791;NELHADAD BUSINESS;2025-12-31;m87-f;8042.11;28796.78;;exercice de 9 mois
1021514027;BLUE ARMOR;2025-12-31;m87-f;-31508.44;489312.03;0.5;exercice de 10 mois
1021536494;TRANSTOF;2025-12-31;m87-f;18492.99;63232.71;;exercice de 7 mois
1021537682;WJ Concept;2025-12-31;m87-f;-2093.92;1055.76;;"630 absent; exercice de 9 mois"
1021552728;Boulangerie du t'Heeroir;2025-09-30;m81-f;136501.13;764482.99;6.2;exercice de 6 mois
1021565792;VIBZ-IT;2025-12-31;m87-f;-14570.93;17362.46;;exercice de 9 mois
1021567079;MariameK Créations;2025-12-31;m87-f;-626.72;37364.21;;exercice de 10 mois
1021582125;TJD INVEST;2025-12-31;m87-f;13234.38;377268.16;;exercice de 10 mois
1021609146;IBCOL Technical Services Belgium;2025-12-31;m81-f;52493.52;361882.58;;"630 absent; exercice de 9 mois"
1021620628;BR NAVETTE AEROPORT;2025-12-31;m87-f;-29128.04;42063.39;;exercice de 9 mois
1021622311;MILLENIUM CUSTOMS AGENCY;2025-12-31;m87-f;-2039.7;1165.08;;"630 absent; exercice de 9 mois"
1021632704;L.A.A.T;2025-12-31;m87-f;9940.6;16865.11;;exercice de 9 mois
1021633296;M&S TRANS;2025-12-31;m87-f;6212.29;14573.99;;exercice de 10 mois
1021635177;ELKEDONIA BELGIUM;2025-12-31;m81-f;-106177.7;228424.58;0.3;exercice de 9 mois
1021640820;ROSMAN CHAUFFAGE;2025-12-31;m87-f;27705.33;38488.84;;exercice de 9 mois
1021703572;Robotique industrielle;2025-12-31;m81-f;250230.36;1047381.4;1.3;exercice de 9 mois
1021710205;Laboratoire dentaire JPBA;2025-12-31;m87-f;33177.11;274814.16;;exercice de 9 mois
1021710797;MAX SERVICES;2025-12-31;m87-f;47806.83;81857.63;0.7;exercice de 9 mois
1021740491;Lelee;2025-12-31;m87-f;9925.87;39837.1;;"630 absent; exercice de 9 mois"
1021762564;Gourmandises d'Arquennes;2025-12-31;m87-f;-9631.83;239026.45;;exercice de 9 mois
1021779093;N&H CARS;2025-12-31;m87-f;-618.25;24133.84;;"630 absent; exercice de 9 mois"
1021796218;GALTIS;2025-12-31;m07-f;173462.62;508971.48;57;exercice de 9 mois
1021818982;EM-Michels;2025-12-31;m07-f;50344.61;96472.81;;exercice de 9 mois
1021820170;LAG Park;2025-12-31;m87-f;-1510.4;2864.5;0;"630 absent; exercice de 9 mois"
1021823140;NK CONSTRUCTION;2025-12-31;m87-f;110346.09;135883.81;;exercice de 9 mois
1021830860;BELIVE;2025-12-31;m87-f;2529.06;20467.72;;exercice de 9 mois
1021832939;A-Z COOLING;2025-12-31;m87-f;-2328.19;10462.57;;"630 absent; exercice de 9 mois"
1021838679;MicRos-LT Belgium;2025-12-31;m87-f;12726.35;64092.57;;"630 absent; exercice de 9 mois"
1021845807;SOUND BUILDINGS SRL;2025-12-31;m87-f;78875.45;905961.2;;exercice de 9 mois
1021855309;BÂTIBOIS by GH;2025-12-31;m87-f;58835.03;93651.51;;exercice de 9 mois
1021862237;AVIDA;2025-12-31;m87-f;16125.89;23068.67;;exercice de 9 mois
1021870848;GRIDEEN;2025-12-31;m87-f;1006.13;3486.63;;exercice de 9 mois
1021886684;POOL-UP BY JP;2025-12-31;m87-f;9969;39954;;exercice de 9 mois
1021886882;SYF PARCEL;2025-06-30;m87-f;61304.82;165127.84;;"630 absent; exercice de 3 mois"
1021910143;C.T. RENOV;2025-12-31;m87-f;-2796.63;4398.08;;exercice de 9 mois
1021931622;JOIRIS INVEST;2025-12-31;m07-f;17578.02;55158.25;;exercice de 9 mois
1021940332;FOR Engineering;2025-12-31;m87-a;1924.9;7676.09;;exercice de 9 mois
1021971412;IT DENTAL;2025-12-31;m87-f;198456.06;158183.77;;"exercice de 9 mois; EBITDA > total du bilan"
1022027038;Midnightzulu BE;2025-12-31;m87-f;64162.78;288026.72;;"630 absent; exercice de 9 mois"
1022037134;TAXI VERT LIEGE;2025-12-31;m87-f;-748.85;4740.42;;exercice de 9 mois
1022052772;D&C ENTREPRISES;2025-12-31;m87-f;-23643.79;12422.85;;exercice de 9 mois
1022061383;StyBat;2025-12-31;m87-f;1895.65;6505.95;;exercice de 9 mois
1022069303;BACK2BASICS;2025-12-31;m87-f;14464.35;32009.13;;exercice de 9 mois
1022080090;2L TRANSPORTS;2025-12-31;m87-f;-2776.3;1654.03;;"630 absent; exercice de 9 mois"
1022083654;MP METAL;2025-12-31;m87-f;1842.15;16926.98;;exercice de 9 mois
1022091671;DCM SERVICES;2025-12-31;m87-f;18834.43;29876.34;0.8;"630 absent; exercice de 9 mois"
1022100579;LHP HEALTHCARE;2025-12-31;m87-f;-31078.52;520810.38;;exercice de 9 mois
1022115229;E.G. Gaume Façades;2025-12-31;m87-f;-3106.17;34151.81;;exercice de 9 mois
1022120276;DE2P;2025-12-31;m87-f;-3570.6;79468.51;;exercice de 9 mois
1022121959;Tumulus Bakery;2025-12-31;m87-f;-10498.87;344080.92;2.6;exercice de 9 mois
1022124632;E & D HOME SOLUTIONS;2025-12-31;m87-f;41130.28;169860.85;1.8;"630 absent; exercice de 9 mois"
1022147891;D&A Group;2025-12-31;m87-a;38422.85;50925.16;;exercice de 9 mois
1022157393;DEDIENNE AEROSPACE BELGIQUE;2025-12-31;m81-f;27172.3;169645.54;4.5;exercice de 9 mois
1022170459;RIX ENCHÈRES;2025-12-31;m87-f;1873.88;5421.62;;exercice de 9 mois
1022173429;URBAN MOBILITY;2025-12-31;m87-f;761.89;17870.29;;exercice de 9 mois
1022174617;A.F GROUP;2025-12-31;m87-f;-4917.95;6151.65;;"630 absent; exercice de 9 mois"
1022174815;ENERLOGIX SOLUTIONS BELGIUM;2025-12-31;m87-f;116549.43;152316.04;;exercice de 9 mois
1022193423;InnovEssence;2025-12-31;m87-f;-399.73;7601.52;;exercice de 9 mois
1022197282;ZITA BAY;2025-12-31;m87-f;27853.06;156438.87;;exercice de 9 mois
1022228362;ILIYA;2025-12-31;m07-f;19257.61;28162.68;;exercice de 9 mois
1022233213;VORTEXIA;2025-12-31;m87-f;5417.39;12247.37;;exercice de 9 mois
1022243705;La Pâtisserie Soumagne;2025-12-31;m87-f;-49386.27;12678.44;;exercice de 9 mois
1022259541;DASYURUS PROD;2025-12-31;m87-f;23102.41;44238.87;;exercice de 9 mois
1022267954;BR LOGISTIC;2025-12-31;m87-f;-1752.59;13576.48;;exercice de 9 mois
1022284582;Pistor ASC;2025-12-31;m87-f;24155.84;145780.44;3.3;exercice de 9 mois
1022289037;SWIFT RIDE;2025-12-31;m87-f;6531.93;37488.32;;exercice de 9 mois
1022321107;DRAINAGE HESPEL;2025-12-31;m87-f;17529.3;212043.33;;exercice de 9 mois
1022332686;MAR CARGO;2025-12-31;m07-f;-791.5;4208.5;;"630 absent; exercice de 9 mois"
1022338230;INL Assainissement;2025-12-31;m87-f;6233.35;12232.89;;exercice de 9 mois
1022392074;2P ATTERT;2025-12-31;m87-f;-266;8784;;exercice de 9 mois
1022417612;ALLUCO;2025-12-31;m81-f;34088.02;97521.99;;exercice de 9 mois
1022432359;DLH Transport;2025-12-31;m87-f;26589;521273;1;exercice de 8 mois
1022432953;PMR DRIVER Forest;2025-12-31;m87-f;29243.89;55853.81;;exercice de 9 mois
1022433250;J.A Forest;2025-12-31;m87-f;34145.34;57296.66;;exercice de 9 mois
1022447306;MJ CONFORT ELEC;2025-12-31;m87-f;25.65;11254.78;;"630 absent; exercice de 9 mois"
1022461162;MOREM;2025-12-31;m87-f;2241.19;16404.82;;"630 absent; exercice de 8 mois"
1022475713;Garage D2-ALX;2025-12-31;m87-f;6076.67;51183.8;;exercice de 8 mois
1022496794;TOITURES BUDO;2025-12-31;m87-f;47713.2;54894.08;;exercice de 8 mois
1022502140;CM TRANSPORT;2025-12-31;m87-f;-1448.6;8950.9;;"630 absent; exercice de 9 mois"
1022503724;TYB TRANSPORT;2025-12-31;m87-f;2752.64;8068.4;;"630 absent; exercice de 8 mois"
1022539851;HARRAK TRANSPORT;2025-12-31;m87-f;2545.03;5348.89;;"630 absent; exercice de 8 mois"
1022569050;D.A.C. Lux;2025-12-31;m87-f;-141.03;37569.3;;exercice de 8 mois
1022601021;VANTAGE PUBLIC AFFAIRS;2025-12-31;m87-f;195804.55;226598.96;0.8;exercice de 8 mois
1022610721;DEUX-MAINS;2025-12-31;m87-f;-1943.4;116410.72;;exercice de 8 mois
1022611810;METAL ET MAGIE;2025-12-31;m87-f;4726.35;100504.83;;exercice de 8 mois
1022618738;RETAIL BUSINESS GROUP;2025-12-31;m87-f;-10072.83;441.41;;exercice de 8 mois
1022623587;ImmoLiègeGranit;2025-12-31;m87-f;-19601.28;97552.09;;exercice de 8 mois
1022625270;LIBRACO 3;2025-12-31;m87-f;33036.05;141067.83;1;exercice de 8 mois
1022629032;STEEL IDEA;2025-12-31;m87-f;38208.17;42650.48;;"630 absent; exercice de 8 mois"
1022680304;MC Pharma;2025-12-31;m87-f;29923.39;28699.46;;"exercice de 8 mois; EBITDA > total du bilan"
1022695249;LGV LOCATION;2025-12-31;m87-f;10502.27;111194.78;;exercice de 8 mois
1022695744;HAPPY TO FLY;2025-12-31;m87-f;480.44;12925.63;;exercice de 9 mois
1022696239;Metallbau Gabriel;2025-12-31;m87-f;16174.47;74193.48;;exercice de 8 mois
1022696734;Driver Coach Belgium;2025-12-31;m87-f;16225.37;98697.94;;exercice de 8 mois
1022710392;L'Orée des Malts;2025-12-31;m87-f;56331;74814;;exercice de 8 mois
1022721874;N'DAGNA GROUP;2025-12-31;m87-f;-12479.49;15686.82;;exercice de 9 mois
1022727022;KHAO SAN THAI;2025-12-31;m87-f;-9716.84;37585.79;;exercice de 8 mois
1022772354;3D Fibroscreen;2025-12-31;m87-f;33377.52;501766.39;;exercice de 8 mois
1022778985;BO COMPANY;2025-12-31;m87-f;-65217.91;257638.29;;exercice de 8 mois
1022790665;WORLD OF WISDOM;2025-12-31;m87-f;1325.15;12036.12;;"630 absent; exercice de 8 mois"
1022805711;ABX COMPANY;2025-12-31;m87-f;26328.22;43128.05;;"630 absent; exercice de 8 mois"
1022806404;FORMAPHARMA;2025-12-31;m87-f;16028.71;17739.09;;exercice de 8 mois
1022829267;IK ONE;2025-12-31;m87-f;0;1;;"630 absent; exercice de 8 mois"
1022941214;MF ART CONSULTING;2025-12-31;m87-f;-1442.35;2918.12;;exercice de 8 mois
1022967740;GIOTTO;2025-12-31;m87-f;-2810.61;2153.14;;"630 absent; exercice de 8 mois"
1022977143;EXTRAPHARM ROCOURT;2025-12-31;m81-f;-12378.24;237476.2;0;exercice de 8 mois
1022977341;EXTRAPHARM WAREMME;2025-12-31;m81-f;6333.78;936865.98;2.7;exercice de 8 mois
1022988724;MB Pro Services;2025-12-31;m87-f;;1;;"9901 absent; 630 absent; exercice de 8 mois"
1023006639;MERKURI;2025-12-31;m87-f;14560.95;25911.76;;"630 absent; exercice de 8 mois"
1023035937;Entreprise BERNIER;2025-12-31;m87-f;27106.72;39056.85;;exercice de 8 mois
1023036630;SCJ-RENOV;2025-12-31;m87-f;6955;59232;;exercice de 8 mois
1023045241;METAL C;2025-12-31;m87-f;54885.95;142937.27;;exercice de 9 mois
1023080180;MOBILE M;2025-12-31;m87-f;11980.83;112745.33;;exercice de 8 mois
1023098590;RR Performance Motors;2025-12-31;m87-f;-1600;2500;;"630 absent; exercice de 8 mois"
1023106411;LEAD CHANGER;2025-12-31;m87-f;15738.35;18169.86;;"630 absent; exercice de 8 mois"
1023123633;ZUNDER BELGIUM;2025-12-31;m81-f;-2389.65;20000;;"630 absent; exercice de 8 mois"
1023192424;ASLH TRANSP;2025-12-31;m87-f;87.51;13015.2;;"630 absent; exercice de 8 mois"
1023201332;OMA TRANS;2025-12-31;m87-f;16010.29;24937.53;;"630 absent; exercice de 8 mois"
1023242409;Chez Mone;2025-12-31;m87-f;6974.76;445034.64;0.9;exercice de 8 mois
1023242508;NINJA CENTRAL;2025-12-31;m87-f;-1662.06;5877.35;;"630 absent; exercice de 8 mois"
1023251119;AKA CARS;2025-12-31;m87-f;6599.44;124150.88;;exercice de 8 mois
1023254285;A & Y Dynamic;2025-12-31;m07-f;4076.49;11066.14;;exercice de 8 mois
1023255374;For Your Excellent Services;2025-12-31;m87-f;24574.99;104454.12;;exercice de 8 mois
1023261116;STEEL DYNAMICS;2025-12-31;m07-f;10328.2;27232.37;;exercice de 8 mois
1023281407;FRONX SOLUTIONS;2025-12-31;m87-f;-5601.46;195.22;;"630 absent; exercice de 8 mois"
1023314861;AGM Rabotage;2025-12-31;m87-f;67787.72;95109.78;;exercice de 8 mois
1023318326;My Pie Belgium;2025-12-31;m87-f;-51058.59;5949.32;0.4;"630 absent; exercice de 8 mois"
1023320405;CHEF3000;2025-12-31;m87-f;-8983.13;11666.89;;exercice de 8 mois
1023328818;BLOOP COOKIES;2025-12-31;m07-f;112829.16;120881.44;;exercice de 8 mois
1023363955;VDV GRANITS;2025-12-31;m87-f;26304.58;71396.39;1;exercice de 8 mois
1023383751;JAWEL SOLUTIONS;2025-12-31;m87-f;31598.33;51742.33;;exercice de 8 mois
1023420769;FRESH FOOD & CO;2025-12-31;m87-f;6031.75;54527.57;2.1;exercice de 8 mois
1023435122;DIRICK;2025-12-31;m87-f;13481.45;45139.11;;"630 absent; exercice de 8 mois"
1023441060;FD Service;2025-12-31;m87-f;30375.62;82402.7;;exercice de 7 mois
1023471150;Fluxys c-grid Antwerp;2025-12-31;m01-f;-62733;48830570;;"630 absent; exercice de 7 mois"
1023524006;BMA TRANSPORT;2025-12-31;m87-f;10148.2;30834.49;;exercice de 7 mois
1023528261;Vincq Consulting;2025-12-31;m87-f;-10666.87;10650.97;;exercice de 7 mois
1023528855;MYTHRALICA;2025-12-31;m87-f;-18106.1;135553.2;;exercice de 7 mois
1023532221;SODAI;2025-12-31;m87-f;-545.32;12895.49;;exercice de 7 mois
1023545681;Cloos Quentin;2025-12-31;m87-f;11097.31;18323.7;;"630 absent; exercice de 8 mois"
1023549146;Alternativ2Mobility;2025-12-31;m07-f;9604.72;28991.89;;exercice de 7 mois
1023569239;TRANSPORTS OLIVIER DURANT;2025-12-31;m87-f;50186.18;266915.02;0.8;exercice de 7 mois
1023603386;TRANSPORT WADEL;2025-12-31;m81-f;30135.98;338102.63;8;exercice de 8 mois
1023626152;Drive's by AM;2025-12-31;m87-f;-59.25;98558.47;;"630 absent; exercice de 7 mois"
1023635753;Goor Industrie;2025-12-31;m87-f;28360.48;208116.61;;exercice de 7 mois
1023646938;THE ROYAL TAXI;2025-12-31;m07-f;-2480.59;22899.57;;exercice de 7 mois
1023670593;DENTAL DESIGN LAB;2025-12-31;m87-f;71938;116731;0.2;exercice de 7 mois
1023721073;Muchii;2025-12-31;m87-f;46039.36;77669.17;;exercice de 7 mois
1023724439;Rosier's & Jardins;2025-12-31;m87-f;40558.96;47143.38;1.7;exercice de 8 mois
1023736119;MAYMOUNA SERVICES;2025-12-31;m87-f;445.46;29595.1;;exercice de 7 mois
1023738889;MODE OFF;2025-12-31;m87-f;12531.16;148601.65;;exercice de 7 mois
1023764229;MIM'S;2025-12-31;m87-f;-1250.01;222.89;;"630 absent; exercice de 7 mois"
1023775810;TK INVEST;2025-12-31;m07-f;103187.87;174612.01;;630 absent
1023777491;M&O Partners;2025-12-31;m87-f;-12931.92;73849.06;;exercice de 7 mois
1023795111;AMF Retail;2025-12-31;m81-f;6048.88;41333.61;;exercice de 8 mois
1023796297;DMT AUTOGROUP;2025-12-31;m87-f;17504.12;45001.28;;exercice de 7 mois
1023808472;Le Parisien de Bruxelles;2025-12-31;m87-f;9758.64;34378.21;;"630 absent; exercice de 8 mois"
1023809363;MMB SERVICES;2025-12-31;m87-f;26813.52;147669.56;;exercice de 7 mois
1023823419;CORDY Samuel Menuiserie;2025-12-31;m87-f;93710.92;409869.98;1.7;exercice de 7 mois
1023836582;STAM FISH;2025-12-31;m07-f;144060.61;226287.36;;exercice de 7 mois
1023838859;Stefan Schmitz;2025-12-31;m87-f;4714.96;24078.7;;"630 absent; exercice de 7 mois"
1023861031;DGM SERVICES;2025-12-31;m87-f;115828.15;202106.61;;exercice de 8 mois
1023886270;ELCON;2025-06-30;m87-f;23381.95;81004.67;;exercice de 1 mois
1023890230;ALTEVIE;2025-12-31;m87-f;29141.59;71201.98;;exercice de 9 mois
1023899435;ATTABI;2025-12-31;m87-f;-1131.76;1399.12;;"630 absent; exercice de 7 mois"
1023901118;TIGRA PARTNERS;2025-12-31;m87-f;-1592.2;4537.24;;"630 absent; exercice de 7 mois"
1023950113;SOKA;2025-12-31;m87-f;-11177.51;16927.3;;"630 absent; exercice de 7 mois"
1023955952;JERRAR;2025-12-31;m87-f;-5268.64;76129.98;;exercice de 7 mois
1023956645;LOGO HOUSE;2025-12-31;m87-f;25856.69;39849.74;;exercice de 7 mois
1023958427;NAMSA TRANS;2025-12-31;m87-f;5810.95;29920.91;;"630 absent; exercice de 7 mois"
1023976639;MEL-AUTO LOCATION;2025-12-31;m87-f;-1272.87;18469.36;;exercice de 7 mois
1023977035;LMB JEWELS;2025-12-31;m87-f;2846.27;171507.9;;exercice de 7 mois
1023986240;MANIFESTO Bakery;2025-12-31;m87-f;-28031.53;221426.5;;exercice de 7 mois
1023990297;HAYM Solutions;2025-12-31;m87-f;-2698.58;1048.17;;exercice de 7 mois
1023998613;QIKLY GROUP;2025-12-31;m87-f;686.52;58820.37;;"630 absent; exercice de 7 mois"
1023999405;EUROPEAN AVIATION CONSULTING;2025-12-31;m87-f;-8566.07;13986.96;;exercice de 7 mois
1024005343;CM TRANSLOG;2025-12-31;m87-f;6235.92;40358.52;;exercice de 7 mois
1024005442;YT CONSULTING;2025-12-31;m87-f;53755.42;71689.65;;"630 absent; exercice de 7 mois"
1024012073;DUSS SERVICES;2025-12-31;m87-f;15025.46;32796.49;;exercice de 7 mois
1024053348;NOVAIS RETAIL 2;2025-12-31;m81-f;145701.7;691603.12;2.3;exercice de 7 mois
1024057209;MAV-DR.;2026-01-31;m87-f;28952;768123.71;9.8;exercice de 8 mois
1024062355;AFL Solutions;2025-12-31;m87-f;-7778.91;62318.57;;exercice de 7 mois
1024067008;Poney Illustrations;2025-12-31;m81-f;18464.36;67572.18;;exercice de 7 mois
1024095316;Mounali;2025-12-31;m87-f;71751.09;72011.3;;"630 absent; exercice de 7 mois"
1024098581;Côté Déco;2025-12-31;m87-f;952.3;9363.26;;exercice de 7 mois
1024133522;URBAMOVE;2025-12-31;m87-f;4466.65;28883.78;;exercice de 7 mois
1024165392;TRANSPORT AURE;2025-12-31;m81-f;4175.77;19571.99;;exercice de 7 mois
1024174597;AYAN EXPRESS;2025-12-31;m87-f;22691.22;23864.39;;"630 absent; exercice de 8 mois"
1024193405;BEKTESHI EA TRANSPORTS;2025-12-31;m87-f;-6348.21;3717.23;;"630 absent; exercice de 7 mois"
1024200036;Berlex;2025-12-31;m87-f;3771.29;24702.2;;exercice de 7 mois
1024225869;4C Advisory;2025-12-31;m87-f;25190.09;26312.96;;exercice de 7 mois
1024258929;Au Roy de la Bière;2025-12-31;m87-f;-993.73;9652.84;;exercice de 7 mois
1024309112;VITABELG;2025-12-31;m87-f;-6671.61;17588.98;;"630 absent; exercice de 7 mois"
1024316040;Exsebtion;2025-12-31;m87-f;28126.09;48609.01;;"630 absent; exercice de 7 mois"
1024346130;Shifti;2025-12-31;m07-f;-4572.85;92259.22;;exercice de 8 mois
1024370676;AU CAMPAGNARD;2025-12-31;m87-f;20533.33;371450.15;2.8;exercice de 7 mois
1024374834;Condroz Weapons Hunting & Sport;2025-12-31;m87-f;27139.73;349462.03;;exercice de 6 mois
1024393145;Cap’s and Co solutions;2025-12-31;m87-f;15748.6;22057.1;;exercice de 7 mois
1024399281;BRUWELDING;2025-12-31;m01-f;6575.47;111161;1;exercice de 6 mois
1024409377;La Chookies Company;2025-12-31;m87-f;-3861.83;2854.9;;"630 absent; exercice de 6 mois"
1024429272;Domus Electricité & Rénovation;2025-12-31;m87-f;8051.72;64122.08;;exercice de 6 mois
1024445110;ELAWAN ENERGY GLABAIS;2025-12-31;m01-f;-5622.23;4722870.18;;"630 absent; exercice de 6 mois"
1024446001;Impulsion Flow;2025-12-31;m87-f;39169.99;52682.68;;exercice de 6 mois
1024455107;BKR WELDING MAINTENANCE;2025-12-31;m87-f;34673;69477.52;0.3;"630 absent; exercice de 7 mois"
1024458174;VoltEnergy;2025-12-31;m87-f;29834;39707;;"630 absent; exercice de 6 mois"
1024460154;Menuiserie Schmitz;2025-12-31;m81-f;152718.87;742121.14;3.7;exercice de 7 mois
1024479950;Full’iz;2025-12-31;m87-f;-22491.16;70233.26;;exercice de 6 mois
1024480544;S.F. TRANS.;2025-12-31;m87-f;6022.29;94002.23;;exercice de 6 mois
1024492521;SUPPRISE;2025-12-31;m87-f;3377.26;54316.6;;exercice de 6 mois
1024503409;SATOR;2025-12-31;m81-f;90177.84;112982.78;;exercice de 9 mois
1024507664;HENDRIKS Manon;2025-12-31;m87-f;33522.81;149786.32;;exercice de 6 mois
1024517067;HAZTECH;2025-12-31;m87-f;48043.24;55516.13;;exercice de 6 mois
1024523502;La Vieille Tour Hotton;2025-12-31;m87-f;-25525.78;591165.89;;exercice de 6 mois
1024543593;GLOBAL LOGISTIC SERVICES;2025-12-31;m87-f;26173.92;31525.28;;"630 absent; exercice de 6 mois"
1024552305;TOCOL CONSULTING;2025-09-30;m87-f;11164.03;29853.94;;exercice de 3 mois
1024596053;JMVK LOCATION;2025-12-31;m87-f;23072;304559;;exercice de 6 mois
1024598627;NeoDynamiQ;2025-12-31;m87-f;794.69;12487.22;;exercice de 6 mois
1024608129;MED FLEX;2025-12-31;m87-f;17480.93;40182.49;;exercice de 7 mois
1024613572;CAWNI MICHAEL;2025-12-31;m87-f;340.29;61896.01;;exercice de 6 mois
1024638912;H2M Group;2025-12-31;m87-f;-57928.6;16119.56;;exercice de 6 mois
1024639209;EPDS ELECTRICITE;2025-12-31;m81-f;7561.69;16483.59;;exercice de 6 mois
1024649107;RUST SERVICES;2025-12-31;m87-f;21739.81;31016.41;;exercice de 6 mois
1024684937;DMD LOGISTICS;2025-12-31;m87-f;52231.78;83896.69;;"630 absent; exercice de 6 mois"
1024713641;SERENITY PHARMA;2025-12-31;m81-f;4005.46;18276.69;;"630 absent; exercice de 6 mois"
1024737791;BCL CONSULTING BE;2025-12-31;m87-f;12081.51;22141.6;;exercice de 6 mois
1024744919;SEALUX AEGIS;2025-12-31;m87-f;180800;308710.61;;exercice de 7 mois
1024784511;Alox Products;2025-12-31;m87-f;18827.48;28779.28;;exercice de 6 mois
1024785501;SFIM Management;2025-12-31;m87-f;22885.18;399178.68;0.3;exercice de 6 mois
1024785796;MeatXpert;2025-12-31;m01-f;93920.74;379396.45;;"630 absent; exercice de 6 mois"
1024814896;RR PROPERTIES;2025-12-31;m87-f;-1261.91;212405.8;;630 absent
1024817668;GXPLINE ENGINEERING;2025-12-31;m87-f;43219.68;96146.05;;exercice de 6 mois
1024825586;Ohme Operations Belgium;2025-12-31;m81-f;-203.76;9037.91;;"630 absent; exercice de 6 mois"
1024826972;Med Future Investir;2025-12-31;m87-f;77684.28;106143.87;;exercice de 6 mois
1024860527;Denis transport & services;2025-12-31;m87-f;-14317.42;30371.54;;"630 absent; exercice de 6 mois"
1024883687;TOM BRAMS;2025-12-31;m87-f;13590.69;33055.32;;"630 absent; exercice de 6 mois"
1024926051;SAMUEL OPTIQUE;2025-12-31;m87-f;6263.71;17761.09;;"630 absent; exercice de 7 mois"
1024926447;DELTA TECH;2025-12-31;m87-f;13645.83;25515.82;;exercice de 6 mois
1024934959;MONKEY CYCLES;2025-12-31;m87-f;10051.92;41831.3;;exercice de 6 mois
1024985637;VDB SERVICES;2025-12-31;m87-f;83887.27;74892.43;1;"exercice de 6 mois; EBITDA > total du bilan"
1025010777;LILY BLOOM;2025-12-31;m87-f;6805.81;48026.55;;"630 absent; exercice de 6 mois"
1025049280;L'ALCHYMISTE;2025-12-31;m87-f;-8337.7;8061.38;;exercice de 6 mois
1025059079;ANTM;2025-12-31;m87-f;27179.04;60810.61;;exercice de 6 mois
1025085904;Model Health, BE;2025-12-31;m87-f;;10;;"9901 absent; 630 absent; exercice de 6 mois"
1025115497;MSTRL;2025-12-31;m87-f;23649.12;263286.42;3.6;exercice de 6 mois
1025123615;EasyNetwork;2025-12-31;m87-f;109119.25;149569.02;;exercice de 6 mois
1025129157;PGMI;2025-12-31;m87-f;18996.03;21532.48;;"630 absent; exercice de 6 mois"
1025173697;HandyFlex;2025-12-31;m87-f;-5711.13;10936;;"630 absent; exercice de 6 mois"
1025195374;L’Atelier des Serres;2025-12-31;m87-f;49664.85;56151.98;;"630 absent; exercice de 6 mois"
1025218734;DINOTRANS;2025-12-31;m87-f;9215.02;41568.96;;"630 absent; exercice de 6 mois"
1025239025;Customs HB SA;2025-12-31;m07-f;-36602.95;37478.39;0.8;exercice de 6 mois
1025239916;Structure 8;2025-12-31;m87-f;13527.58;20855.61;;exercice de 6 mois
1025346814;HMD LOGISTICS;2025-12-31;m87-f;2059.1;9881.03;;"630 absent; exercice de 6 mois"
1025351861;JDG Technologies;2025-12-31;m87-f;24903.87;39471.81;;exercice de 6 mois
1025447079;F. TERRASSEMENTS;2025-12-31;m87-f;9680.63;16829.81;;630 absent
1025490631;Treena Alliance;2025-12-31;m87-f;35727;71990;;"630 absent; exercice de 6 mois"
1025534478;La Grande Instit;2025-12-31;m87-f;79264.22;84101.78;;exercice de 6 mois
1025544277;Erinion;2025-12-31;m81-f;-1418.9;49958.49;;"630 absent; exercice de 6 mois"
1025563281;HOSTELLERIE DE LA CHAPELLE;2025-12-31;m87-f;130462.6;1940601.9;4;exercice de 6 mois
1025599509;LAB. DENTAIRE SERAFINI GR;2025-12-31;m87-f;29807.37;48228.22;;"630 absent; exercice de 6 mois"
1025620491;Ets Conter N.;2025-12-31;m87-f;4349;24734;;exercice de 6 mois
1025684334;ROZA.AJ;2025-12-31;m87-f;12531.16;13770.64;;exercice de 6 mois
1025698685;GRUPPO ASTRA BELGIO;2025-12-31;m87-f;-11638.18;17420.98;;exercice de 5 mois
1025712345;BC LOGISTICS;2025-12-31;m87-f;1968.44;6220.7;;"630 absent; exercice de 6 mois"
1025712840;Khandco;2025-12-31;m87-f;-7764.83;12575.21;;exercice de 5 mois
1025789846;Tryarde;2025-12-31;m87-f;-2624.5;1254.52;;"630 absent; exercice de 5 mois"
1025800635;BW RIDES;2025-12-31;m87-f;7091.94;75728.14;;exercice de 5 mois
1025802615;TAXI MIKI;2025-12-31;m87-f;16563.49;57390.94;;exercice de 5 mois
1025806276;METALB;2025-12-31;m87-f;26882.29;51327.68;;exercice de 5 mois
1025827161;RGZ Solutions;2025-12-31;m87-f;1755.92;10440.67;;"630 absent; exercice de 5 mois"
1025839633;YSM GROUPE;2025-12-31;m87-f;-1556.78;5053.87;;"630 absent; exercice de 6 mois"
1025851709;HD CONCEPTS;2025-12-31;m87-f;76970.41;711573.79;1;exercice de 5 mois
1025888133;MA Drive;2025-12-31;m81-f;-1092.31;50570.81;;exercice de 6 mois
1025927131;AKH Solutions;2025-12-31;m87-f;-9945.43;61807.24;;exercice de 5 mois
1025935940;LA GRANGE 2.0;2025-12-31;m81-f;187594.64;808273.98;2.4;exercice de 5 mois
1025941680;H&A Global Fresh;2025-12-31;m87-f;1466.9;16787.8;;"630 absent; exercice de 5 mois"
1025958508;Engineo;2025-12-31;m87-f;49400.67;102871.49;;exercice de 5 mois
1025968604;SD MOVE;2025-12-31;m87-f;-1354.05;16420.22;;exercice de 5 mois
1025980876;EXPERT DIRECT;2025-12-31;m87-f;317.55;30186.09;;exercice de 5 mois
1025982658;La Cuillere Enchantee;2025-12-31;m87-f;-40200.11;28157.59;0.2;exercice de 5 mois
1025992853;Gellies;2025-12-31;m87-f;2588.99;21497.91;;exercice de 5 mois
1025993744;MORELLE DAVIDSON COLLECTION LIMITED;2025-12-31;m81-f;-231.95;921840.88;;"630 absent; exercice de 5 mois"
1026002157;URBAN DROP LOGISTICS;2025-12-31;m87-f;9044.87;684306.45;;"630 absent; exercice de 5 mois"
1026003147;TESIS ALTA;2025-12-31;m87-f;39835.33;52243.68;;exercice de 6 mois
1026024824;MK2 transport;2025-12-31;m87-f;-7505.14;9733.62;;exercice de 5 mois
1026046501;DEPOT BE;2025-12-31;m81-f;-825.12;89863.61;0;exercice de 6 mois
1026047984;NEXT ONE JOYS;2025-12-31;m87-f;-2169.21;22582.09;;"630 absent; exercice de 5 mois"
1026076589;BM-HABITAT;2025-12-31;m87-f;15151.64;24798.44;;exercice de 5 mois
1026079658;EUROZEX BELGIAN PARCEL SERVICES;2025-12-31;m87-f;;2000;;"9901 absent; 630 absent; exercice de 5 mois"
1026081935;APRENOV;2025-12-31;m87-f;18922.23;19436.36;;exercice de 5 mois
1026103216;L&F SF;2025-12-31;m87-f;1425.12;66949.57;;exercice de 5 mois
1026263661;AZKCOOLING;2025-12-31;m87-f;41265.9;46888.83;;exercice de 5 mois
1026271975;Orizone;2025-12-31;m87-f;-611.9;15253.21;;exercice de 5 mois
1026315230;WADA;2025-12-31;m07-f;-25.57;16091.33;;exercice de 5 mois
1026443508;VYS TRANS;2026-03-31;m87-f;65143.54;166306.08;;exercice de 9 mois
1026472509;FIAB LOGISTIC;2025-12-31;m87-f;3769.02;19393.98;;"630 absent; exercice de 5 mois"
1026529818;KezaCoom;2025-12-31;m87-f;12203.88;24651.74;;"630 absent; exercice de 5 mois"
1026555651;Novatech Energy;2025-12-31;m87-f;8023.63;21072.02;;"630 absent; exercice de 5 mois"
1026565054;TTW Freight solutions;2025-12-31;m87-f;33412.68;119692.51;;exercice de 4 mois
1026607319;JEMASTONE;2025-12-31;m87-f;26371.15;108097.05;1;exercice de 4 mois
1026608408;Eranovum Emobility Belgium Projects I;2025-12-31;m81-f;15364.75;4525394.69;;exercice de 4 mois
1026618207;SO ME Luxury & Jewellery;2025-12-31;m87-f;-6266.82;16263.58;;"630 absent; exercice de 4 mois"
1026655324;ATELIER SEED;2025-12-31;m87-f;15546.95;26580.09;;exercice de 6 mois
1026671655;RIDETEC GROUP;2025-12-31;m87-f;10931.72;152401.87;;exercice de 4 mois
1026683137;CAMA;2025-12-31;m87-f;-8887.45;33472.03;;exercice de 4 mois
1026729855;Solutions Electromécaniques et Projets;2025-12-31;m87-f;32954.52;42034.31;;exercice de 4 mois
1026740644;Elettrodotti Cantamessa BE;2025-12-31;m81-f;-1036041.81;23913913.26;;"630 absent; exercice de 4 mois"
1026752027;H&B Transport Alliance;2025-12-31;m87-f;-450;;;"630 absent; exercice de 4 mois"
1026753413;PAMPA TECH;2025-12-31;m87-f;-16690.57;15875.41;;"630 absent; exercice de 4 mois"
1026756975;NOKA MENUISERIE;2025-12-31;m87-f;2764.3;4927.66;;"630 absent; exercice de 4 mois"
1026760044;RIO LEONE;2025-12-31;m87-f;5745.55;33013.41;;"630 absent; exercice de 7 mois"
1026871989;AFROASIA FOODS;2025-12-31;m87-a;15000;192470;;"630 absent; exercice de 4 mois"
1026908910;LUMENEVO;2025-12-31;m87-f;85007.34;200542.52;;exercice de 4 mois
1026917125;IFF Services;2025-12-31;m87-f;3842.64;9454.18;;"630 absent; exercice de 5 mois"
1026989082;BENOIT FORTHOMME;2025-12-31;m87-f;54819.16;188715.74;2;exercice de 4 mois
1027053519;Aetech Medical;2025-12-31;m87-f;;20001;;"9901 absent; 630 absent; exercice de 4 mois"
1027087270;L'Arche de pain;2025-12-31;m87-f;122922.89;188215.8;;exercice de 4 mois
1027171503;LAST GREEN MILE;2025-12-31;m87-f;3162.95;27245.1;;"630 absent; exercice de 4 mois"
1027238710;CMA - SERVICE;2025-12-31;m87-f;3845.59;10520.66;;"630 absent; exercice de 4 mois"
1027271174;FAMECH;2025-12-31;m87-f;-377006.51;2609047.42;4.4;exercice de 4 mois
1027363622;YNOT;2025-12-31;m87-f;20385.92;19804.98;;"exercice de 4 mois; EBITDA > total du bilan"
1027388564;VitaDry;2025-12-31;m87-f;3413.05;47806.48;;exercice de 4 mois
1027407073;SUPR BE;2025-12-31;m87-f;27754.3;85256.75;;exercice de 4 mois
1027476755;FRAD;2025-12-31;m87-f;14462.14;28976.97;;"630 absent; exercice de 4 mois"
1027508726;INNERSYNC;2025-12-31;m87-f;0;4489.78;;exercice de 4 mois
1027518723;SG HOME;2025-12-31;m87-f;17491.03;61998.19;0.5;exercice de 4 mois
1027640071;Phoenix Biosciences;2025-12-31;m02-f;-2745879.08;8112337.27;8.3;exercice de 4 mois
1027742120;Métal Fusion;2025-12-31;m81-f;48462.78;205669.39;14.4;"630 absent; exercice de 3 mois"
1027757164;TRANSPORT SERVICES MESSAGERIE;2025-12-31;m87-f;10352.87;78919.98;;exercice de 3 mois
1027800815;MAISON SIRIUS;2025-12-31;m87-f;6354.2;118021.36;;exercice de 3 mois
1027830707;FRISON.M;2025-12-31;m87-f;3405.89;43118.28;;exercice de 3 mois
1027867032;A.I. Solutions;2025-12-31;m87-f;-1457;396;;"630 absent; exercice de 3 mois"
1027908208;LERAND;2025-12-31;m01-f;-2649.63;66889.9;0;"630 absent; exercice de 3 mois"
1027908406;LANHAN;2025-12-31;m01-f;-28335.85;921702.94;0;exercice de 3 mois
1027908505;NIMATH;2025-12-31;m01-f;-1640.63;61472.9;0;"630 absent; exercice de 3 mois"
1027938593;IDALEM RENOV;2025-12-31;m87-f;5660.9;18118.98;;"630 absent; exercice de 3 mois"
1027949085;AirPop;2025-12-31;m01-f;-32192.74;23241.59;;exercice de 3 mois
1027974128;WES SIGNATURE;2025-12-31;m87-f;4763.41;35613.59;;"630 absent; exercice de 3 mois"
1027995607;Two good guys;2025-12-31;m87-f;616.07;13879.36;;exercice de 3 mois
1028028764;Ô Plaisirs des Sens;2025-12-31;m87-f;16938.95;76228.45;;exercice de 3 mois
1028080135;AP-Solutions;2025-12-31;m87-f;-1476.09;12115.01;;exercice de 3 mois
1028097654;SERVAIS SERVICE  BENOÎT;2025-12-31;m87-f;5323.57;17370.51;;"630 absent; exercice de 3 mois"
1028129625;DOGLEN'S;2025-12-31;m87-f;-2269.54;1464.82;;"630 absent; exercice de 3 mois"
1028137246;VECTELOS;2025-12-31;m87-f;2537.19;16122.78;;exercice de 3 mois
1028143679;Novastrana;2025-12-31;m87-f;20145.35;55990.12;;exercice de 3 mois
1028145164;KIMALEXAD;2025-12-31;m87-f;7088.63;10255.82;;"630 absent; exercice de 3 mois"
1028147441;FPe Engineering;2025-12-31;m87-f;8279.02;13674.18;;exercice de 3 mois
1028157636;PARSIGOL;2025-12-31;m87-f;16438.89;45209.62;1.2;exercice de 3 mois
1028215242;NexaChain;2025-12-31;m87-f;16770.57;31834.61;;"630 absent; exercice de 3 mois"
1028220784;FARDIER;2025-12-31;m87-f;-1841;3906;;630 absent
1028312638;Atelier Evrard;2025-12-31;m87-f;-5964.67;127236.56;;exercice de 3 mois
1028329266;AU QUART DE TOUR;2025-12-31;m87-f;12689.19;228895.08;;exercice de 3 mois
1028354408;HOBBS;2025-12-31;m87-f;32738.76;122900.96;;exercice de 3 mois
1028387961;ADO CHALE;2025-12-31;m87-f;372450.17;483779.73;;"exercice de 3 mois; EBITDA dans la bande sans personnel déclaré"
1028483971;BlackLine Journey;2025-12-31;m87-f;7256.11;82406.69;;exercice de 3 mois
1028512180;PM Global;2025-12-31;m87-f;11951;34590;;"630 absent; exercice de 3 mois"
1028526632;ENOVAE Technologies;2025-12-31;m87-f;6528.92;17900.32;;exercice de 3 mois
1028557217;Uniprime Logistics;2025-12-31;m87-f;52637.52;152637.52;;"630 absent; exercice de 3 mois"
1028577607;Interparking Kievitplein;2025-12-31;m02-f;-127554.67;33478682.15;;exercice de 3 mois
1028598886;Atelier automobile Ducochez;2025-12-31;m87-f;4236.65;18006.38;;exercice de 3 mois
1028631748;JIPPY;2025-12-31;m87-f;55580;77251.8;;"630 absent; exercice de 3 mois"
1028745277;MUG CAFE CERAMIQUE;2025-12-31;m87-f;22022.32;45281.17;;exercice de 3 mois
1028751316;Valior Consulting;2025-12-31;m87-f;16015.29;20350.09;;"630 absent; exercice de 3 mois"
1028785760;Atelier Cadence;2025-12-31;m87-f;4239.37;14512.51;;"630 absent; exercice de 3 mois"
1028847227;Serrurerie Inghels;2025-12-31;m87-f;14261.87;49419.04;;exercice de 3 mois
1028881176;PBTS;2025-12-31;m87-f;6634.38;24970.11;;exercice de 3 mois
1028915721;Domaine de l'Arche;2025-12-31;m87-f;-5567.34;20009.53;;"630 absent; exercice de 3 mois"
1028930270;Boucherie Lauwerier;2025-12-31;m87-f;55285;730467;1;exercice de 3 mois
1028946207;Anduril Industries Belgium;2025-12-31;m81-f;;10000;0;"9901 absent; 630 absent; exercice de 3 mois"
1028978077;THC CONSULTING;2025-12-31;m87-f;16449.97;25555.62;;"630 absent; exercice de 3 mois"
1029003615;ETS GAUTHIER;2025-12-31;m87-f;231397.19;385288.4;0.1;exercice de 6 mois
1029045185;Bzzz;2025-12-31;m87-f;-2128.07;19530.09;;exercice de 3 mois
1029067951;PL-Freight Network;2025-12-31;m87-f;31887.05;62653.51;;630 absent
1029094378;WASOPHARMA;2025-12-31;m87-f;3480.16;11298.39;;"630 absent; exercice de 3 mois"
1029125755;CF MANUTENTION;2025-12-31;m87-f;5153.12;52100.07;;exercice de 3 mois
1029165743;VS CREATION;2025-12-31;m87-f;3655.47;54165.09;1;exercice de 3 mois
1029180886;LOGIFY;2025-12-31;m81-f;-93359.36;14639.85;;exercice de 3 mois
1029204246;AL DOU SERVICES;2025-12-31;m87-f;-1165.44;23028.59;;exercice de 3 mois
1029240373;MOVANTIS;2025-12-31;m87-f;9909.49;37300.45;;exercice de 2 mois
1029244927;ADL AVIATION EUROPE;2025-12-31;m81-f;-43176.75;120015.87;2;exercice de 2 mois
1029355486;Farmalys;2025-12-31;m87-f;20846.54;33513.3;;"630 absent; exercice de 2 mois"
1029393692;E.G.A. Technics;2025-12-31;m87-f;52294;134098;;exercice de 2 mois
1029423485;LR MOTORS;2025-12-31;m87-f;49340.24;339757.05;;exercice de 3 mois
1029426851;Solvexa;2026-06-30;m87-f;124156.18;170175.45;;exercice de 8 mois
1029492375;F.L. EURO CONCEPT;2025-12-31;m87-f;1891.05;2532.73;;"630 absent; exercice de 3 mois"
1029503560;PALEZI CONSTRUCT;2025-12-31;m87-f;8482.94;30537.29;;"630 absent; exercice de 2 mois"
1029526029;MA CONCEPTION - Mohade Alexandre;2025-12-31;m87-f;26643.95;89107.38;;exercice de 2 mois
1029529294;CRM MASUY;2025-12-31;m87-f;6400.57;63627.89;0.5;exercice de 2 mois
1029538303;ATELIER BOMBOI;2025-12-31;m87-f;11705;57242;;exercice de 2 mois
1029546815;Cars & Copters - Expertise & Event;2025-12-31;m87-f;-2676.81;111202.54;;exercice de 2 mois
1029570074;GS ENVIRONNEMENT;2025-12-31;m87-f;80466.52;139542.1;;exercice de 3 mois
1029586209;ATLAS CARGO TRANSPORT;2025-12-31;m87-f;-1108.67;23622;;exercice de 2 mois
1029699639;The Be Curious People;2025-12-31;m87-f;-2943.86;4827.04;;"630 absent; exercice de 2 mois"
1029758235;TRANSPSECUR;2025-12-31;m87-f;6159.44;51568.18;;exercice de 2 mois
1029964608;GS TECH;2025-12-31;m87-f;58732.09;58634.57;;"630 absent; exercice de 2 mois; EBITDA > total du bilan"
1029993411;PYP ENGINEERING;2025-12-31;m87-f;9141.56;28489.56;;"630 absent; exercice de 2 mois"
1030009148;BMOTECH;2025-12-31;m87-f;27141.02;38211.22;;exercice de 2 mois
1030087639;ESA TRANS;2025-12-31;m07-f;-3894.19;15487.9;;"630 absent; exercice de 2 mois"
1030110009;ARGC CONCEPT;2025-12-31;m87-f;20665.13;29543.19;;exercice de 2 mois
1030130397;Customs Facility Agency;2025-12-31;m87-f;-3064.56;1264.36;;"630 absent; exercice de 2 mois"
1030177018;GOSP;2025-12-31;m87-f;723.18;5114.73;;exercice de 2 mois
1030287082;SYCA GROUP;2025-12-31;m87-f;2930.17;6291.18;;"630 absent; exercice de 2 mois"
1030307076;AJS Delivery;2025-12-31;m87-f;-1602.02;7842.98;;"630 absent; exercice de 2 mois"
1030336572;AUX SAVEURS DE THEO & LOLA;2025-12-31;m87-f;186.48;54226.71;;exercice de 2 mois
1030344193;HQS GROUP;2025-12-31;m07-f;1940;5347.4;;"630 absent; exercice de 2 mois"
1030356368;MED CONSTRUCT;2025-12-31;m87-f;23508.35;30476.94;;"630 absent; exercice de 2 mois"
1030475045;WINE CONNECTION;2025-12-31;m87-f;-175;5052.57;;exercice de 1 mois
1030488012;Assentius Group;2025-12-31;m87-f;35306.3;44153.69;;"630 absent; exercice de 1 mois"
1030548784;COPELEC;2025-12-31;m87-f;45990.1;76602.73;;exercice de 6 mois
1030583626;DMT Security;2025-12-31;m87-f;-1027.26;1755.68;;"630 absent; exercice de 2 mois"
1030590950;Genius Designs;2025-12-31;m87-a;-801.33;2802.74;;"630 absent; exercice de 1 mois"
1030591148;ELITE PREMIUM COMPANY;2025-12-31;m87-f;2283.1;40867.06;;exercice de 1 mois
1030644695;TecEx Medical IOR Belgium;2025-12-31;m87-f;725;23816;;"630 absent; exercice de 1 mois"
1030727938;RMA WORKS;2025-12-31;m87-f;-5002.74;9321.99;;"630 absent; exercice de 1 mois"
1030848791;Joon;2025-12-31;m87-f;-2761.51;2055.58;;"630 absent; exercice de 1 mois"
1030889967;Taxi Herstal;2025-12-31;m87-f;-1349.01;5000;;"630 absent; exercice de 1 mois"
1030925502;AH’ROULE;2025-12-31;m87-f;;100;;"9901 absent; 630 absent; exercice de 2 mois"
1030947078;OBZ DYNAMICS;2025-12-31;m87-f;-388.99;6701.85;;exercice de 1 mois
1031052689;BAFA CONCEPT;2025-12-31;m87-f;-660;1134;;"630 absent; exercice de 1 mois"
1031095746;B&A Logistic;2025-12-31;m87-f;4067;37055;;exercice de 1 mois
1031128311;MAX DENTAL LAB;2025-12-31;m87-f;5482.8;7805.91;;exercice de 1 mois
1031129596;GOLD MEYER;2025-12-31;m87-f;-2134.6;3000;;"630 absent; exercice de 1 mois"
1031171168;CLAAR;2025-12-31;m87-f;-591.19;1935.66;;exercice de 1 mois
1031179878;HVN BY ASHVINS;2025-12-31;m87-f;3331.67;18280.43;;"630 absent; exercice de 1 mois"
1031219173;Garage Larivière;2025-12-31;m87-f;72681.83;243028.77;;exercice de 1 mois
1031225707;Transpossible Group;2025-12-31;m87-f;1442.57;14423.01;;"630 absent; exercice de 1 mois"
1031331417;GS CONSULTING GROUP;2025-12-31;m87-f;-2314.4;1787.34;;"630 absent; exercice de 1 mois"
1031366455;Pharmacie de Gimnée;2025-12-31;m87-f;31923.69;365084.8;;exercice de 1 mois
1031401790;AD-ELEC;2025-12-31;m87-f;-2326;11450;;"630 absent; exercice de 1 mois"
1031431781;RAVITO PARTNER;2025-12-31;m87-f;-2020.63;1775.21;;"630 absent; exercice de 1 mois"
1031438513;Studio Tabor;2025-12-31;m87-f;25400.55;47470.96;;"630 absent; exercice de 1 mois"
1031493743;MFI ENGINEERING;2025-12-31;m87-f;-1165.9;5736.98;;"630 absent; exercice de 1 mois"
1031575501;HG SERVICES;2025-12-31;m87-f;11159.37;57202.13;;exercice de 1 mois
1031844725;CT LOGISTIC;2025-12-31;m87-f;-966.47;3000;;"630 absent; exercice de 0 mois"
1031873330;KLMK;2025-12-31;m87-f;17157.99;19630.56;;"630 absent; exercice de 0 mois"
1031883921;ELECTRO REMI;2025-12-31;m87-f;-1278.38;2500;;"630 absent; exercice de 0 mois"
1031959244;Mys People Studio;2025-12-31;m87-f;-3208.6;46560.49;;"630 absent; exercice de 0 mois"
1031963796;Christopher SPRUMONT CITERNE RENOV;2025-12-31;m87-f;-1181;2179;;"630 absent; exercice de 0 mois"
1032038923;LP640 BE;2025-12-31;m87-f;;10000;;"9901 absent; 630 absent; exercice de 0 mois"
1032054264;BRUNETTE;2025-12-31;m87-f;-1204.9;4000;;"630 absent; exercice de 0 mois"
1032076040;ATRIAH STUDIO;2025-12-31;m87-f;16452.28;21924.97;;exercice de 0 mois
1032090985;AM NOT Services;2025-12-31;m87-f;-940;2090;;"630 absent; exercice de 0 mois"
1032147702;Vinaigrerie Sainte Odile;2025-12-31;m87-f;19246.39;39762.96;;exercice de 0 mois
1032152749;TCF Distribution;2025-12-31;m87-f;;3000;;"9901 absent; 630 absent; exercice de 0 mois"
1032157006;LOUISE BERTEAU;2025-12-31;m87-f;;3950;;"9901 absent; 630 absent; exercice de 0 mois"
1032177295;Matt’Agri;2025-12-31;m87-f;;2000;;"9901 absent; 630 absent; exercice de 3 mois"
1032289044;L.A Fer;2025-12-31;m87-f;;3000;;"9901 absent; 630 absent; exercice de 0 mois"
1032295081;CABALÉMI;2025-12-31;m87-f;-1232.46;2189.39;;"630 absent; exercice de 0 mois"
1032304880;S.E.L.M.;2025-12-31;m87-f;-930.6;4000;;exercice de 0 mois
1032346650;Nixe;2025-12-31;m87-f;-2150.9;3000;;"630 absent; exercice de 0 mois"
1032362387;DevGirlUnderscore;2025-12-31;m87-f;13992.08;19416.3;;"630 absent; exercice de 1 mois"
