bce;nom;premiere_nomination;anciennete_ans;dirigeant_principal;releve;derniere_modification_statuts;actionnaires;type_controle;societe_mere;verdict;sources
0810585151;LABEYE Services;≤2009;≥17;Geoffroy Labeye;non;2024-01-12;aucune détention publiée au Moniteur;personne physique (présumé, d'après les mandats);;A VERIFIER (âge du dirigeant);liste des actes : https://www.ejustice.just.fgov.be/cgi_tsv/list.pl?language=fr&btw=0810585151&liste=Liste | première mention de Geoffroy Labeye : 2009-03-31 0046607 https://www.ejustice.just.fgov.be/tsv_pdf/2009/03/31/09046607.pdf | BCE : fonction depuis 2023 (https://kbopub.economie.fgov.be/kbopub/zoeknummerform.html?nummer=0810585151&actionLu=Rechercher) | statuts : 2024-01-12 0322670 https://www.ejustice.just.fgov.be/tsv_pdf/2024/01/12/24322670.pdf
0416050024;Concassage, Forage, Criblage;≤2004;≥22;Jean Mathieu (né 1949);non;2004-02-09;"aucune détention publiée au Moniteur — indices par les mandats : administrateur personne morale MCA MANAGEMENT (0808634461, Société à responsabilité limitée) — dirigée par Caroline Mathieu, Jean Mathieu [même famille]; administrateur personne morale MATHIEU HOLDING (0832672942, Société anonyme) — dirigée par Jean Mathieu, Caroline Mathieu, Frédéric Mathieu [même famille]";holding patrimonial (présumé, d'après les mandats);;A VERIFIER;liste des actes : https://www.ejustice.just.fgov.be/cgi_tsv/list.pl?language=fr&btw=0416050024&liste=Liste | première mention de Jean Mathieu : 2004-02-09 0020620 https://www.ejustice.just.fgov.be/tsv_pdf/2004/02/09/04020620.pdf | BCE : fonction depuis 2023 (https://kbopub.economie.fgov.be/kbopub/zoeknummerform.html?nummer=0416050024&actionLu=Rechercher) | naissance 1949 : n° registre national 490225 169 27 (2011-10-13 0154354) | statuts : 2004-02-09 0020620 https://www.ejustice.just.fgov.be/tsv_pdf/2004/02/09/04020620.pdf | BCE 0808634461 : https://kbopub.economie.fgov.be/kbopub/zoeknummerform.html?nummer=0808634461&actionLu=Rechercher | BCE 0832672942 : https://kbopub.economie.fgov.be/kbopub/zoeknummerform.html?nummer=0832672942&actionLu=Rechercher
0433072237;LAMBRIGHS - Carrières DOLHAIN VICINAL;≤2003;≥23;Guy Lambrighs;non;2025-01-02;aucune détention publiée au Moniteur;famille (présumé, d'après les mandats);;A VERIFIER (âge du dirigeant);liste des actes : https://www.ejustice.just.fgov.be/cgi_tsv/list.pl?language=fr&btw=0433072237&liste=Liste | première mention de Guy Lambrighs : 2003-07-04 0075913 https://www.ejustice.just.fgov.be/tsv_pdf/2003/07/04/03075913.pdf | BCE : fonction depuis 2024 (https://kbopub.economie.fgov.be/kbopub/zoeknummerform.html?nummer=0433072237&actionLu=Rechercher) | statuts : 2025-01-02 0300148 https://www.ejustice.just.fgov.be/tsv_pdf/2025/01/02/25300148.pdf
0406897083;CARRIERE DE LA HAZOTTE - H. VERHOEVEN;≤2004;≥22;Harrie Verhoeven (né 1977);non;2020-12-22;aucune détention publiée au Moniteur — indices par les mandats : administrateur personne morale VERHOEVEN CONSULTANCY, MANAGEMENT & TRADE (0757622557, Société à responsabilité limitée) — dirigée par Harrie Verhoeven [même famille];holding patrimonial (présumé, d'après les mandats);;A VERIFIER;liste des actes : https://www.ejustice.just.fgov.be/cgi_tsv/list.pl?language=fr&btw=0406897083&liste=Liste | première mention de Harrie Verhoeven : 2004-05-18 0074388 https://www.ejustice.just.fgov.be/tsv_pdf/2004/05/18/04074388.pdf | BCE : fonction depuis 2020 (https://kbopub.economie.fgov.be/kbopub/zoeknummerform.html?nummer=0406897083&actionLu=Rechercher) | naissance 1977 : « NE A HELVOIRT  PAYS BAS  LE 21 JUILLET 1977 » (2020-12-22 0363590) | statuts : 2020-12-22 0363590 https://www.ejustice.just.fgov.be/tsv_pdf/2020/12/22/20363590.pdf | BCE 0757622557 : https://kbopub.economie.fgov.be/kbopub/zoeknummerform.html?nummer=0757622557&actionLu=Rechercher
0403974910;CARRIERES DE LA PREALLE;≤2008;≥18;Stijn Renier (né 1976);non;2023-12-18;aucune détention publiée au Moniteur — indices par les mandats : administrateur personne morale PAMOEK (0885218535, Société à responsabilité limitée) — dirigée par Evelien Renier, Stijn Renier [même famille];holding patrimonial (présumé, d'après les mandats);;A VERIFIER;liste des actes : https://www.ejustice.just.fgov.be/cgi_tsv/list.pl?language=fr&btw=0403974910&liste=Liste | première mention de Stijn Renier : 2008-02-15 0026133 https://www.ejustice.just.fgov.be/tsv_pdf/2008/02/15/08026133.pdf | BCE : fonction depuis 2023 (https://kbopub.economie.fgov.be/kbopub/zoeknummerform.html?nummer=0403974910&actionLu=Rechercher) | naissance 1976 : n° registre national 76 07 08 143 01 (2013-03-12 0040948) | statuts : 2023-12-18 0461001 https://www.ejustice.just.fgov.be/tsv_pdf/2023/12/18/23461001.pdf | BCE 0885218535 : https://kbopub.economie.fgov.be/kbopub/zoeknummerform.html?nummer=0885218535&actionLu=Rechercher
0885954547;L ARTISAN GOURMET;2018;8;Pierre-Yves Berthe (né 1976);non;2022-08-08;aucune détention publiée au Moniteur — indices par les mandats : administrateur personne morale PhunQ (0703936423, Société à responsabilité limitée) — dirigée par Pierre-Yves Berthe, Quentin Mariage [même famille];holding patrimonial (présumé, d'après les mandats);;A VERIFIER (ancienneté 8 ans hors 10-25);liste des actes : https://www.ejustice.just.fgov.be/cgi_tsv/list.pl?language=fr&btw=0885954547&liste=Liste | première mention de Pierre-Yves Berthe : 2018-10-19 0154109 https://www.ejustice.just.fgov.be/tsv_pdf/2018/10/19/18154109.pdf | BCE : fonction depuis 2018 (https://kbopub.economie.fgov.be/kbopub/zoeknummerform.html?nummer=0885954547&actionLu=Rechercher) | naissance 1976 : « NE A MONTEGNEE LE 16 MAI 1976 » (2018-09-14 0328002) | statuts : 2022-08-08 0350838 https://www.ejustice.just.fgov.be/tsv_pdf/2022/08/08/22350838.pdf | BCE 0703936423 : https://kbopub.economie.fgov.be/kbopub/zoeknummerform.html?nummer=0703936423&actionLu=Rechercher
0402223465;Suikerbakkerij Joris;2020;6;Diederik Van den Driessche;oui : Wouter Van den Driessche (même nom, 2021-05-05);2005-01-10;aucune détention publiée au Moniteur — indices par les mandats : administrateur personne morale PRIME TIME SWEETS (0897739948, Société privée à responsabilité limitée) — dirigée par Wouter Van den Driessche, Diederik Van den Driessche [même famille];holding patrimonial (présumé, d'après les mandats);;SURVEILLER;liste des actes : https://www.ejustice.just.fgov.be/cgi_tsv/list.pl?language=fr&btw=0402223465&liste=Liste | première mention de Diederik Van den Driessche : 2020-09-03 0101904 https://www.ejustice.just.fgov.be/tsv_pdf/2020/09/03/20101904.pdf | BCE : fonction depuis 2020 (https://kbopub.economie.fgov.be/kbopub/zoeknummerform.html?nummer=0402223465&actionLu=Rechercher) | statuts : 2005-01-10 0003610 https://www.ejustice.just.fgov.be/tsv_pdf/2005/01/10/05003610.pdf | BCE 0897739948 : https://kbopub.economie.fgov.be/kbopub/zoeknummerform.html?nummer=0897739948&actionLu=Rechercher
0425846331;MADAREST;2012;14;Silvio Luise (né 1988);non;1990-09-11;aucune détention publiée au Moniteur;personne physique (présumé, d'après les mandats);;A VERIFIER;liste des actes : https://www.ejustice.just.fgov.be/cgi_tsv/list.pl?language=fr&btw=0425846331&liste=Liste | première mention de Silvio Luise : 2012-10-17 0171280 https://www.ejustice.just.fgov.be/tsv_pdf/2012/10/17/12171280.pdf | BCE : fonction depuis 2023 (https://kbopub.economie.fgov.be/kbopub/zoeknummerform.html?nummer=0425846331&actionLu=Rechercher) | naissance 1988 : n° registre national 880614 327 76 (2021-04-15 0324072) | statuts : 1990-09-11 356 (liste Moniteur)
0457989161;FROMAGERIE DES ARDENNES;1996;30;Marc Rosen;non;2014-06-04;aucune détention publiée au Moniteur;personne physique (présumé, d'après les mandats);;A VERIFIER (âge du dirigeant, ancienneté 30 ans hors 10-25);liste des actes : https://www.ejustice.just.fgov.be/cgi_tsv/list.pl?language=fr&btw=0457989161&liste=Liste | première mention de Marc Rosen : 1998-11-25 284 https://www.ejustice.just.fgov.be/tsv_pdf/1998/11/25/1998-11-25_0284.pdf (page multi-sociétés d'avant 2003, à confirmer) | BCE : fonction depuis 1996 (https://kbopub.economie.fgov.be/kbopub/zoeknummerform.html?nummer=0457989161&actionLu=Rechercher) | statuts : 2014-06-04 0111231 https://www.ejustice.just.fgov.be/tsv_pdf/2014/06/04/14111231.pdf
0515972791;Ô BEL GAUFRE;2013;13;Pierre Hoge;non;2024-01-12;aucune détention publiée au Moniteur;personne physique (présumé, d'après les mandats);;A VERIFIER (âge du dirigeant);liste des actes : https://www.ejustice.just.fgov.be/cgi_tsv/list.pl?language=fr&btw=0515972791&liste=Liste | première mention de Pierre Hoge : 2013-03-06 0038214 https://www.ejustice.just.fgov.be/tsv_pdf/2013/03/06/13038214.pdf | BCE : fonction depuis 2023 (https://kbopub.economie.fgov.be/kbopub/zoeknummerform.html?nummer=0515972791&actionLu=Rechercher) | statuts : 2024-01-12 0323347 https://www.ejustice.just.fgov.be/tsv_pdf/2024/01/12/24323347.pdf
0456320761;P + M EIFELER FLEISCHVERTRIEB;2001;25;Marcel Peters;oui : Audry Peters (même nom, 2022-12-08);2022-12-08;"aucune détention publiée au Moniteur — indices par les mandats : administrateur personne morale ENTWICKLUNGS- UND BETEILIGUNGSGESELLSCHAFT OSTBELGIENS (0437216117, Société anonyme) — dirigée par André Britz, Norbert Heukemes, Philippe Neumann, Wilfried Niessen, Doris Schaus, Margit Veithen, Kelly Zimmermann, Christoph Recker, Gaëtan Servais, Lisa Faymonville, Ronny Eicher, Karl-Heinz Huppertz, Dirk Kirschvink, Isabel Schlembach, Margit Veithen; administrateur personne morale PEMA INVEST (0473967239, Société en commandite simple) — dirigée par Marcel Peters, Marcel Peters [même famille]";invest public;;ECARTER;liste des actes : https://www.ejustice.just.fgov.be/cgi_tsv/list.pl?language=fr&btw=0456320761&liste=Liste | première mention de Marcel Peters : 2001-05-05 625 https://www.ejustice.just.fgov.be/tsv_pdf/2001/05/05/2001-05-05_0625.pdf (page multi-sociétés d'avant 2003, à confirmer) | BCE : fonction depuis 2007 (https://kbopub.economie.fgov.be/kbopub/zoeknummerform.html?nummer=0456320761&actionLu=Rechercher) | statuts : 2022-12-08 0379768 https://www.ejustice.just.fgov.be/tsv_pdf/2022/12/08/22379768.pdf | BCE 0437216117 : https://kbopub.economie.fgov.be/kbopub/zoeknummerform.html?nummer=0437216117&actionLu=Rechercher | BCE 0473967239 : https://kbopub.economie.fgov.be/kbopub/zoeknummerform.html?nummer=0473967239&actionLu=Rechercher
0899966790;PATISSERIE JEANPIERRE;≤2008;≥18;Joseph Jeanpierre (né 1946);oui : Marie Jeanpierre (même nom, 2024-10-22);2011-06-28;aucune détention publiée au Moniteur — indices par les mandats : administrateur personne morale JEANPIERRE HOLDING (0836907387, Société à responsabilité limitée) — dirigée par Rachel Cravotto, Joseph Jeanpierre, Joseph Jeanpierre [même famille];holding patrimonial (présumé, d'après les mandats);;SURVEILLER;liste des actes : https://www.ejustice.just.fgov.be/cgi_tsv/list.pl?language=fr&btw=0899966790&liste=Liste | première mention de Joseph Jeanpierre : 2008-09-03 0142963 https://www.ejustice.just.fgov.be/tsv_pdf/2008/09/03/08142963.pdf | BCE : fonction depuis 2014 (https://kbopub.economie.fgov.be/kbopub/zoeknummerform.html?nummer=0899966790&actionLu=Rechercher) | naissance 1946 : « NE A MELEN  LE 11 JUILLET 1946 » (2011-06-28 0095995) | statuts : 2011-06-28 0095995 https://www.ejustice.just.fgov.be/tsv_pdf/2011/06/28/11095995.pdf | BCE 0836907387 : https://kbopub.economie.fgov.be/kbopub/zoeknummerform.html?nummer=0836907387&actionLu=Rechercher
0897587619;L'ARTISAN;2008;18;Lionel Gaussin (né 1979);non;2010-03-29;aucune détention publiée au Moniteur;inconnu;;A VERIFIER (actionnariat);liste des actes : https://www.ejustice.just.fgov.be/cgi_tsv/list.pl?language=fr&btw=0897587619&liste=Liste | première mention de Lionel Gaussin : 2008-05-08 0068464 https://www.ejustice.just.fgov.be/tsv_pdf/2008/05/08/08068464.pdf | BCE : fonction depuis 2008 (https://kbopub.economie.fgov.be/kbopub/zoeknummerform.html?nummer=0897587619&actionLu=Rechercher) | naissance 1979 : n° registre national 790507 263 57 (2010-03-29 0045152) | statuts : 2010-03-29 0045152 https://www.ejustice.just.fgov.be/tsv_pdf/2010/03/29/10045152.pdf
0753979812;Salaisons des Ardennes;≤2020;≥6;Jo Pauwels (né 1966);incertain : Demi Van Haecke nommé 2026-08-21 (âge inconnu);2024-09-13;aucune détention publiée au Moniteur — indices par les mandats : administrateur personne morale Vleeswaren De Keyser (0413958584, Société anonyme) — dirigée par Demi Van Haecke, Jo Pauwels [même famille];holding patrimonial (présumé, d'après les mandats);;A VERIFIER (âge des nouveaux administrateurs, ancienneté 6 ans hors 10-25);liste des actes : https://www.ejustice.just.fgov.be/cgi_tsv/list.pl?language=fr&btw=0753979812&liste=Liste | première mention de Jo Pauwels : 2020-09-15 0342371 https://www.ejustice.just.fgov.be/tsv_pdf/2020/09/15/20342371.pdf | BCE : fonction depuis 2026 (https://kbopub.economie.fgov.be/kbopub/zoeknummerform.html?nummer=0753979812&actionLu=Rechercher) | naissance 1966 : « NE A SLEIDINGE LE 28 JUIN 1966 » (2020-09-15 0342371) | statuts : 2024-09-13 0428362 https://www.ejustice.just.fgov.be/tsv_pdf/2024/09/13/24428362.pdf | BCE 0413958584 : https://kbopub.economie.fgov.be/kbopub/zoeknummerform.html?nummer=0413958584&actionLu=Rechercher
0433626721;CONSERVERIE ET MOUTARDERIE BELGE;≤2000;≥26;Philippe Renson (né 1958);"oui : Dirk Kirschvink nommé 2026-09-03 (âge inconnu); Raphael Renson (même nom, 2021-03-31); Rachel Renson (même nom, 2022-05-11)";1988-04-02;"aucune détention publiée au Moniteur — indices par les mandats : administrateur personne morale ENTWICKLUNGS- UND BETEILIGUNGSGESELLSCHAFT OSTBELGIENS (0437216117, Société anonyme) — dirigée par André Britz, Norbert Heukemes, Philippe Neumann, Wilfried Niessen, Doris Schaus, Margit Veithen, Kelly Zimmermann, Christoph Recker, Gaëtan Servais, Lisa Faymonville, Ronny Eicher, Karl-Heinz Huppertz, Dirk Kirschvink, Isabel Schlembach, Margit Veithen; administrateur personne morale CARGEPAR (0543995794, Société privée à responsabilité limitée) — dirigée par Chantal Clavareau, Philippe Nadobny; administrateur personne morale BELAUCIOUS (0779486357, Société à responsabilité limitée) — dirigée par Laurent Renson [même famille]; administrateur personne morale SVASTI (0779486654, Société à responsabilité limitée) — dirigée par Raphael Renson [même famille]; administrateur personne morale FOODIEST (0779486852, Société à responsabilité limitée) — dirigée par Rachel Renson [même famille]; administrateur personne morale FOOD DEVELOPMENT INTERNATIONAL (0861690887, Société anonyme) — dirigée par Philippe Renson, Elvira Schumacher [même famille]";invest public;;ECARTER;liste des actes : https://www.ejustice.just.fgov.be/cgi_tsv/list.pl?language=fr&btw=0433626721&liste=Liste | première mention de Philippe Renson : 2000-07-19 515 https://www.ejustice.just.fgov.be/tsv_pdf/2000/07/19/2000-07-19_0515.pdf (page multi-sociétés d'avant 2003, à confirmer) | BCE : fonction depuis 2022 (https://kbopub.economie.fgov.be/kbopub/zoeknummerform.html?nummer=0433626721&actionLu=Rechercher) | naissance 1958 : n° registre national 58 05 06 047 56 (2022-05-11 0057883) | statuts : 1988-04-02 334 (liste Moniteur) | BCE 0437216117 : https://kbopub.economie.fgov.be/kbopub/zoeknummerform.html?nummer=0437216117&actionLu=Rechercher | BCE 0543995794 : https://kbopub.economie.fgov.be/kbopub/zoeknummerform.html?nummer=0543995794&actionLu=Rechercher | BCE 0779486357 : https://kbopub.economie.fgov.be/kbopub/zoeknummerform.html?nummer=0779486357&actionLu=Rechercher | BCE 0779486654 : https://kbopub.economie.fgov.be/kbopub/zoeknummerform.html?nummer=0779486654&actionLu=Rechercher | BCE 0779486852 : https://kbopub.economie.fgov.be/kbopub/zoeknummerform.html?nummer=0779486852&actionLu=Rechercher | BCE 0861690887 : https://kbopub.economie.fgov.be/kbopub/zoeknummerform.html?nummer=0861690887&actionLu=Rechercher
0872715829;DESTINE André;2024;2;Bastien Destiné (né 1992);non;2023-11-28;aucune détention publiée au Moniteur;personne physique (présumé, d'après les mandats);;A VERIFIER (ancienneté 2 ans hors 10-25);liste des actes : https://www.ejustice.just.fgov.be/cgi_tsv/list.pl?language=fr&btw=0872715829&liste=Liste | première mention de Bastien Destiné : 2024-11-14 0161955 https://www.ejustice.just.fgov.be/tsv_pdf/2024/11/14/24161955.pdf | BCE : fonction depuis 2024 (https://kbopub.economie.fgov.be/kbopub/zoeknummerform.html?nummer=0872715829&actionLu=Rechercher) | naissance 1992 : n° registre national 92 03 11 477 79 (2024-11-14 0161955) | statuts : 2023-11-28 0438583 https://www.ejustice.just.fgov.be/tsv_pdf/2023/11/28/23438583.pdf
0536413166;BOULANGERIE BENOIT SEGONDS;≤2013;≥13;Benoît Segonds;non;2025-07-09;aucune détention publiée au Moniteur — indices par les mandats : administrateur personne morale 1024831229 (1024831229, ?) — dirigée par ?;personne physique (présumé, d'après les mandats);;A VERIFIER (âge du dirigeant);liste des actes : https://www.ejustice.just.fgov.be/cgi_tsv/list.pl?language=fr&btw=0536413166&liste=Liste | première mention de Benoît Segonds : 2013-07-15 0108650 https://www.ejustice.just.fgov.be/tsv_pdf/2013/07/15/13108650.pdf | BCE : fonction depuis 2025 (https://kbopub.economie.fgov.be/kbopub/zoeknummerform.html?nummer=0536413166&actionLu=Rechercher) | statuts : 2025-07-09 0343741 https://www.ejustice.just.fgov.be/tsv_pdf/2025/07/09/25343741.pdf | BCE 1024831229 : https://kbopub.economie.fgov.be/kbopub/zoeknummerform.html?nummer=1024831229&actionLu=Rechercher
0463000004;HD BAKERY GROUP;≤2000;≥26;Sabri Keraï;non;2023-12-27;aucune détention publiée au Moniteur;personne physique (présumé, d'après les mandats);;A VERIFIER (âge du dirigeant, ancienneté 26 ans hors 10-25);liste des actes : https://www.ejustice.just.fgov.be/cgi_tsv/list.pl?language=fr&btw=0463000004&liste=Liste | première mention de Sabri Keraï : 2000-03-28 244 https://www.ejustice.just.fgov.be/tsv_pdf/2000/03/28/2000-03-28_0244.pdf (page multi-sociétés d'avant 2003, à confirmer) | BCE : fonction depuis 2023 (https://kbopub.economie.fgov.be/kbopub/zoeknummerform.html?nummer=0463000004&actionLu=Rechercher) | statuts : 2023-12-27 0474990 https://www.ejustice.just.fgov.be/tsv_pdf/2023/12/27/23474990.pdf
0542523671;LEE CHI KO;≤2013;≥13;Albert Lee;oui : Steven Lee (même nom, 2023-04-25);2023-07-24;aucune détention publiée au Moniteur;inconnu;;SURVEILLER;liste des actes : https://www.ejustice.just.fgov.be/cgi_tsv/list.pl?language=fr&btw=0542523671&liste=Liste | première mention de Albert Lee : 2013-11-29 0307204 https://www.ejustice.just.fgov.be/tsv_pdf/2013/11/29/13307204.pdf | BCE : fonction depuis 2013 (https://kbopub.economie.fgov.be/kbopub/zoeknummerform.html?nummer=0542523671&actionLu=Rechercher) | statuts : 2023-07-24 0374925 https://www.ejustice.just.fgov.be/tsv_pdf/2023/07/24/23374925.pdf
0760343408;The Fine Lab S.A.;2023;3;Christophe Neumann;incertain : Gabriele Caponcello nommé 2024-11-07 (âge inconnu);2022-11-24;aucune détention publiée au Moniteur;inconnu;;A VERIFIER (âge du dirigeant, actionnariat, âge des nouveaux administrateurs, ancienneté 3 ans hors 10-25);liste des actes : https://www.ejustice.just.fgov.be/cgi_tsv/list.pl?language=fr&btw=0760343408&liste=Liste | première mention de Christophe Neumann : 2023-03-31 0044740 https://www.ejustice.just.fgov.be/tsv_pdf/2023/03/31/23044740.pdf | BCE : fonction depuis 2023 (https://kbopub.economie.fgov.be/kbopub/zoeknummerform.html?nummer=0760343408&actionLu=Rechercher) | statuts : 2022-11-24 0375450 https://www.ejustice.just.fgov.be/tsv_pdf/2022/11/24/22375450.pdf
0454775986;BOULANGERIE KEMPINAIRE;≤2014;≥12;Arlette Kempinaire (né 1949);incertain : Benoît Cassart nommé 2023-01-03 (âge inconnu);2017-07-26;aucune détention publiée au Moniteur — indices par les mandats : ALERTE : Administrateur provisoire (désignation par tribunaux) — Cassart , Benoît depuis 11 février 2022 (gestion sous contrôle judiciaire, litige probable);inconnu;;A VERIFIER (administrateur provisoire désigné par le tribunal);liste des actes : https://www.ejustice.just.fgov.be/cgi_tsv/list.pl?language=fr&btw=0454775986&liste=Liste | première mention de Arlette Kempinaire : 2014-05-05 0092947 https://www.ejustice.just.fgov.be/tsv_pdf/2014/05/05/14092947.pdf | BCE : fonction depuis 2017 (https://kbopub.economie.fgov.be/kbopub/zoeknummerform.html?nummer=0454775986&actionLu=Rechercher) | naissance 1949 : n° registre national 49 12 11 104 97 (2017-07-26 0108126) | statuts : 2017-07-26 0108126 https://www.ejustice.just.fgov.be/tsv_pdf/2017/07/26/17108126.pdf
0466473592;KEMPINAIRE F.;≤1999;≥27;Fernand Kempinaire;non;1999-07-20;aucune détention publiée au Moniteur;personne physique (présumé, d'après les mandats);;A VERIFIER (âge du dirigeant, ancienneté 27 ans hors 10-25);liste des actes : https://www.ejustice.just.fgov.be/cgi_tsv/list.pl?language=fr&btw=0466473592&liste=Liste | première mention de Fernand Kempinaire : 1999-07-20 673 https://www.ejustice.just.fgov.be/tsv_pdf/1999/07/20/1999-07-20_0673.pdf (page multi-sociétés d'avant 2003, à confirmer) | BCE : fonction depuis 2023 (https://kbopub.economie.fgov.be/kbopub/zoeknummerform.html?nummer=0466473592&actionLu=Rechercher) | statuts : 1999-07-20 673 https://www.ejustice.just.fgov.be/tsv_pdf/1999/07/20/1999-07-20_0673.pdf
0630999549;BARAT;2024;2;Rémy Barat;non;2024-08-19;aucune détention publiée au Moniteur;personne physique (présumé, d'après les mandats);;A VERIFIER (âge du dirigeant, ancienneté 2 ans hors 10-25);liste des actes : https://www.ejustice.just.fgov.be/cgi_tsv/list.pl?language=fr&btw=0630999549&liste=Liste | BCE : fonction depuis 2024 (https://kbopub.economie.fgov.be/kbopub/zoeknummerform.html?nummer=0630999549&actionLu=Rechercher) | statuts : 2024-08-19 0422844 https://www.ejustice.just.fgov.be/tsv_pdf/2024/08/19/24422844.pdf
0416742286;Etablissements BLAISE;≤2001;≥25;Françoise Blaise;non;2024-02-08;aucune détention publiée au Moniteur — indices par les mandats : administrateur personne morale DISTRI-IMMO SA (0462719395, Société anonyme) — dirigée par Françoise Blaise, Marie-France Blaise, Stéphanie Fontenoy, Frédéric Ponsar, Françoise Blaise, Marie-France Blaise [même famille];holding patrimonial (présumé, d'après les mandats);;A VERIFIER (âge du dirigeant);liste des actes : https://www.ejustice.just.fgov.be/cgi_tsv/list.pl?language=fr&btw=0416742286&liste=Liste | première mention de Françoise Blaise : 2001-07-13 299 https://www.ejustice.just.fgov.be/tsv_pdf/2001/07/13/2001-07-13_0299.pdf (page multi-sociétés d'avant 2003, à confirmer) | BCE : fonction depuis 2009 (https://kbopub.economie.fgov.be/kbopub/zoeknummerform.html?nummer=0416742286&actionLu=Rechercher) | statuts : 2024-02-08 0025165 https://www.ejustice.just.fgov.be/tsv_pdf/2024/02/08/24025165.pdf | BCE 0462719395 : https://kbopub.economie.fgov.be/kbopub/zoeknummerform.html?nummer=0462719395&actionLu=Rechercher
0597845147;SCHMIDT culina;2015;11;Kurt Schmidt;"oui : Tobias Schleck nommé 2024-11-06 (âge inconnu); Esther Schmidt (même nom, 2023-11-22)";2020-12-17;aucune détention publiée au Moniteur;inconnu;;SURVEILLER;liste des actes : https://www.ejustice.just.fgov.be/cgi_tsv/list.pl?language=fr&btw=0597845147&liste=Liste | première mention de Kurt Schmidt : 2015-02-12 0302659 https://www.ejustice.just.fgov.be/tsv_pdf/2015/02/12/15302659.pdf | BCE : fonction depuis 2020 (https://kbopub.economie.fgov.be/kbopub/zoeknummerform.html?nummer=0597845147&actionLu=Rechercher) | statuts : 2020-12-17 0362191 https://www.ejustice.just.fgov.be/tsv_pdf/2020/12/17/20362191.pdf
0753930718;BOULANGERIE LE TORDOIR;2020;6;Kevin Permentier;incertain : Julie Ridez nommé 2024-04-24 (âge inconnu);2020-09-14;aucune détention publiée au Moniteur;inconnu;;A VERIFIER (âge du dirigeant, actionnariat, âge des nouveaux administrateurs, ancienneté 6 ans hors 10-25);liste des actes : https://www.ejustice.just.fgov.be/cgi_tsv/list.pl?language=fr&btw=0753930718&liste=Liste | première mention de Kevin Permentier : 2020-09-14 0342224 https://www.ejustice.just.fgov.be/tsv_pdf/2020/09/14/20342224.pdf | BCE : fonction depuis 2020 (https://kbopub.economie.fgov.be/kbopub/zoeknummerform.html?nummer=0753930718&actionLu=Rechercher) | statuts : 2020-09-14 0342224 https://www.ejustice.just.fgov.be/tsv_pdf/2020/09/14/20342224.pdf
0402065988;Brasserie Cantillon;≤2001;≥25;Jean Van Roy (né 1942);incertain : Magali Van Roy Cantillon nommé 2023 (âge inconnu);2023-11-27;aucune détention publiée au Moniteur;inconnu;;A VERIFIER (actionnariat, âge des nouveaux administrateurs);liste des actes : https://www.ejustice.just.fgov.be/cgi_tsv/list.pl?language=fr&btw=0402065988&liste=Liste | première mention de Jean Van Roy : 2001-09-12 306 https://www.ejustice.just.fgov.be/tsv_pdf/2001/09/12/2001-09-12_0306.pdf (page multi-sociétés d'avant 2003, à confirmer) | BCE : fonction depuis 2023 (https://kbopub.economie.fgov.be/kbopub/zoeknummerform.html?nummer=0402065988&actionLu=Rechercher) | naissance 1942 : n° registre national 42 04 27 023 77 (2012-10-25 0175922) | statuts : 2023-11-27 0436751 https://www.ejustice.just.fgov.be/tsv_pdf/2023/11/27/23436751.pdf
0500936407;BRASSERIE 3 F L'ANGELUS;2015;11;Patrick D'Aubreby;"oui : Pierre Dessy nommé 2021-09-01 (âge inconnu); Rémy D'Aubreby (même nom, 2021-09-01)";2024-06-21;"aucune détention publiée au Moniteur — indices par les mandats : administrateur personne morale Pierre Alain Dessy (0716693705, Société privée à responsabilité limitée) — dirigée par Pierre Dessy; administrateur personne morale ceres deesse des moissons (0749773079, Entité étrangère) — dirigée par ?; administrateur personne morale VIRGO DEVELOPPEMENT (0768260190, Société à responsabilité limitée) — dirigée par Patrick D'Aubreby, Rémy D'Aubreby [même famille]; administrateur inscrit comme entité étrangère : ceres deesse des moissons (0749773079)";holding patrimonial (présumé, d'après les mandats);ceres deesse des moissons (entité étrangère, pays à préciser);SURVEILLER;liste des actes : https://www.ejustice.just.fgov.be/cgi_tsv/list.pl?language=fr&btw=0500936407&liste=Liste | première mention de Patrick D'Aubreby : 2015-03-24 0043706 https://www.ejustice.just.fgov.be/tsv_pdf/2015/03/24/15043706.pdf | BCE : fonction depuis 2020 (https://kbopub.economie.fgov.be/kbopub/zoeknummerform.html?nummer=0500936407&actionLu=Rechercher) | statuts : 2024-06-21 0408016 https://www.ejustice.just.fgov.be/tsv_pdf/2024/06/21/24408016.pdf | BCE 0716693705 : https://kbopub.economie.fgov.be/kbopub/zoeknummerform.html?nummer=0716693705&actionLu=Rechercher | BCE 0749773079 : https://kbopub.economie.fgov.be/kbopub/zoeknummerform.html?nummer=0749773079&actionLu=Rechercher | BCE 0768260190 : https://kbopub.economie.fgov.be/kbopub/zoeknummerform.html?nummer=0768260190&actionLu=Rechercher
0462696037;QUATRIEME DIMENSION;1998;28;François Bersez (né 1968);non;2024-01-24;aucune détention publiée au Moniteur — indices par les mandats : administrateur personne morale ALIXILA (0821019084, Société à responsabilité limitée) — dirigée par François Bersez [même famille];holding patrimonial (présumé, d'après les mandats);;A VERIFIER (ancienneté 28 ans hors 10-25);liste des actes : https://www.ejustice.just.fgov.be/cgi_tsv/list.pl?language=fr&btw=0462696037&liste=Liste | première mention de François Bersez : 1998-03-03 020 https://www.ejustice.just.fgov.be/tsv_pdf/1998/03/03/1998-03-03_0020.pdf (page multi-sociétés d'avant 2003, à confirmer) | BCE : fonction depuis 2023 (https://kbopub.economie.fgov.be/kbopub/zoeknummerform.html?nummer=0462696037&actionLu=Rechercher) | naissance 1968 : n° registre national 680925 235 21 (2009-12-03 0305124) | statuts : 2024-01-24 0015362 https://www.ejustice.just.fgov.be/tsv_pdf/2024/01/24/24015362.pdf | BCE 0821019084 : https://kbopub.economie.fgov.be/kbopub/zoeknummerform.html?nummer=0821019084&actionLu=Rechercher
0866298486;TEILLAGE MARCHANDISSE & FILS;2004;22;Gilles Marchandisse;incertain : Jérôme Haubruge nommé 2024-01-25 (âge inconnu);2024-01-25;"aucune détention publiée au Moniteur — indices par les mandats : administrateur personne morale SOCIETE COOPERATIVE AGRICOLE DE LA MEUSE (0401370063, Société coopérative) — dirigée par Bruno De Wulf, François Dumonceau, Fabrice Flamend, Adrien Paquet, Gauthier Petit, Daniel Richir, Jean-Yves Vancompernolle, Olivier Debehogne, Olivier Debehogne; administrateur personne morale MARCHANDISSE ET FILS (0430650108, Société privée à responsabilité limitée) — dirigée par Gilles Marchandisse, Pol Marchandisse, Thibault Marchandisse, Jacqueline Reginster [même famille]; administrateur personne morale TRANSCAM-Seilles (0460092873, Société à responsabilité limitée) — dirigée par Olivier Debehogne, Fabrice Flamend, Adrien Paquet, Olivier Debehogne, Fabrice Flamend";holding patrimonial (présumé, d'après les mandats);;A VERIFIER (âge du dirigeant, âge des nouveaux administrateurs);liste des actes : https://www.ejustice.just.fgov.be/cgi_tsv/list.pl?language=fr&btw=0866298486&liste=Liste | première mention de Gilles Marchandisse : 2004-07-22 0109793 https://www.ejustice.just.fgov.be/tsv_pdf/2004/07/22/04109793.pdf | BCE : fonction depuis 2023 (https://kbopub.economie.fgov.be/kbopub/zoeknummerform.html?nummer=0866298486&actionLu=Rechercher) | statuts : 2024-01-25 0341981 https://www.ejustice.just.fgov.be/tsv_pdf/2024/01/25/24341981.pdf | BCE 0401370063 : https://kbopub.economie.fgov.be/kbopub/zoeknummerform.html?nummer=0401370063&actionLu=Rechercher | BCE 0430650108 : https://kbopub.economie.fgov.be/kbopub/zoeknummerform.html?nummer=0430650108&actionLu=Rechercher | BCE 0460092873 : https://kbopub.economie.fgov.be/kbopub/zoeknummerform.html?nummer=0460092873&actionLu=Rechercher
0437813161;INTRASKINS;2007;19;Bernard Vereenooghe;"oui : Oskar Vereenooghe (même nom, 2020-01-29); Viktor Vereenooghe (même nom, 2020-01-29)";2024-04-24;aucune détention publiée au Moniteur;famille (présumé, d'après les mandats);;SURVEILLER;liste des actes : https://www.ejustice.just.fgov.be/cgi_tsv/list.pl?language=fr&btw=0437813161&liste=Liste | première mention de Bernard Vereenooghe : 2008-01-23 0013313 https://www.ejustice.just.fgov.be/tsv_pdf/2008/01/23/08013313.pdf | BCE : fonction depuis 2007 (https://kbopub.economie.fgov.be/kbopub/zoeknummerform.html?nummer=0437813161&actionLu=Rechercher) | statuts : 2024-04-24 0391587 https://www.ejustice.just.fgov.be/tsv_pdf/2024/04/24/24391587.pdf
0887579494;ALL PALLETS;≤2007;≥19;Monique Pinckaers;"oui : Michèle Stassen (même nom, 2024-04-23); Marine Stassen (même nom, 2024-04-23)";2024-10-14;"aucune détention publiée au Moniteur — indices par les mandats : administrateur personne morale STASSEN MANAGEMENT (1003424517, Société à responsabilité limitée) — dirigée par Monique Pinckaers, Michèle Stassen [même famille]; administrateur personne morale MS GESTION (1004558823, Société à responsabilité limitée) — dirigée par Marine Stassen";holding patrimonial (présumé, d'après les mandats);;SURVEILLER;liste des actes : https://www.ejustice.just.fgov.be/cgi_tsv/list.pl?language=fr&btw=0887579494&liste=Liste | première mention de Monique Pinckaers : 2007-03-08 0037192 https://www.ejustice.just.fgov.be/tsv_pdf/2007/03/08/07037192.pdf | BCE : fonction depuis 2023 (https://kbopub.economie.fgov.be/kbopub/zoeknummerform.html?nummer=0887579494&actionLu=Rechercher) | statuts : 2024-10-14 0436203 https://www.ejustice.just.fgov.be/tsv_pdf/2024/10/14/24436203.pdf | BCE 1003424517 : https://kbopub.economie.fgov.be/kbopub/zoeknummerform.html?nummer=1003424517&actionLu=Rechercher | BCE 1004558823 : https://kbopub.economie.fgov.be/kbopub/zoeknummerform.html?nummer=1004558823&actionLu=Rechercher
0821170029;STILMANT;≤2009;≥17;Carine Lambert (né 1982);incertain : Pascal Stilmant nommé 2023 (âge inconnu);2023-12-27;aucune détention publiée au Moniteur;inconnu;;A VERIFIER (actionnariat, âge des nouveaux administrateurs);liste des actes : https://www.ejustice.just.fgov.be/cgi_tsv/list.pl?language=fr&btw=0821170029&liste=Liste | première mention de Carine Lambert : 2009-12-09 0305234 https://www.ejustice.just.fgov.be/tsv_pdf/2009/12/09/09305234.pdf | BCE : fonction depuis 2023 (https://kbopub.economie.fgov.be/kbopub/zoeknummerform.html?nummer=0821170029&actionLu=Rechercher) | naissance 1982 : « NEE A BASTOGNE LE 28 NOVEMBRE 1982 » (2023-12-27 0474977) | statuts : 2023-12-27 0474977 https://www.ejustice.just.fgov.be/tsv_pdf/2023/12/27/23474977.pdf
0453559825;Le Bon Bois;≤1999;≥27;Benoit Fena;non;2021-12-20;aucune détention publiée au Moniteur;famille (présumé, d'après les mandats);;A VERIFIER (âge du dirigeant, ancienneté 27 ans hors 10-25);liste des actes : https://www.ejustice.just.fgov.be/cgi_tsv/list.pl?language=fr&btw=0453559825&liste=Liste | première mention de Benoit Fena : 1999-01-26 458 https://www.ejustice.just.fgov.be/tsv_pdf/1999/01/26/1999-01-26_0458.pdf (page multi-sociétés d'avant 2003, à confirmer) | BCE : fonction depuis 2021 (https://kbopub.economie.fgov.be/kbopub/zoeknummerform.html?nummer=0453559825&actionLu=Rechercher) | statuts : 2021-12-20 0375338 https://www.ejustice.just.fgov.be/tsv_pdf/2021/12/20/21375338.pdf
0627789740;CARTONNERIES DE WALLONIE;≤2015;≥11;Pierre Macharis (né 1962);incertain : Jan Willaert nommé 2023-11-22 (âge inconnu);2021-02-12;aucune détention publiée au Moniteur — indices par les mandats : administrateur personne morale WILCO (0822480816, Société à responsabilité limitée) — dirigée par Katrien Heirwegh, Jan Willaert;inconnu;;A VERIFIER (actionnariat, âge des nouveaux administrateurs);liste des actes : https://www.ejustice.just.fgov.be/cgi_tsv/list.pl?language=fr&btw=0627789740&liste=Liste | première mention de Pierre Macharis : 2015-04-03 0305799 https://www.ejustice.just.fgov.be/tsv_pdf/2015/04/03/15305799.pdf | BCE : fonction depuis 2024 (https://kbopub.economie.fgov.be/kbopub/zoeknummerform.html?nummer=0627789740&actionLu=Rechercher) | naissance 1962 : n° registre national 62 01 09 305 55 (2015-04-03 0305799) | statuts : 2021-02-12 0309952 https://www.ejustice.just.fgov.be/tsv_pdf/2021/02/12/21309952.pdf | BCE 0822480816 : https://kbopub.economie.fgov.be/kbopub/zoeknummerform.html?nummer=0822480816&actionLu=Rechercher
0431667519;IMPRITEX;≤1997;≥29;Alain Grandjean;incertain : Matthias Lambrecht nommé 2024-12-04 (âge inconnu);2001-07-11;"aucune détention publiée au Moniteur — indices par les mandats : administrateur personne morale L SOLUTIONS (1001283488, Société à responsabilité limitée) — dirigée par Matthias Lambrecht; administrateur personne morale Jaapan Invest (1004125390, Société à responsabilité limitée) — dirigée par Antoine Grandjean [même famille]";holding patrimonial (présumé, d'après les mandats);;A VERIFIER (âge du dirigeant, âge des nouveaux administrateurs, ancienneté 29 ans hors 10-25);liste des actes : https://www.ejustice.just.fgov.be/cgi_tsv/list.pl?language=fr&btw=0431667519&liste=Liste | première mention de Alain Grandjean : 1997-11-27 187 https://www.ejustice.just.fgov.be/tsv_pdf/1997/11/27/1997-11-27_0187.pdf (page multi-sociétés d'avant 2003, à confirmer) | BCE : fonction depuis 2024 (https://kbopub.economie.fgov.be/kbopub/zoeknummerform.html?nummer=0431667519&actionLu=Rechercher) | statuts : 2001-07-11 769 https://www.ejustice.just.fgov.be/tsv_pdf/2001/07/11/2001-07-11_0769.pdf | BCE 1001283488 : https://kbopub.economie.fgov.be/kbopub/zoeknummerform.html?nummer=1001283488&actionLu=Rechercher | BCE 1004125390 : https://kbopub.economie.fgov.be/kbopub/zoeknummerform.html?nummer=1004125390&actionLu=Rechercher
0893340207;CPB;2007;19;Anton SPITALER;incertain : Heiko SEIBERT nommé 2023-03-31 (âge inconnu);2024-01-22;aucune détention publiée au Moniteur;inconnu;;A VERIFIER (âge du dirigeant, actionnariat, âge des nouveaux administrateurs);liste des actes : https://www.ejustice.just.fgov.be/cgi_tsv/list.pl?language=fr&btw=0893340207&liste=Liste | première mention de Anton SPITALER : 2007-11-21 0167235 https://www.ejustice.just.fgov.be/tsv_pdf/2007/11/21/07167235.pdf | BCE : fonction depuis 2007 (https://kbopub.economie.fgov.be/kbopub/zoeknummerform.html?nummer=0893340207&actionLu=Rechercher) | statuts : 2024-01-22 0013324 https://www.ejustice.just.fgov.be/tsv_pdf/2024/01/22/24013324.pdf
0473547466;API F & I;≤2000;≥26;Francis Ramboux (né 1948);non;2024-03-04;aucune détention publiée au Moniteur;famille (présumé, d'après les mandats);;A VERIFIER (ancienneté 26 ans hors 10-25);liste des actes : https://www.ejustice.just.fgov.be/cgi_tsv/list.pl?language=fr&btw=0473547466&liste=Liste | première mention de Francis Ramboux : 2000-12-29 576 https://www.ejustice.just.fgov.be/tsv_pdf/2000/12/29/2000-12-29_0576.pdf (page multi-sociétés d'avant 2003, à confirmer) | BCE : fonction depuis 2024 (https://kbopub.economie.fgov.be/kbopub/zoeknummerform.html?nummer=0473547466&actionLu=Rechercher) | naissance 1948 : « NE LE 21 MARS 1948 » (2020-09-09 0104085) | statuts : 2024-03-04 0371978 https://www.ejustice.just.fgov.be/tsv_pdf/2024/03/04/24371978.pdf
0890892342;PANORAMA EVENEMENTS;≤2007;≥19;Stéphane Leemans;non;2007-07-25;aucune détention publiée au Moniteur;personne physique (présumé, d'après les mandats);;A VERIFIER (âge du dirigeant);liste des actes : https://www.ejustice.just.fgov.be/cgi_tsv/list.pl?language=fr&btw=0890892342&liste=Liste | première mention de Stéphane Leemans : 2007-07-25 0111268 https://www.ejustice.just.fgov.be/tsv_pdf/2007/07/25/07111268.pdf | BCE : fonction depuis 2007 (https://kbopub.economie.fgov.be/kbopub/zoeknummerform.html?nummer=0890892342&actionLu=Rechercher) | statuts : 2007-07-25 0111268 https://www.ejustice.just.fgov.be/tsv_pdf/2007/07/25/07111268.pdf
0887086279;DEQUENNE CHIMIE;2008;18;Hugues Dequenne (né 1968);"oui : Anne-Catherine Dequenne (même nom, 2019-06-19); Xavier Dequenne (même nom, 2018-09-13)";2021-07-06;"aucune détention publiée au Moniteur — indices par les mandats : administrateur personne morale A&P SYNTONY (0685404275, Société à responsabilité limitée) — dirigée par André Petitjean, Patricia Raineri; administrateur personne morale 0737890381 (0737890381, ?) — dirigée par ?; administrateur personne morale HEAD MANAGEMENT (0895504097, Société à responsabilité limitée) — dirigée par Hugues Dequenne [même famille]; administrateur personne morale 0685755455 (0685755455, ?) — dirigée par ?";holding patrimonial (présumé, d'après les mandats);;SURVEILLER;liste des actes : https://www.ejustice.just.fgov.be/cgi_tsv/list.pl?language=fr&btw=0887086279&liste=Liste | première mention de Hugues Dequenne : 2008-04-02 0048597 https://www.ejustice.just.fgov.be/tsv_pdf/2008/04/02/08048597.pdf | BCE : fonction depuis 2022 (https://kbopub.economie.fgov.be/kbopub/zoeknummerform.html?nummer=0887086279&actionLu=Rechercher) | naissance 1968 : n° registre national 68 01 02 107 07 (2018-09-13 0137723) | statuts : 2021-07-06 0080391 https://www.ejustice.just.fgov.be/tsv_pdf/2021/07/06/21080391.pdf | BCE 0685404275 : https://kbopub.economie.fgov.be/kbopub/zoeknummerform.html?nummer=0685404275&actionLu=Rechercher | BCE 0737890381 : https://kbopub.economie.fgov.be/kbopub/zoeknummerform.html?nummer=0737890381&actionLu=Rechercher | BCE 0895504097 : https://kbopub.economie.fgov.be/kbopub/zoeknummerform.html?nummer=0895504097&actionLu=Rechercher | BCE 0685755455 : https://kbopub.economie.fgov.be/kbopub/zoeknummerform.html?nummer=0685755455&actionLu=Rechercher
0403086171;PUGH & CO INTERNATIONAL;2016;10;Bernard Leduc;non;2024-02-23;aucune détention publiée au Moniteur;inconnu;;A VERIFIER (âge du dirigeant, actionnariat);liste des actes : https://www.ejustice.just.fgov.be/cgi_tsv/list.pl?language=fr&btw=0403086171&liste=Liste | première mention de Bernard Leduc : 2016-07-25 0103608 https://www.ejustice.just.fgov.be/tsv_pdf/2016/07/25/16103608.pdf | BCE : fonction depuis 2020 (https://kbopub.economie.fgov.be/kbopub/zoeknummerform.html?nummer=0403086171&actionLu=Rechercher) | statuts : 2024-02-23 0365765 https://www.ejustice.just.fgov.be/tsv_pdf/2024/02/23/24365765.pdf
0474694343;ESPACE CHASSART;≤2001;≥25;Guibert Dumont de Chassart;"oui : Raphaël della Faille de Leverghem nommé 2020 (âge inconnu); Etienne Dumont de Chassart (même nom, 2018-01-18); Gauthier Dumont de Chassart (même nom, 2021-04-15); Marie-Alice Dumont de Chassart (même nom, 2018-12-07); Michaël Dumont de Chassart (même nom, 2018-01-18); Sébastien Dumont de Chassart (même nom, 2021-04-15); Werner Dumont de Chassart (même nom, 2025-05-16)";2023-04-07;aucune détention publiée au Moniteur;inconnu;;SURVEILLER;liste des actes : https://www.ejustice.just.fgov.be/cgi_tsv/list.pl?language=fr&btw=0474694343&liste=Liste | première mention de Guibert Dumont de Chassart : 2001-05-09 380 https://www.ejustice.just.fgov.be/tsv_pdf/2001/05/09/2001-05-09_0380.pdf (page multi-sociétés d'avant 2003, à confirmer) | BCE : fonction depuis 2020 (https://kbopub.economie.fgov.be/kbopub/zoeknummerform.html?nummer=0474694343&actionLu=Rechercher) | statuts : 2023-04-07 0048127 https://www.ejustice.just.fgov.be/tsv_pdf/2023/04/07/23048127.pdf
0456542178;EYTELIA;2015;11;Christiaan Willaert;non;2024-01-05;aucune détention publiée au Moniteur — indices par les mandats : administrateur personne morale RXW Group (0505854901, Société anonyme) — dirigée par Thierry Vandenbergh, Dries Moens, Martin Devos, Johan Lamoot, Christiaan Willaert, Geert Van Gijseghem [même famille];holding patrimonial (présumé, d'après les mandats);;A VERIFIER (âge du dirigeant);liste des actes : https://www.ejustice.just.fgov.be/cgi_tsv/list.pl?language=fr&btw=0456542178&liste=Liste | première mention de Christiaan Willaert : 2015-01-19 0008553 https://www.ejustice.just.fgov.be/tsv_pdf/2015/01/19/15008553.pdf | BCE : fonction depuis 2020 (https://kbopub.economie.fgov.be/kbopub/zoeknummerform.html?nummer=0456542178&actionLu=Rechercher) | statuts : 2024-01-05 0306944 https://www.ejustice.just.fgov.be/tsv_pdf/2024/01/05/24306944.pdf | BCE 0505854901 : https://kbopub.economie.fgov.be/kbopub/zoeknummerform.html?nummer=0505854901&actionLu=Rechercher
0465605641;MG POSE;≤1999;≥27;Manuel Gomez-Rodriguez (né 1960);non;1999-03-31;aucune détention publiée au Moniteur;personne physique (présumé, d'après les mandats);;A VERIFIER (ancienneté 27 ans hors 10-25);liste des actes : https://www.ejustice.just.fgov.be/cgi_tsv/list.pl?language=fr&btw=0465605641&liste=Liste | première mention de Manuel Gomez-Rodriguez : 1999-03-31 348 https://www.ejustice.just.fgov.be/tsv_pdf/1999/03/31/1999-03-31_0348.pdf (page multi-sociétés d'avant 2003, à confirmer) | BCE : fonction depuis 2022 (https://kbopub.economie.fgov.be/kbopub/zoeknummerform.html?nummer=0465605641&actionLu=Rechercher) | naissance 1960 : n° registre national 60052301904 (2014-01-20 0019012) | statuts : 1999-03-31 348 https://www.ejustice.just.fgov.be/tsv_pdf/1999/03/31/1999-03-31_0348.pdf
0644445234;Any-Shape – additive technologies for industry;≤2015;≥11;Michel Tilmant;incertain : Colin Loyens nommé 2018-07-30 (âge inconnu);2022-03-02;"aucune détention publiée au Moniteur — indices par les mandats : administrateur personne morale TIMTECH (0437821277, Société à responsabilité limitée) — dirigée par Michel Tilmant [même famille]; administrateur personne morale JANSSEN ENGINEERING (0442593182, Société anonyme) — dirigée par Marie-Blanche Cerfontaine, Annick Janssen, Guy Janssen, Sébastien Janssen, Marie-Blanche Cerfontaine, Guy Janssen; administrateur personne morale SPARAXIS (0452116307, Société anonyme) — dirigée par Olivier Bouchat, Sébastien Durieux, Eric Poncin, Olivier Vanderijst; administrateur personne morale 0471925091 (0471925091, ?) — dirigée par ?; administrateur personne morale BASMAG (0639997585, Société à responsabilité limitée) — dirigée par Bertrand Herry; administrateur personne morale R-Tech4 (0895759564, Société à responsabilité limitée) — dirigée par Roger Cocle";holding patrimonial (présumé, d'après les mandats);;A VERIFIER (âge du dirigeant, âge des nouveaux administrateurs);liste des actes : https://www.ejustice.just.fgov.be/cgi_tsv/list.pl?language=fr&btw=0644445234&liste=Liste | première mention de Michel Tilmant : 2015-12-15 0320993 https://www.ejustice.just.fgov.be/tsv_pdf/2015/12/15/15320993.pdf | BCE : fonction depuis 2015 (https://kbopub.economie.fgov.be/kbopub/zoeknummerform.html?nummer=0644445234&actionLu=Rechercher) | statuts : 2022-03-02 0028145 https://www.ejustice.just.fgov.be/tsv_pdf/2022/03/02/22028145.pdf | BCE 0437821277 : https://kbopub.economie.fgov.be/kbopub/zoeknummerform.html?nummer=0437821277&actionLu=Rechercher | BCE 0442593182 : https://kbopub.economie.fgov.be/kbopub/zoeknummerform.html?nummer=0442593182&actionLu=Rechercher | BCE 0452116307 : https://kbopub.economie.fgov.be/kbopub/zoeknummerform.html?nummer=0452116307&actionLu=Rechercher | BCE 0471925091 : https://kbopub.economie.fgov.be/kbopub/zoeknummerform.html?nummer=0471925091&actionLu=Rechercher | BCE 0639997585 : https://kbopub.economie.fgov.be/kbopub/zoeknummerform.html?nummer=0639997585&actionLu=Rechercher | BCE 0895759564 : https://kbopub.economie.fgov.be/kbopub/zoeknummerform.html?nummer=0895759564&actionLu=Rechercher
0417877483;AKA PLAST;2025;1;David Waelkens;non;1992-01-03;aucune détention publiée au Moniteur — indices par les mandats : administrateur personne morale A-20 (1031681508, Société à responsabilité limitée) — dirigée par David Waelkens [même famille];holding patrimonial (présumé, d'après les mandats);;A VERIFIER (âge du dirigeant, ancienneté 1 ans hors 10-25);liste des actes : https://www.ejustice.just.fgov.be/cgi_tsv/list.pl?language=fr&btw=0417877483&liste=Liste | première mention de David Waelkens : 2026-03-12 0036137 https://www.ejustice.just.fgov.be/tsv_pdf/2026/03/12/26036137.pdf | BCE : fonction depuis 2025 (https://kbopub.economie.fgov.be/kbopub/zoeknummerform.html?nummer=0417877483&actionLu=Rechercher) | statuts : 1992-01-03 727 (liste Moniteur) | BCE 1031681508 : https://kbopub.economie.fgov.be/kbopub/zoeknummerform.html?nummer=1031681508&actionLu=Rechercher
0402294434;X - PACK;2019;7;Philippe Closon;"oui : Cédric Maertens nommé 2019-02-11 (âge inconnu); Quentin Hansenne (né en 1982, 2019-02-11)";2020-06-25;"aucune détention publiée au Moniteur — indices par les mandats : administrateur personne morale QHAM (0537614382, Société à responsabilité limitée) — dirigée par Quentin Hansenne; administrateur personne morale TFR Solutions (0637747581, Société à responsabilité limitée) — dirigée par Thomas Fraipont";inconnu;;SURVEILLER;liste des actes : https://www.ejustice.just.fgov.be/cgi_tsv/list.pl?language=fr&btw=0402294434&liste=Liste | première mention de Philippe Closon : 2019-02-11 0021427 https://www.ejustice.just.fgov.be/tsv_pdf/2019/02/11/19021427.pdf | BCE : fonction depuis 2019 (https://kbopub.economie.fgov.be/kbopub/zoeknummerform.html?nummer=0402294434&actionLu=Rechercher) | statuts : 2020-06-25 0328310 https://www.ejustice.just.fgov.be/tsv_pdf/2020/06/25/20328310.pdf | BCE 0537614382 : https://kbopub.economie.fgov.be/kbopub/zoeknummerform.html?nummer=0537614382&actionLu=Rechercher | BCE 0637747581 : https://kbopub.economie.fgov.be/kbopub/zoeknummerform.html?nummer=0637747581&actionLu=Rechercher
0452626447;BELGOPLAST;2024;2;Cédric Bouille (né 1977);oui : Mickaël Leonardi (né en 1984, 2024-10-02);2023-07-11;aucune détention publiée au Moniteur;inconnu;;SURVEILLER;liste des actes : https://www.ejustice.just.fgov.be/cgi_tsv/list.pl?language=fr&btw=0452626447&liste=Liste | première mention de Cédric Bouille : 2024-10-02 0142030 https://www.ejustice.just.fgov.be/tsv_pdf/2024/10/02/24142030.pdf | BCE : fonction depuis 2024 (https://kbopub.economie.fgov.be/kbopub/zoeknummerform.html?nummer=0452626447&actionLu=Rechercher) | naissance 1977 : n° registre national 77 12 13 097 50 (2024-10-02 0142030) | statuts : 2023-07-11 0369650 https://www.ejustice.just.fgov.be/tsv_pdf/2023/07/11/23369650.pdf
0879569175;MERY CHASSIS;≤2006;≥20;Catherine Van de Merckt (né 1960);oui : Adrien Detollenaere (même nom, 2025-03-24);2023-09-13;"aucune détention publiée au Moniteur — indices par les mandats : administrateur personne morale ADT Consult (1015360762, Société à responsabilité limitée) — dirigée par Adrien Detollenaere; administrateur personne morale DETOLL INVEST (1017444777, Société à responsabilité limitée) — dirigée par Adrien Detollenaere, Guillaume Detollenaere";inconnu;;SURVEILLER;liste des actes : https://www.ejustice.just.fgov.be/cgi_tsv/list.pl?language=fr&btw=0879569175&liste=Liste | première mention de Catherine Van de Merckt : 2006-03-07 0045688 https://www.ejustice.just.fgov.be/tsv_pdf/2006/03/07/06045688.pdf | BCE : fonction depuis 2023 (https://kbopub.economie.fgov.be/kbopub/zoeknummerform.html?nummer=0879569175&actionLu=Rechercher) | naissance 1960 : n° registre national 600526 25071 (2006-03-07 0045688) | statuts : 2023-09-13 0390944 https://www.ejustice.just.fgov.be/tsv_pdf/2023/09/13/23390944.pdf | BCE 1015360762 : https://kbopub.economie.fgov.be/kbopub/zoeknummerform.html?nummer=1015360762&actionLu=Rechercher | BCE 1017444777 : https://kbopub.economie.fgov.be/kbopub/zoeknummerform.html?nummer=1017444777&actionLu=Rechercher
0459403381;L.W.Z. - Casa de la Pietra;2003;23;Kurt Wiesen;non;2024-03-29;aucune détention publiée au Moniteur;inconnu;;A VERIFIER (âge du dirigeant, actionnariat);liste des actes : https://www.ejustice.just.fgov.be/cgi_tsv/list.pl?language=fr&btw=0459403381&liste=Liste | première mention de Kurt Wiesen : 2003-10-22 0110062 https://www.ejustice.just.fgov.be/tsv_pdf/2003/10/22/03110062.pdf | BCE : fonction depuis 2024 (https://kbopub.economie.fgov.be/kbopub/zoeknummerform.html?nummer=0459403381&actionLu=Rechercher) | statuts : 2024-03-29 0382964 https://www.ejustice.just.fgov.be/tsv_pdf/2024/03/29/24382964.pdf
0459578278;ARDENNE BETON;2021;5;Claude Wagner;non;2024-03-12;"aucune détention publiée au Moniteur — indices par les mandats : administrateur personne morale C.W.A. (0765272590, Entité étrangère) — dirigée par Claude Wagner [même famille]; administrateur inscrit comme entité étrangère : C.W.A. (0765272590)";holding patrimonial (présumé, d'après les mandats);C.W.A. (entité étrangère, pays à préciser);A VERIFIER (âge du dirigeant, ancienneté 5 ans hors 10-25);liste des actes : https://www.ejustice.just.fgov.be/cgi_tsv/list.pl?language=fr&btw=0459578278&liste=Liste | première mention de Claude Wagner : 2021-03-24 0037158 https://www.ejustice.just.fgov.be/tsv_pdf/2021/03/24/21037158.pdf | BCE : fonction depuis 2024 (https://kbopub.economie.fgov.be/kbopub/zoeknummerform.html?nummer=0459578278&actionLu=Rechercher) | statuts : 2024-03-12 0375338 https://www.ejustice.just.fgov.be/tsv_pdf/2024/03/12/24375338.pdf | BCE 0765272590 : https://kbopub.economie.fgov.be/kbopub/zoeknummerform.html?nummer=0765272590&actionLu=Rechercher
0413941857;LES MATERIAUX ENROBES DU TOURNAISIS;≤2016;≥10;CHRISTOPHE MINIER;incertain : Jean-François Depret nommé 2023-02-14 (âge inconnu);2023-12-28;aucune détention publiée au Moniteur;inconnu;;A VERIFIER (âge du dirigeant, actionnariat, âge des nouveaux administrateurs);liste des actes : https://www.ejustice.just.fgov.be/cgi_tsv/list.pl?language=fr&btw=0413941857&liste=Liste | première mention de CHRISTOPHE MINIER : 2016-06-06 0077190 https://www.ejustice.just.fgov.be/tsv_pdf/2016/06/06/16077190.pdf | BCE : fonction depuis 2016 (https://kbopub.economie.fgov.be/kbopub/zoeknummerform.html?nummer=0413941857&actionLu=Rechercher) | statuts : 2023-12-28 0483624 https://www.ejustice.just.fgov.be/tsv_pdf/2023/12/28/23483624.pdf
0406054866;CROMARBO;≤2002;≥24;Bruno Croonenberghs;non;2024-01-17;aucune détention publiée au Moniteur — indices par les mandats : administrateur personne morale NEWCROO (0676739997, Société à responsabilité limitée) — dirigée par Bruno Croonenberghs [même famille];holding patrimonial (présumé, d'après les mandats);;A VERIFIER (âge du dirigeant);liste des actes : https://www.ejustice.just.fgov.be/cgi_tsv/list.pl?language=fr&btw=0406054866&liste=Liste | première mention de Bruno Croonenberghs : 2002-06-01 025 https://www.ejustice.just.fgov.be/tsv_pdf/2002/06/01/2002-06-01_0025.pdf (page multi-sociétés d'avant 2003, à confirmer) | BCE : fonction depuis 2023 (https://kbopub.economie.fgov.be/kbopub/zoeknummerform.html?nummer=0406054866&actionLu=Rechercher) | statuts : 2024-01-17 0330368 https://www.ejustice.just.fgov.be/tsv_pdf/2024/01/17/24330368.pdf | BCE 0676739997 : https://kbopub.economie.fgov.be/kbopub/zoeknummerform.html?nummer=0676739997&actionLu=Rechercher
0468205835;JF BAT;≤2018;≥8;Florentin Lambert;oui : Justin Lambert (même nom, 2018-06-29);1999-12-22;aucune détention publiée au Moniteur;famille (présumé, d'après les mandats);;SURVEILLER;liste des actes : https://www.ejustice.just.fgov.be/cgi_tsv/list.pl?language=fr&btw=0468205835&liste=Liste | première mention de Florentin Lambert : 2018-06-29 0319481 https://www.ejustice.just.fgov.be/tsv_pdf/2018/06/29/18319481.pdf | BCE : fonction depuis 2023 (https://kbopub.economie.fgov.be/kbopub/zoeknummerform.html?nummer=0468205835&actionLu=Rechercher) | statuts : 1999-12-22 069 https://www.ejustice.just.fgov.be/tsv_pdf/1999/12/22/1999-12-22_0069.pdf
0472610229;BUYSSE & CO;2003;23;Willy Tielemans;incertain : Jordan Busiau nommé 2021-01-21 (âge inconnu);2024-10-17;aucune détention publiée au Moniteur — indices par les mandats : administrateur personne morale GROUND CONCEPT (0630744181, Société à responsabilité limitée) — dirigée par Jordan Busiau;inconnu;;A VERIFIER (âge du dirigeant, actionnariat, âge des nouveaux administrateurs);liste des actes : https://www.ejustice.just.fgov.be/cgi_tsv/list.pl?language=fr&btw=0472610229&liste=Liste | première mention de Willy Tielemans : 2003-06-18 0067146 https://www.ejustice.just.fgov.be/tsv_pdf/2003/06/18/03067146.pdf | BCE : fonction depuis 2024 (https://kbopub.economie.fgov.be/kbopub/zoeknummerform.html?nummer=0472610229&actionLu=Rechercher) | statuts : 2024-10-17 0437363 https://www.ejustice.just.fgov.be/tsv_pdf/2024/10/17/24437363.pdf | BCE 0630744181 : https://kbopub.economie.fgov.be/kbopub/zoeknummerform.html?nummer=0630744181&actionLu=Rechercher
0440745234;BAUSTOFFE A. PIRONT;≤2001;≥25;Axel Piront;"oui : Jennifer Otten nommé 2025-01-07 (âge inconnu); Andreas Piront (même nom, 2025-01-07); Florence Piront (même nom, 2025-01-07); Alexander Piront (même nom, 2025-01-07)";2020-05-28;aucune détention publiée au Moniteur — indices par les mandats : administrateur personne morale VVH PIRONT (0807280817, Société anonyme) — dirigée par Jennifer Otten, Pascal Otten, Alexander Piront, Andreas Piront, Florence Piront, Alexander Piront [même famille];holding patrimonial (présumé, d'après les mandats);;SURVEILLER;liste des actes : https://www.ejustice.just.fgov.be/cgi_tsv/list.pl?language=fr&btw=0440745234&liste=Liste | première mention de Axel Piront : 2001-12-22 826 https://www.ejustice.just.fgov.be/tsv_pdf/2001/12/22/2001-12-22_0826.pdf (page multi-sociétés d'avant 2003, à confirmer) | BCE : fonction depuis 2019 (https://kbopub.economie.fgov.be/kbopub/zoeknummerform.html?nummer=0440745234&actionLu=Rechercher) | statuts : 2020-05-28 0323651 https://www.ejustice.just.fgov.be/tsv_pdf/2020/05/28/20323651.pdf | BCE 0807280817 : https://kbopub.economie.fgov.be/kbopub/zoeknummerform.html?nummer=0807280817&actionLu=Rechercher
0452299122;D.G. DECOUPES;2026;0;Martin de Cartier de Marchienne;incertain : Philippe Vaxelaire nommé 2026-07-03 (âge inconnu);2001-06-07;aucune détention publiée au Moniteur;inconnu;;A VERIFIER (âge du dirigeant, actionnariat, âge des nouveaux administrateurs);liste des actes : https://www.ejustice.just.fgov.be/cgi_tsv/list.pl?language=fr&btw=0452299122&liste=Liste | première mention de Martin de Cartier de Marchienne : 2026-07-03 0085491 https://www.ejustice.just.fgov.be/tsv_pdf/2026/07/03/26085491.pdf | BCE : fonction depuis 2026 (https://kbopub.economie.fgov.be/kbopub/zoeknummerform.html?nummer=0452299122&actionLu=Rechercher) | statuts : 2001-06-07 170 https://www.ejustice.just.fgov.be/tsv_pdf/2001/06/07/2001-06-07_0170.pdf
0422362744;MIROITERIE JEAN LEYS ET FILS;≤2010;≥16;Maxime Leys (né 1992);non;2022-12-12;aucune détention publiée au Moniteur;personne physique (présumé, d'après les mandats);;A VERIFIER;liste des actes : https://www.ejustice.just.fgov.be/cgi_tsv/list.pl?language=fr&btw=0422362744&liste=Liste | première mention de Maxime Leys : 2010-11-23 0169543 https://www.ejustice.just.fgov.be/tsv_pdf/2010/11/23/10169543.pdf | BCE : fonction depuis 2022 (https://kbopub.economie.fgov.be/kbopub/zoeknummerform.html?nummer=0422362744&actionLu=Rechercher) | naissance 1992 : « NE A UCCLE  LE 30 MAI 1992 » (2022-12-12 0380656) | statuts : 2022-12-12 0380656 https://www.ejustice.just.fgov.be/tsv_pdf/2022/12/12/22380656.pdf
0671456467;TAROS;2020;6;Anthony Tanghe;oui : Olivier Tanghe (même nom, 2025-07-07);2020-10-08;"aucune détention publiée au Moniteur — indices par les mandats : administrateur personne morale PAOLI (0450436623, Société à responsabilité limitée) — dirigée par Patricia Dejans, Olivier Tanghe, Olivier Tanghe [même famille]; administrateur personne morale ATACO (0750765449, Société à responsabilité limitée) — dirigée par Anthony Tanghe [même famille]";holding patrimonial (présumé, d'après les mandats);;SURVEILLER;liste des actes : https://www.ejustice.just.fgov.be/cgi_tsv/list.pl?language=fr&btw=0671456467&liste=Liste | première mention de Anthony Tanghe : 2020-10-05 0115668 https://www.ejustice.just.fgov.be/tsv_pdf/2020/10/05/20115668.pdf | BCE : fonction depuis 2020 (https://kbopub.economie.fgov.be/kbopub/zoeknummerform.html?nummer=0671456467&actionLu=Rechercher) | statuts : 2020-10-08 0116876 https://www.ejustice.just.fgov.be/tsv_pdf/2020/10/08/20116876.pdf | BCE 0450436623 : https://kbopub.economie.fgov.be/kbopub/zoeknummerform.html?nummer=0450436623&actionLu=Rechercher | BCE 0750765449 : https://kbopub.economie.fgov.be/kbopub/zoeknummerform.html?nummer=0750765449&actionLu=Rechercher
0875544467;GLESNER André SA;≤2005;≥21;André Glesner;incertain : François Bourguignon nommé 2024-07-16 (âge inconnu);2024-07-16;aucune détention publiée au Moniteur — indices par les mandats : administrateur personne morale UNI INVEST (1010959734, Société à responsabilité limitée) — dirigée par François Bourguignon, Sébastien Fourneau, Yannick Hartman, Morgane Kech, Kévin Stéveler;inconnu;;A VERIFIER (âge du dirigeant, actionnariat, âge des nouveaux administrateurs);liste des actes : https://www.ejustice.just.fgov.be/cgi_tsv/list.pl?language=fr&btw=0875544467&liste=Liste | première mention de André Glesner : 2005-08-22 0119936 https://www.ejustice.just.fgov.be/tsv_pdf/2005/08/22/05119936.pdf | BCE : fonction depuis 2024 (https://kbopub.economie.fgov.be/kbopub/zoeknummerform.html?nummer=0875544467&actionLu=Rechercher) | statuts : 2024-07-16 0416349 https://www.ejustice.just.fgov.be/tsv_pdf/2024/07/16/24416349.pdf | BCE 1010959734 : https://kbopub.economie.fgov.be/kbopub/zoeknummerform.html?nummer=1010959734&actionLu=Rechercher
0877035594;Atelier ISTACE;2005;21;Michaël Istace;non;2023-06-07;aucune détention publiée au Moniteur — indices par les mandats : administrateur personne morale HABITALUX (0891635975, Société à responsabilité limitée) — dirigée par Michaël Istace [même famille];holding patrimonial (présumé, d'après les mandats);;A VERIFIER (âge du dirigeant);liste des actes : https://www.ejustice.just.fgov.be/cgi_tsv/list.pl?language=fr&btw=0877035594&liste=Liste | première mention de Michaël Istace : 2005-11-10 0162549 https://www.ejustice.just.fgov.be/tsv_pdf/2005/11/10/05162549.pdf | BCE : fonction depuis 2023 (https://kbopub.economie.fgov.be/kbopub/zoeknummerform.html?nummer=0877035594&actionLu=Rechercher) | statuts : 2023-06-07 0353280 https://www.ejustice.just.fgov.be/tsv_pdf/2023/06/07/23353280.pdf | BCE 0891635975 : https://kbopub.economie.fgov.be/kbopub/zoeknummerform.html?nummer=0891635975&actionLu=Rechercher
0431073146;SA  ATELIERS MERSCH;2023;3;Roger Gehlen;incertain : Eddy Joenen nommé 2023-05-08 (âge inconnu);2024-09-12;aucune détention publiée au Moniteur — indices par les mandats : administrateur personne morale CORELIA INVEST (0862140255, Société à responsabilité limitée) — dirigée par Roger Gehlen, Eddy Joenen [même famille];holding patrimonial (présumé, d'après les mandats);;A VERIFIER (âge du dirigeant, âge des nouveaux administrateurs, ancienneté 3 ans hors 10-25);liste des actes : https://www.ejustice.just.fgov.be/cgi_tsv/list.pl?language=fr&btw=0431073146&liste=Liste | première mention de Roger Gehlen : 2023-05-08 0060827 https://www.ejustice.just.fgov.be/tsv_pdf/2023/05/08/23060827.pdf | BCE : fonction depuis 2023 (https://kbopub.economie.fgov.be/kbopub/zoeknummerform.html?nummer=0431073146&actionLu=Rechercher) | statuts : 2024-09-12 0132773 https://www.ejustice.just.fgov.be/tsv_pdf/2024/09/12/24132773.pdf | BCE 0862140255 : https://kbopub.economie.fgov.be/kbopub/zoeknummerform.html?nummer=0862140255&actionLu=Rechercher
0428742572;SOCIETE SPECIALISEE EN TUYAUTERIE ET MECANOSOUDURE;2010;16;Adrien Roman Moreno (né 1985);non;2022-12-27;aucune détention publiée au Moniteur;famille (présumé, d'après les mandats);;A VERIFIER;liste des actes : https://www.ejustice.just.fgov.be/cgi_tsv/list.pl?language=fr&btw=0428742572&liste=Liste | première mention de Adrien Roman Moreno : 2010-12-24 0186931 https://www.ejustice.just.fgov.be/tsv_pdf/2010/12/24/10186931.pdf | BCE : fonction depuis 2010 (https://kbopub.economie.fgov.be/kbopub/zoeknummerform.html?nummer=0428742572&actionLu=Rechercher) | naissance 1985 : « NE A NAMUR LE 2 FEVRIER 1985 » (2022-12-27 0387161) | statuts : 2022-12-27 0387161 https://www.ejustice.just.fgov.be/tsv_pdf/2022/12/27/22387161.pdf
0465056701;MENUISERIE GENERALE ALAIN ROSEN;1999;27;Alain Rosen;non;2022-02-28;aucune détention publiée au Moniteur;famille (présumé, d'après les mandats);;A VERIFIER (âge du dirigeant, ancienneté 27 ans hors 10-25);liste des actes : https://www.ejustice.just.fgov.be/cgi_tsv/list.pl?language=fr&btw=0465056701&liste=Liste | première mention de Alain Rosen : 1999-02-02 215 https://www.ejustice.just.fgov.be/tsv_pdf/1999/02/02/1999-02-02_0215.pdf (page multi-sociétés d'avant 2003, à confirmer) | BCE : fonction depuis 2025 (https://kbopub.economie.fgov.be/kbopub/zoeknummerform.html?nummer=0465056701&actionLu=Rechercher) | statuts : 2022-02-28 0313885 https://www.ejustice.just.fgov.be/tsv_pdf/2022/02/28/22313885.pdf
0412586926;Outillage de Précision Ateliers Fernand Vanwers;2003;23;Geoffrey Bouillon (né 1980);incertain : Julie Jodogne nommé 2023-08-07 (âge inconnu);2023-08-07;aucune détention publiée au Moniteur — indices par les mandats : administrateur personne morale GRB (0803428729, Société à responsabilité limitée) — dirigée par Geoffrey Bouillon [même famille];holding patrimonial (présumé, d'après les mandats);;A VERIFIER (âge des nouveaux administrateurs);liste des actes : https://www.ejustice.just.fgov.be/cgi_tsv/list.pl?language=fr&btw=0412586926&liste=Liste | première mention de Geoffrey Bouillon : 2003-03-26 0035355 https://www.ejustice.just.fgov.be/tsv_pdf/2003/03/26/03035355.pdf | BCE : fonction depuis 2023 (https://kbopub.economie.fgov.be/kbopub/zoeknummerform.html?nummer=0412586926&actionLu=Rechercher) | naissance 1980 : « NE A LIEGE  LE 4                                                                                       MARS 1980 » (2023-07-04 0365708) | statuts : 2023-08-07 0378994 https://www.ejustice.just.fgov.be/tsv_pdf/2023/08/07/23378994.pdf | BCE 0803428729 : https://kbopub.economie.fgov.be/kbopub/zoeknummerform.html?nummer=0803428729&actionLu=Rechercher
0892659227;mecanic systems;≤2007;≥19;Jean Devos (né 1938);non;2007-10-16;aucune détention publiée au Moniteur;inconnu;;A VERIFIER (actionnariat);liste des actes : https://www.ejustice.just.fgov.be/cgi_tsv/list.pl?language=fr&btw=0892659227&liste=Liste | première mention de Jean Devos : 2007-10-16 0150517 https://www.ejustice.just.fgov.be/tsv_pdf/2007/10/16/07150517.pdf | BCE : fonction depuis 2023 (https://kbopub.economie.fgov.be/kbopub/zoeknummerform.html?nummer=0892659227&actionLu=Rechercher) | naissance 1938 : n° registre national 380314 287 15 (2007-10-16 0150517) | statuts : 2007-10-16 0150517 https://www.ejustice.just.fgov.be/tsv_pdf/2007/10/16/07150517.pdf
0427130095;PRECICAL;≤2011;≥15;Eric Troupin (né 1971);non;2024-04-02;"aucune détention publiée au Moniteur — indices par les mandats : administrateur personne morale A.T.I.S.S. (0442103432, Société anonyme) — dirigée par Carine Botero, Eric Troupin [même famille]; administrateur personne morale EMMA CONCEPT (0543710140, Société à responsabilité limitée) — dirigée par Carine Botero, Eric Troupin [même famille]";holding patrimonial (présumé, d'après les mandats);;A VERIFIER;liste des actes : https://www.ejustice.just.fgov.be/cgi_tsv/list.pl?language=fr&btw=0427130095&liste=Liste | première mention de Eric Troupin : 2011-06-15 0088667 https://www.ejustice.just.fgov.be/tsv_pdf/2011/06/15/11088667.pdf | BCE : fonction depuis 2024 (https://kbopub.economie.fgov.be/kbopub/zoeknummerform.html?nummer=0427130095&actionLu=Rechercher) | naissance 1971 : n° registre national 710201 199 15 (2011-06-15 0088667) | statuts : 2024-04-02 0054273 https://www.ejustice.just.fgov.be/tsv_pdf/2024/04/02/24054273.pdf | BCE 0442103432 : https://kbopub.economie.fgov.be/kbopub/zoeknummerform.html?nummer=0442103432&actionLu=Rechercher | BCE 0543710140 : https://kbopub.economie.fgov.be/kbopub/zoeknummerform.html?nummer=0543710140&actionLu=Rechercher
0419692373;THISE;2018;8;José Bader (né 1954);non;1988-07-14;aucune détention publiée au Moniteur — indices par les mandats : administrateur personne morale TECHNORAMA INVEST (0480255908, Société à responsabilité limitée) — dirigée par José Bader [même famille];holding patrimonial (présumé, d'après les mandats);;A VERIFIER (ancienneté 8 ans hors 10-25);liste des actes : https://www.ejustice.just.fgov.be/cgi_tsv/list.pl?language=fr&btw=0419692373&liste=Liste | première mention de José Bader : 2019-05-13 0064418 https://www.ejustice.just.fgov.be/tsv_pdf/2019/05/13/19064418.pdf | BCE : fonction depuis 2018 (https://kbopub.economie.fgov.be/kbopub/zoeknummerform.html?nummer=0419692373&actionLu=Rechercher) | naissance 1954 : n° registre national 54 06 20 015 76 (2019-05-13 0064418) | statuts : 1988-07-14 350 (liste Moniteur) | BCE 0480255908 : https://kbopub.economie.fgov.be/kbopub/zoeknummerform.html?nummer=0480255908&actionLu=Rechercher
0478035596;SOUDOBEAM;2002;24;Jean Jungels;oui : Damien Debremaeker (né en 1982, 2024-01-03);2015-07-07;aucune détention publiée au Moniteur — indices par les mandats : administrateur personne morale Calycé (0780933241, Société à responsabilité limitée) — dirigée par Jean-Philippe Thomas;inconnu;;SURVEILLER;liste des actes : https://www.ejustice.just.fgov.be/cgi_tsv/list.pl?language=fr&btw=0478035596&liste=Liste | première mention de Jean Jungels : 2002-12-03 0144672 https://www.ejustice.just.fgov.be/tsv_pdf/2002/12/03/02144672.pdf (page multi-sociétés d'avant 2003, à confirmer) | BCE : fonction depuis 2023 (https://kbopub.economie.fgov.be/kbopub/zoeknummerform.html?nummer=0478035596&actionLu=Rechercher) | statuts : 2015-07-07 0096746 https://www.ejustice.just.fgov.be/tsv_pdf/2015/07/07/15096746.pdf | BCE 0780933241 : https://kbopub.economie.fgov.be/kbopub/zoeknummerform.html?nummer=0780933241&actionLu=Rechercher
0472965466;MAINTENANCE, MECANIQUE ET SERVICES INDUSTRIELS;≤2000;≥26;Claudine Raggai;oui : Romano Berti (même nom, 2023-11-27);2023-11-27;aucune détention publiée au Moniteur;inconnu;;SURVEILLER;liste des actes : https://www.ejustice.just.fgov.be/cgi_tsv/list.pl?language=fr&btw=0472965466&liste=Liste | première mention de Claudine Raggai : 2000-10-17 002 https://www.ejustice.just.fgov.be/tsv_pdf/2000/10/17/2000-10-17_0002.pdf (page multi-sociétés d'avant 2003, à confirmer) | BCE : fonction depuis 2004 (https://kbopub.economie.fgov.be/kbopub/zoeknummerform.html?nummer=0472965466&actionLu=Rechercher) | statuts : 2023-11-27 0436733 https://www.ejustice.just.fgov.be/tsv_pdf/2023/11/27/23436733.pdf
0664681612;Mahieu Sablage Peinture;≤2016;≥10;Ghislain Mahieu;non;2020-07-13;aucune détention publiée au Moniteur;personne physique (présumé, d'après les mandats);;A VERIFIER (âge du dirigeant);liste des actes : https://www.ejustice.just.fgov.be/cgi_tsv/list.pl?language=fr&btw=0664681612&liste=Liste | première mention de Ghislain Mahieu : 2016-10-19 0321355 https://www.ejustice.just.fgov.be/tsv_pdf/2016/10/19/16321355.pdf | BCE : fonction depuis 2020 (https://kbopub.economie.fgov.be/kbopub/zoeknummerform.html?nummer=0664681612&actionLu=Rechercher) | statuts : 2020-07-13 0078853 https://www.ejustice.just.fgov.be/tsv_pdf/2020/07/13/20078853.pdf
0669597235;POMMEE;2017;9;Gregory Stöcklin (né 1980);non;2022-12-15;aucune détention publiée au Moniteur;personne physique (présumé, d'après les mandats);;A VERIFIER (ancienneté 9 ans hors 10-25);liste des actes : https://www.ejustice.just.fgov.be/cgi_tsv/list.pl?language=fr&btw=0669597235&liste=Liste | première mention de Gregory Stöcklin : 2017-01-27 0015212 https://www.ejustice.just.fgov.be/tsv_pdf/2017/01/27/17015212.pdf | BCE : fonction depuis 2017 (https://kbopub.economie.fgov.be/kbopub/zoeknummerform.html?nummer=0669597235&actionLu=Rechercher) | naissance 1980 : n° registre national 80062637582 (2017-01-27 0015212) | statuts : 2022-12-15 0148101 https://www.ejustice.just.fgov.be/tsv_pdf/2022/12/15/22148101.pdf
0415500983;Menuiserie CORNET;≤2006;≥20;Paul Cornet (né 1982);non;2024-01-12;aucune détention publiée au Moniteur — indices par les mandats : administrateur personne morale ENTREPRISE CORNET & FILS (0700438384, Société à responsabilité limitée) — dirigée par Gaëtan Cornet [même famille];holding patrimonial (présumé, d'après les mandats);;A VERIFIER;liste des actes : https://www.ejustice.just.fgov.be/cgi_tsv/list.pl?language=fr&btw=0415500983&liste=Liste | première mention de Paul Cornet : 2006-03-31 0058591 https://www.ejustice.just.fgov.be/tsv_pdf/2006/03/31/06058591.pdf | BCE : fonction depuis 2023 (https://kbopub.economie.fgov.be/kbopub/zoeknummerform.html?nummer=0415500983&actionLu=Rechercher) | naissance 1982 : n° registre national 82 03 09 033 82 (2008-09-15 0147787) | statuts : 2024-01-12 0324600 https://www.ejustice.just.fgov.be/tsv_pdf/2024/01/12/24324600.pdf | BCE 0700438384 : https://kbopub.economie.fgov.be/kbopub/zoeknummerform.html?nummer=0700438384&actionLu=Rechercher
0867839895;EURECayphas;≤2004;≥22;Vincent Cayphas (né 1962);non;2023-12-28;aucune détention publiée au Moniteur;personne physique (présumé, d'après les mandats);;GARDER;liste des actes : https://www.ejustice.just.fgov.be/cgi_tsv/list.pl?language=fr&btw=0867839895&liste=Liste | première mention de Vincent Cayphas : 2004-10-22 0148739 https://www.ejustice.just.fgov.be/tsv_pdf/2004/10/22/04148739.pdf | BCE : fonction depuis 2023 (https://kbopub.economie.fgov.be/kbopub/zoeknummerform.html?nummer=0867839895&actionLu=Rechercher) | naissance 1962 : « NE A HAINE SAINT PAUL LE 18 OCTOBRE 1962 » (2023-12-28 0481361) | statuts : 2023-12-28 0481361 https://www.ejustice.just.fgov.be/tsv_pdf/2023/12/28/23481361.pdf
0818211529;DELMAR;≤2009;≥17;José Deltour (né 1958);non;2024-12-03;"aucune détention publiée au Moniteur — indices par les mandats : administrateur personne morale DELMAR HOLDING (0450824920, Société anonyme) — dirigée par José Deltour, Benjamin Deltour, José Deltour [même famille]; administrateur personne morale Deltour Benjamin (0831025526, Société à responsabilité limitée) — dirigée par Benjamin Deltour [même famille]";holding patrimonial (présumé, d'après les mandats);;GARDER;liste des actes : https://www.ejustice.just.fgov.be/cgi_tsv/list.pl?language=fr&btw=0818211529&liste=Liste | première mention de José Deltour : 2009-09-11 0128626 https://www.ejustice.just.fgov.be/tsv_pdf/2009/09/11/09128626.pdf | BCE : fonction depuis 2010 (https://kbopub.economie.fgov.be/kbopub/zoeknummerform.html?nummer=0818211529&actionLu=Rechercher) | naissance 1958 : « NE A ROESELARE LE 30 AOUT 1958 » (2009-09-11 0128626) | statuts : 2024-12-03 0447780 https://www.ejustice.just.fgov.be/tsv_pdf/2024/12/03/24447780.pdf | BCE 0450824920 : https://kbopub.economie.fgov.be/kbopub/zoeknummerform.html?nummer=0450824920&actionLu=Rechercher | BCE 0831025526 : https://kbopub.economie.fgov.be/kbopub/zoeknummerform.html?nummer=0831025526&actionLu=Rechercher
0419426812;Alutec;≤2023;≥3;Juan Casillas Gonzalez;non;1987-07-28;aucune détention publiée au Moniteur;personne physique (présumé, d'après les mandats);;A VERIFIER (âge du dirigeant, ancienneté 3 ans hors 10-25);liste des actes : https://www.ejustice.just.fgov.be/cgi_tsv/list.pl?language=fr&btw=0419426812&liste=Liste | première mention de Juan Casillas Gonzalez : 2023-01-30 0309203 https://www.ejustice.just.fgov.be/tsv_pdf/2023/01/30/23309203.pdf | BCE : fonction depuis 2023 (https://kbopub.economie.fgov.be/kbopub/zoeknummerform.html?nummer=0419426812&actionLu=Rechercher) | statuts : 1987-07-28 001 (liste Moniteur)
0466034916;MICROMEGA - DYNAMICS;≤1999;≥27;Nicolas Loix (né 1967);incertain : Manuel Eckstein nommé 2026-07-22 (âge inconnu);2023-12-01;"aucune détention publiée au Moniteur — indices par les mandats : administrateur personne morale 0787885666 (0787885666, ?) — dirigée par ?; administrateur étranger (DE)";groupe industriel;? (DE);ECARTER;liste des actes : https://www.ejustice.just.fgov.be/cgi_tsv/list.pl?language=fr&btw=0466034916&liste=Liste | première mention de Nicolas Loix : 1999-05-18 136 https://www.ejustice.just.fgov.be/tsv_pdf/1999/05/18/1999-05-18_0136.pdf (page multi-sociétés d'avant 2003, à confirmer) | BCE : fonction depuis 1999 (https://kbopub.economie.fgov.be/kbopub/zoeknummerform.html?nummer=0466034916&actionLu=Rechercher) | naissance 1967 : n° registre national 670907 045 51 (2005-09-19 0130788) | statuts : 2023-12-01 0443172 https://www.ejustice.just.fgov.be/tsv_pdf/2023/12/01/23443172.pdf | BCE 0787885666 : https://kbopub.economie.fgov.be/kbopub/zoeknummerform.html?nummer=0787885666&actionLu=Rechercher
0425362717;L.S.M.D.F.;2003;23;Valérie Pottiez;non;2014-01-13;aucune détention publiée au Moniteur — indices par les mandats : administrateur personne morale Holding Fréval (0633956960, Société à responsabilité limitée) — dirigée par Frédéric Leurident, Valérie Pottiez [même famille];holding patrimonial (présumé, d'après les mandats);;A VERIFIER (âge du dirigeant);liste des actes : https://www.ejustice.just.fgov.be/cgi_tsv/list.pl?language=fr&btw=0425362717&liste=Liste | première mention de Valérie Pottiez : 2003-01-23 0011023 https://www.ejustice.just.fgov.be/tsv_pdf/2003/01/23/03011023.pdf | BCE : fonction depuis 2020 (https://kbopub.economie.fgov.be/kbopub/zoeknummerform.html?nummer=0425362717&actionLu=Rechercher) | statuts : 2014-01-13 0012607 https://www.ejustice.just.fgov.be/tsv_pdf/2014/01/13/14012607.pdf | BCE 0633956960 : https://kbopub.economie.fgov.be/kbopub/zoeknummerform.html?nummer=0633956960&actionLu=Rechercher
0404340144;Société Technique des Echangeurs de Chaleur S.A.G.;≤1997;≥29;Pierre Charlier;incertain : Stéphanie Léonard nommé 2019-04-30 (âge inconnu);2023-11-16;aucune détention publiée au Moniteur;inconnu;;A VERIFIER (âge du dirigeant, actionnariat, âge des nouveaux administrateurs, ancienneté 29 ans hors 10-25);liste des actes : https://www.ejustice.just.fgov.be/cgi_tsv/list.pl?language=fr&btw=0404340144&liste=Liste | première mention de Pierre Charlier : 1997-08-05 099 https://www.ejustice.just.fgov.be/tsv_pdf/1997/08/05/1997-08-05_0099.pdf (page multi-sociétés d'avant 2003, à confirmer) | BCE : fonction depuis 2023 (https://kbopub.economie.fgov.be/kbopub/zoeknummerform.html?nummer=0404340144&actionLu=Rechercher) | statuts : 2023-11-16 0427298 https://www.ejustice.just.fgov.be/tsv_pdf/2023/11/16/23427298.pdf
0441135610;ETABLISSEMENTS DE SIMONE;2002;24;Philippe Onderbeke;incertain : Axel Soyez nommé 2019-07-18 (âge inconnu);2007-06-20;aucune détention publiée au Moniteur — indices par les mandats : administrateur personne morale AS CO-PILOT (0845923142, Société à responsabilité limitée) — dirigée par Philippe Onderbeke, Axel Soyez [même famille];holding patrimonial (présumé, d'après les mandats);;A VERIFIER (âge du dirigeant, âge des nouveaux administrateurs);liste des actes : https://www.ejustice.just.fgov.be/cgi_tsv/list.pl?language=fr&btw=0441135610&liste=Liste | première mention de Philippe Onderbeke : 2002-05-07 636 https://www.ejustice.just.fgov.be/tsv_pdf/2002/05/07/2002-05-07_0636.pdf (page multi-sociétés d'avant 2003, à confirmer) | BCE : fonction depuis 2021 (https://kbopub.economie.fgov.be/kbopub/zoeknummerform.html?nummer=0441135610&actionLu=Rechercher) | statuts : 2007-06-20 0087255 https://www.ejustice.just.fgov.be/tsv_pdf/2007/06/20/07087255.pdf | BCE 0845923142 : https://kbopub.economie.fgov.be/kbopub/zoeknummerform.html?nummer=0845923142&actionLu=Rechercher
0830703149;BELGIUM TRUCK TECHNOLOGY SA;≤2026;≥0;Mohamed Nuino (né 1974);incertain : Julie Sosson nommé 2026-05-22 (âge inconnu);2013-04-08;aucune détention publiée au Moniteur;inconnu;;A VERIFIER (actionnariat, âge des nouveaux administrateurs);liste des actes : https://www.ejustice.just.fgov.be/cgi_tsv/list.pl?language=fr&btw=0830703149&liste=Liste | première mention de Mohamed Nuino : 2026-09-08 0112963 https://www.ejustice.just.fgov.be/tsv_pdf/2026/09/08/26112963.pdf | BCE : fonction depuis 2026 (https://kbopub.economie.fgov.be/kbopub/zoeknummerform.html?nummer=0830703149&actionLu=Rechercher) | naissance 1974 : n° registre national 74 04 16 437 83 (2026-09-08 0112963) | statuts : 2013-04-08 0054056 https://www.ejustice.just.fgov.be/tsv_pdf/2013/04/08/13054056.pdf
0883163521;G.T.O. ORTHOPEDIE;2006;20;Michaël Godfroid (né 1979);non;2023-04-12;aucune détention publiée au Moniteur;personne physique (présumé, d'après les mandats);;A VERIFIER;liste des actes : https://www.ejustice.just.fgov.be/cgi_tsv/list.pl?language=fr&btw=0883163521&liste=Liste | première mention de Michaël Godfroid : 2006-09-04 0137851 https://www.ejustice.just.fgov.be/tsv_pdf/2006/09/04/06137851.pdf | BCE : fonction depuis 2023 (https://kbopub.economie.fgov.be/kbopub/zoeknummerform.html?nummer=0883163521&actionLu=Rechercher) | naissance 1979 : n° registre national 790118 333 17 (2006-09-04 0137851) | statuts : 2023-04-12 0333253 https://www.ejustice.just.fgov.be/tsv_pdf/2023/04/12/23333253.pdf
0447921155;BIO - PROTECT;2019;7;Sophie D'Hondt;incertain : Laurent de Spirlet nommé 2024-04-10 (âge inconnu);2006-03-23;aucune détention publiée au Moniteur — indices par les mandats : administrateur personne morale BIO PRO Holding (0727590565, Société à responsabilité limitée) — dirigée par Sophie D'Hondt, Laura de Spirlet [même famille];holding patrimonial (présumé, d'après les mandats);;A VERIFIER (âge du dirigeant, âge des nouveaux administrateurs, ancienneté 7 ans hors 10-25);liste des actes : https://www.ejustice.just.fgov.be/cgi_tsv/list.pl?language=fr&btw=0447921155&liste=Liste | première mention de Sophie D'Hondt : 2019-09-03 0117941 https://www.ejustice.just.fgov.be/tsv_pdf/2019/09/03/19117941.pdf | BCE : fonction depuis 2023 (https://kbopub.economie.fgov.be/kbopub/zoeknummerform.html?nummer=0447921155&actionLu=Rechercher) | statuts : 2006-03-23 0054050 https://www.ejustice.just.fgov.be/tsv_pdf/2006/03/23/06054050.pdf | BCE 0727590565 : https://kbopub.economie.fgov.be/kbopub/zoeknummerform.html?nummer=0727590565&actionLu=Rechercher
0463719782;RENAULD - COLLARD ET FILS;2003;23;Gauthier Renauld;non;2002-01-22;aucune détention publiée au Moniteur;personne physique (présumé, d'après les mandats);;A VERIFIER (âge du dirigeant);liste des actes : https://www.ejustice.just.fgov.be/cgi_tsv/list.pl?language=fr&btw=0463719782&liste=Liste | première mention de Gauthier Renauld : 2003-11-27 0124980 https://www.ejustice.just.fgov.be/tsv_pdf/2003/11/27/03124980.pdf | BCE : fonction depuis 2024 (https://kbopub.economie.fgov.be/kbopub/zoeknummerform.html?nummer=0463719782&actionLu=Rechercher) | statuts : 2002-01-22 505 https://www.ejustice.just.fgov.be/tsv_pdf/2002/01/22/2002-01-22_0505.pdf
0464805390;DURANT AGRICOLE ET JARDIN;2020;6;Emmanuel Durant;non;2004-02-26;aucune détention publiée au Moniteur;personne physique (présumé, d'après les mandats);;A VERIFIER (âge du dirigeant, ancienneté 6 ans hors 10-25);liste des actes : https://www.ejustice.just.fgov.be/cgi_tsv/list.pl?language=fr&btw=0464805390&liste=Liste | première mention de Emmanuel Durant : 2020-03-05 0035097 https://www.ejustice.just.fgov.be/tsv_pdf/2020/03/05/20035097.pdf | BCE : fonction depuis 2023 (https://kbopub.economie.fgov.be/kbopub/zoeknummerform.html?nummer=0464805390&actionLu=Rechercher) | statuts : 2004-02-26 0032971 https://www.ejustice.just.fgov.be/tsv_pdf/2004/02/26/04032971.pdf
0480025284;IMM HM;≤2003;≥23;Pierre Herbiet (né 1962);non;2016-06-01;aucune détention publiée au Moniteur;famille (présumé, d'après les mandats);;GARDER;liste des actes : https://www.ejustice.just.fgov.be/cgi_tsv/list.pl?language=fr&btw=0480025284&liste=Liste | première mention de Pierre Herbiet : 2003-04-23 0046781 https://www.ejustice.just.fgov.be/tsv_pdf/2003/04/23/03046781.pdf | BCE : fonction depuis 2003 (https://kbopub.economie.fgov.be/kbopub/zoeknummerform.html?nummer=0480025284&actionLu=Rechercher) | naissance 1962 : n° registre national 62102711361 (2016-06-01 0075131) | statuts : 2016-06-01 0075131 https://www.ejustice.just.fgov.be/tsv_pdf/2016/06/01/16075131.pdf
0433230605;GEVAGRI;2022;4;Lisa Gevers;oui : Lorenz Gevers (même nom, 2022-10-14);2022-08-30;aucune détention publiée au Moniteur;famille (présumé, d'après les mandats);;SURVEILLER;liste des actes : https://www.ejustice.just.fgov.be/cgi_tsv/list.pl?language=fr&btw=0433230605&liste=Liste | première mention de Lisa Gevers : 2022-10-14 0122528 https://www.ejustice.just.fgov.be/tsv_pdf/2022/10/14/22122528.pdf | BCE : fonction depuis 2022 (https://kbopub.economie.fgov.be/kbopub/zoeknummerform.html?nummer=0433230605&actionLu=Rechercher) | statuts : 2022-08-30 0354198 https://www.ejustice.just.fgov.be/tsv_pdf/2022/08/30/22354198.pdf
0424800513;R. TAHON;2018;8;Charlotte Tahon (né 1984);non;2024-11-22;aucune détention publiée au Moniteur;personne physique (présumé, d'après les mandats);;A VERIFIER (ancienneté 8 ans hors 10-25);liste des actes : https://www.ejustice.just.fgov.be/cgi_tsv/list.pl?language=fr&btw=0424800513&liste=Liste | première mention de Charlotte Tahon : 2018-07-18 0111820 https://www.ejustice.just.fgov.be/tsv_pdf/2018/07/18/18111820.pdf | BCE : fonction depuis 2018 (https://kbopub.economie.fgov.be/kbopub/zoeknummerform.html?nummer=0424800513&actionLu=Rechercher) | naissance 1984 : « NEE A TOURNAI LE 21 MAI 1984 » (2018-07-18 0111820) | statuts : 2024-11-22 0445456 https://www.ejustice.just.fgov.be/tsv_pdf/2024/11/22/24445456.pdf
0201400110;Association Intercommunale des Eaux du Condroz;2019;7;Olivier Monfort;incertain : Ruddy Borsu nommé 2026-05-12 (âge inconnu);2025-05-30;aucune détention publiée au Moniteur — indices par les mandats : intercommunale / coopérative publique;invest public;;ECARTER;liste des actes : https://www.ejustice.just.fgov.be/cgi_tsv/list.pl?language=fr&btw=0201400110&liste=Liste | première mention de Olivier Monfort : 2026-05-12 0061735 https://www.ejustice.just.fgov.be/tsv_pdf/2026/05/12/26061735.pdf | BCE : fonction depuis 2019 (https://kbopub.economie.fgov.be/kbopub/zoeknummerform.html?nummer=0201400110&actionLu=Rechercher) | statuts : 2025-05-30 0334745 https://www.ejustice.just.fgov.be/tsv_pdf/2025/05/30/25334745.pdf
0446707071;ENTREPRISES PIRLOT JACQUES;≤2001;≥25;Jacques Pirlot;non;2022-12-16;aucune détention publiée au Moniteur;famille (présumé, d'après les mandats);;A VERIFIER (âge du dirigeant);liste des actes : https://www.ejustice.just.fgov.be/cgi_tsv/list.pl?language=fr&btw=0446707071&liste=Liste | première mention de Jacques Pirlot : 2001-08-29 523 https://www.ejustice.just.fgov.be/tsv_pdf/2001/08/29/2001-08-29_0523.pdf (page multi-sociétés d'avant 2003, à confirmer) | BCE : fonction depuis 2022 (https://kbopub.economie.fgov.be/kbopub/zoeknummerform.html?nummer=0446707071&actionLu=Rechercher) | statuts : 2022-12-16 0382847 https://www.ejustice.just.fgov.be/tsv_pdf/2022/12/16/22382847.pdf
0202554608;Association Intercommunale des Eaux de la Molignée;2006;20;Bernard Gaillard (né 1961);"oui : Marc Buchet nommé 2025-10-30 (âge inconnu); Adrien Jacqmain (né en 2001, 2025-10-30); Emilie Pindeville (né en 1994, 2025-10-30); Damien Roland (né en 1998, 2025-10-30)";2024-08-02;aucune détention publiée au Moniteur — indices par les mandats : intercommunale / coopérative publique;invest public;;ECARTER;liste des actes : https://www.ejustice.just.fgov.be/cgi_tsv/list.pl?language=fr&btw=0202554608&liste=Liste | première mention de Bernard Gaillard : 2006-12-19 0188977 https://www.ejustice.just.fgov.be/tsv_pdf/2006/12/19/06188977.pdf | BCE : fonction depuis 2006 (https://kbopub.economie.fgov.be/kbopub/zoeknummerform.html?nummer=0202554608&actionLu=Rechercher) | naissance 1961 : n° registre national 610207 155 57 (2018-09-19 0140182) | statuts : 2024-08-02 0116108 https://www.ejustice.just.fgov.be/tsv_pdf/2024/08/02/24116108.pdf
0645702967;VIDANGE RARY;≤2016;≥10;Jean-Luc Rary;non;2016-01-11;aucune détention publiée au Moniteur;famille (présumé, d'après les mandats);;A VERIFIER (âge du dirigeant);liste des actes : https://www.ejustice.just.fgov.be/cgi_tsv/list.pl?language=fr&btw=0645702967&liste=Liste | première mention de Jean-Luc Rary : 2016-01-11 0300571 https://www.ejustice.just.fgov.be/tsv_pdf/2016/01/11/16300571.pdf | BCE : fonction depuis 2023 (https://kbopub.economie.fgov.be/kbopub/zoeknummerform.html?nummer=0645702967&actionLu=Rechercher) | statuts : 2016-01-11 0300571 https://www.ejustice.just.fgov.be/tsv_pdf/2016/01/11/16300571.pdf
0864498444;BN TRAVAUX;≤2004;≥22;Bruno Nielen (né 1971);non;2023-12-19;aucune détention publiée au Moniteur;personne physique (présumé, d'après les mandats);;A VERIFIER;liste des actes : https://www.ejustice.just.fgov.be/cgi_tsv/list.pl?language=fr&btw=0864498444&liste=Liste | première mention de Bruno Nielen : 2004-04-15 0057851 https://www.ejustice.just.fgov.be/tsv_pdf/2004/04/15/04057851.pdf | BCE : fonction depuis 2023 (https://kbopub.economie.fgov.be/kbopub/zoeknummerform.html?nummer=0864498444&actionLu=Rechercher) | naissance 1971 : n° registre national 711029 145 61 (2008-11-07 0176091) | statuts : 2023-12-19 0463462 https://www.ejustice.just.fgov.be/tsv_pdf/2023/12/19/23463462.pdf
0886531302;EXELIO;≤2007;≥19;Albert Wuidar (né 1968);non;2023-11-29;aucune détention publiée au Moniteur;inconnu;;GARDER;liste des actes : https://www.ejustice.just.fgov.be/cgi_tsv/list.pl?language=fr&btw=0886531302&liste=Liste | première mention de Albert Wuidar : 2007-01-29 0016909 https://www.ejustice.just.fgov.be/tsv_pdf/2007/01/29/07016909.pdf | BCE : fonction depuis 2007 (https://kbopub.economie.fgov.be/kbopub/zoeknummerform.html?nummer=0886531302&actionLu=Rechercher) | naissance 1968 : n° registre national 68 09 20 073 42 (2007-01-29 0016909) | statuts : 2023-11-29 0440266 https://www.ejustice.just.fgov.be/tsv_pdf/2023/11/29/23440266.pdf
0872168174;VIDANGE NETTE;2005;21;Dominique Ribeaucourt;non;2009-05-28;aucune détention publiée au Moniteur;famille (présumé, d'après les mandats);;A VERIFIER (âge du dirigeant);liste des actes : https://www.ejustice.just.fgov.be/cgi_tsv/list.pl?language=fr&btw=0872168174&liste=Liste | première mention de Dominique Ribeaucourt : 2005-03-08 0037235 https://www.ejustice.just.fgov.be/tsv_pdf/2005/03/08/05037235.pdf | BCE : fonction depuis 2022 (https://kbopub.economie.fgov.be/kbopub/zoeknummerform.html?nummer=0872168174&actionLu=Rechercher) | statuts : 2009-05-28 0075157 https://www.ejustice.just.fgov.be/tsv_pdf/2009/05/28/09075157.pdf
0456821795;RECYMEX;2017;9;David Lamy;incertain : Hala al-Assouad nommé 2025 (âge inconnu);2024-02-22;"aucune détention publiée au Moniteur — indices par les mandats : administrateur personne morale TIBI (0201543234, Société coopérative de droit public) — dirigée par Françoise Daspremont, Laetitia Dehan, Anne-Laure Desmit, Denis Ducarme, Laurence Durieux, Mohamed Fekrioui, Perrine Fiévet, Dominique Grenier, Jean-Claude Grolaux, Julien Herman, Nicolas Kindermans, Thomas Lemaire, Marc Minneboo, Cathy Mont, Samuel Orru, Hadrien Polain, Boris Puccini, Mourad Sahli, Loïc Sartieaux, Amandine Sautier, Emmanuel Brison, Grégory Souvereyns, Philippe Teller; administrateur personne morale Entreprises Koeckelberg (0401544861, Société anonyme) — dirigée par Norbert Koeckelberg; administrateur personne morale Veolia Environmental Services Belux (0403316397, Société anonyme) — dirigée par Franck Arlen, RICHARD KIRKMAN, Philippe Tychon; administrateur personne morale Veolia Treatment & Recycling BE (0459711605, Société anonyme) — dirigée par Marc Das, Philippe Tychon, Jérôme Waterkeyn; administrateur personne morale HYGEA (0839927651, Société coopérative) — dirigée par Luciano D'Antonio, Jacques De Moortel, Caroline Decamps, Benoit Deghorain, Jean-Charles Deneufbourg, Jean-Paul Deplus, Carlo Di Antonio, Axelle Dinant, Daniel Dorsimont, Laurent Drousie, Xavier Dupont, François Duveiller, Jean-François Escarmelle, Jacques Fauconnier, Catherine Houdart, Jean-Pierre Jaumot, Damien Jenart, Aziza Laaidi, Jacques Lermusiaux, Stéphane Leroy, Vincent Libois, Isabelle Marcq, Florence Monier, Guy Nita, JACQUES PETRY, Gaëlle Pistone, Dimitri Planque, Bruno Pozzoni, Julie Roisin, Bruno Rossi, Annie Sabbatini, Guiseppe Scinta, Philippe Scutnaire, Manuella Senecaut, Pierre Tachenion, Jean-Pierre Viseur, David Volant, Jacques De Moortel";invest public;;ECARTER;liste des actes : https://www.ejustice.just.fgov.be/cgi_tsv/list.pl?language=fr&btw=0456821795&liste=Liste | première mention de David Lamy : 2017-08-16 0118714 https://www.ejustice.just.fgov.be/tsv_pdf/2017/08/16/17118714.pdf | BCE : fonction depuis 2019 (https://kbopub.economie.fgov.be/kbopub/zoeknummerform.html?nummer=0456821795&actionLu=Rechercher) | statuts : 2024-02-22 0364966 https://www.ejustice.just.fgov.be/tsv_pdf/2024/02/22/24364966.pdf | BCE 0201543234 : https://kbopub.economie.fgov.be/kbopub/zoeknummerform.html?nummer=0201543234&actionLu=Rechercher | BCE 0401544861 : https://kbopub.economie.fgov.be/kbopub/zoeknummerform.html?nummer=0401544861&actionLu=Rechercher | BCE 0403316397 : https://kbopub.economie.fgov.be/kbopub/zoeknummerform.html?nummer=0403316397&actionLu=Rechercher | BCE 0459711605 : https://kbopub.economie.fgov.be/kbopub/zoeknummerform.html?nummer=0459711605&actionLu=Rechercher | BCE 0839927651 : https://kbopub.economie.fgov.be/kbopub/zoeknummerform.html?nummer=0839927651&actionLu=Rechercher
0890299157;CENTRIBEL RECYCLAGE;≤2007;≥19;Christian Belleflamme (né 1958);non;2021-01-06;aucune détention publiée au Moniteur;inconnu;;GARDER;liste des actes : https://www.ejustice.just.fgov.be/cgi_tsv/list.pl?language=fr&btw=0890299157&liste=Liste | première mention de Christian Belleflamme : 2007-07-04 0095846 https://www.ejustice.just.fgov.be/tsv_pdf/2007/07/04/07095846.pdf | BCE : fonction depuis 2020 (https://kbopub.economie.fgov.be/kbopub/zoeknummerform.html?nummer=0890299157&actionLu=Rechercher) | naissance 1958 : n° registre national 58 03 11 103 30 (2007-07-04 0095846) | statuts : 2021-01-06 0001490 https://www.ejustice.just.fgov.be/tsv_pdf/2021/01/06/21001490.pdf
0425109230;SEYNAVE ET FILS;2002;24;Paul-Pierre Seynave (né 1963);non;2020-01-13;aucune détention publiée au Moniteur;famille (présumé, d'après les mandats);;GARDER;liste des actes : https://www.ejustice.just.fgov.be/cgi_tsv/list.pl?language=fr&btw=0425109230&liste=Liste | première mention de Paul-Pierre Seynave : 2004-07-06 0099579 https://www.ejustice.just.fgov.be/tsv_pdf/2004/07/06/04099579.pdf | BCE : fonction depuis 2002 (https://kbopub.economie.fgov.be/kbopub/zoeknummerform.html?nummer=0425109230&actionLu=Rechercher) | naissance 1963 : n° registre national 631112 137 30 (2009-06-25 0089421) | statuts : 2020-01-13 0007437 https://www.ejustice.just.fgov.be/tsv_pdf/2020/01/13/20007437.pdf
0421324844;Louwyck;2023;3;Katleen Gruwier;incertain : Alain Louwyck nommé 2023 (âge inconnu);2023-12-19;aucune détention publiée au Moniteur;inconnu;;A VERIFIER (âge du dirigeant, actionnariat, âge des nouveaux administrateurs, ancienneté 3 ans hors 10-25);liste des actes : https://www.ejustice.just.fgov.be/cgi_tsv/list.pl?language=fr&btw=0421324844&liste=Liste | première mention de Katleen Gruwier : 2023-12-19 0463398 https://www.ejustice.just.fgov.be/tsv_pdf/2023/12/19/23463398.pdf | BCE : fonction depuis 2023 (https://kbopub.economie.fgov.be/kbopub/zoeknummerform.html?nummer=0421324844&actionLu=Rechercher) | statuts : 2023-12-19 0463398 https://www.ejustice.just.fgov.be/tsv_pdf/2023/12/19/23463398.pdf
0471539863;ENTREPRISES COLLEAUX;≤2000;≥26;Frédéric Colleaux;non;2023-12-07;aucune détention publiée au Moniteur;inconnu;;A VERIFIER (âge du dirigeant, actionnariat, ancienneté 26 ans hors 10-25);liste des actes : https://www.ejustice.just.fgov.be/cgi_tsv/list.pl?language=fr&btw=0471539863&liste=Liste | première mention de Frédéric Colleaux : 2000-04-06 447 https://www.ejustice.just.fgov.be/tsv_pdf/2000/04/06/2000-04-06_0447.pdf (page multi-sociétés d'avant 2003, à confirmer) | BCE : fonction depuis 2023 (https://kbopub.economie.fgov.be/kbopub/zoeknummerform.html?nummer=0471539863&actionLu=Rechercher) | statuts : 2023-12-07 0449647 https://www.ejustice.just.fgov.be/tsv_pdf/2023/12/07/23449647.pdf
0463866569;BC-BETON;2025;1;Benoit Carpentier de Give;non;2025-05-21;aucune détention publiée au Moniteur — indices par les mandats : administrateur personne morale COBEFI (0886527639, Société à responsabilité limitée) — dirigée par Benoit Carpentier de Give, Jean Carpentier [même famille];holding patrimonial (présumé, d'après les mandats);;A VERIFIER (âge du dirigeant, ancienneté 1 ans hors 10-25);liste des actes : https://www.ejustice.just.fgov.be/cgi_tsv/list.pl?language=fr&btw=0463866569&liste=Liste | BCE : fonction depuis 2025 (https://kbopub.economie.fgov.be/kbopub/zoeknummerform.html?nummer=0463866569&actionLu=Rechercher) | statuts : 2025-05-21 0064814 https://www.ejustice.just.fgov.be/tsv_pdf/2025/05/21/25064814.pdf | BCE 0886527639 : https://kbopub.economie.fgov.be/kbopub/zoeknummerform.html?nummer=0886527639&actionLu=Rechercher
0823225439;HAINAUT TRANSPORT & TRADING;≤2016;≥10;Zacharie Bennis;non;2024-07-17;aucune détention publiée au Moniteur;inconnu;;A VERIFIER (âge du dirigeant, actionnariat);liste des actes : https://www.ejustice.just.fgov.be/cgi_tsv/list.pl?language=fr&btw=0823225439&liste=Liste | première mention de Zacharie Bennis : 2016-07-01 0091011 https://www.ejustice.just.fgov.be/tsv_pdf/2016/07/01/16091011.pdf | BCE : fonction depuis 2024 (https://kbopub.economie.fgov.be/kbopub/zoeknummerform.html?nummer=0823225439&actionLu=Rechercher) | statuts : 2024-07-17 0416667 https://www.ejustice.just.fgov.be/tsv_pdf/2024/07/17/24416667.pdf
0863038593;TRANSTONE;≤2004;≥22;Dominique Lesage (né 1970);oui : Tom Scutenaire (même nom, 2026-02-05);2024-01-22;aucune détention publiée au Moniteur;inconnu;;SURVEILLER;liste des actes : https://www.ejustice.just.fgov.be/cgi_tsv/list.pl?language=fr&btw=0863038593&liste=Liste | première mention de Dominique Lesage : 2004-02-04 0018447 https://www.ejustice.just.fgov.be/tsv_pdf/2004/02/04/04018447.pdf | BCE : fonction depuis 2023 (https://kbopub.economie.fgov.be/kbopub/zoeknummerform.html?nummer=0863038593&actionLu=Rechercher) | naissance 1970 : n° registre national 701004 136 23 (2004-02-04 0018447) | statuts : 2024-01-22 0335506 https://www.ejustice.just.fgov.be/tsv_pdf/2024/01/22/24335506.pdf
0791193960;RIGAssistance;2022;4;Alain Riga (né 1970);"oui : Benjamin Riga (même nom, 2026-05-06); Naomi Riga (même nom, 2022-09-23)";2022-09-23;aucune détention publiée au Moniteur;famille (présumé, d'après les mandats);;SURVEILLER;liste des actes : https://www.ejustice.just.fgov.be/cgi_tsv/list.pl?language=fr&btw=0791193960&liste=Liste | première mention de Alain Riga : 2022-09-23 0359595 https://www.ejustice.just.fgov.be/tsv_pdf/2022/09/23/22359595.pdf | BCE : fonction depuis 2026 (https://kbopub.economie.fgov.be/kbopub/zoeknummerform.html?nummer=0791193960&actionLu=Rechercher) | naissance 1970 : « NE A LIEGE LE 7 OCTOBRE 1970 » (2022-09-23 0359595) | statuts : 2022-09-23 0359595 https://www.ejustice.just.fgov.be/tsv_pdf/2022/09/23/22359595.pdf
0404364096;LECOMTE SA;2016;10;Pierre Joly;incertain : Hervé Frère nommé 2021-10-12 (âge inconnu);2021-10-12;"aucune détention publiée au Moniteur — indices par les mandats : administrateur personne morale JOLY SA (0464849536, Société anonyme) — dirigée par Pierre Joly, Pascal Delhez, Bertrand Tallieu, Olivier Fabry, Pierre Joly [même famille]; administrateur personne morale C&M FRERE CONSTRUCT (0770626594, Société à responsabilité limitée) — dirigée par Hervé Frère; administrateur personne morale DelGest (0771766048, Société à responsabilité limitée) — dirigée par Pascal Delhez, Marie-Pierre Liègeois; administrateur personne morale TALAND (0772732088, Société à responsabilité limitée) — dirigée par Bertrand Tallieu; administrateur personne morale FINOFAB (0832476665, Société à responsabilité limitée) — dirigée par Olivier Fabry";holding patrimonial (présumé, d'après les mandats);;A VERIFIER (âge du dirigeant, âge des nouveaux administrateurs);liste des actes : https://www.ejustice.just.fgov.be/cgi_tsv/list.pl?language=fr&btw=0404364096&liste=Liste | première mention de Pierre Joly : 2016-09-21 0130664 https://www.ejustice.just.fgov.be/tsv_pdf/2016/09/21/16130664.pdf | BCE : fonction depuis 2021 (https://kbopub.economie.fgov.be/kbopub/zoeknummerform.html?nummer=0404364096&actionLu=Rechercher) | statuts : 2021-10-12 0360240 https://www.ejustice.just.fgov.be/tsv_pdf/2021/10/12/21360240.pdf | BCE 0464849536 : https://kbopub.economie.fgov.be/kbopub/zoeknummerform.html?nummer=0464849536&actionLu=Rechercher | BCE 0770626594 : https://kbopub.economie.fgov.be/kbopub/zoeknummerform.html?nummer=0770626594&actionLu=Rechercher | BCE 0771766048 : https://kbopub.economie.fgov.be/kbopub/zoeknummerform.html?nummer=0771766048&actionLu=Rechercher | BCE 0772732088 : https://kbopub.economie.fgov.be/kbopub/zoeknummerform.html?nummer=0772732088&actionLu=Rechercher | BCE 0832476665 : https://kbopub.economie.fgov.be/kbopub/zoeknummerform.html?nummer=0832476665&actionLu=Rechercher
0650650264;LE NUMERO 1;2026;0;Simon Tourneur;non;2021-12-29;aucune détention publiée au Moniteur — indices par les mandats : administrateur personne morale 0768657197 (0768657197, ?) — dirigée par ?;personne physique (présumé, d'après les mandats);;A VERIFIER (âge du dirigeant);liste des actes : https://www.ejustice.just.fgov.be/cgi_tsv/list.pl?language=fr&btw=0650650264&liste=Liste | première mention de Simon Tourneur : 2026-05-04 0051801 https://www.ejustice.just.fgov.be/tsv_pdf/2026/05/04/26051801.pdf | BCE : fonction depuis 2026 (https://kbopub.economie.fgov.be/kbopub/zoeknummerform.html?nummer=0650650264&actionLu=Rechercher) | statuts : 2021-12-29 0379497 https://www.ejustice.just.fgov.be/tsv_pdf/2021/12/29/21379497.pdf | BCE 0768657197 : https://kbopub.economie.fgov.be/kbopub/zoeknummerform.html?nummer=0768657197&actionLu=Rechercher
0808488367;TANGUY CALUWAERTS;≤2008;≥18;Corinne Detiège;non;2024-03-12;aucune détention publiée au Moniteur;inconnu;;A VERIFIER (âge du dirigeant, actionnariat);liste des actes : https://www.ejustice.just.fgov.be/cgi_tsv/list.pl?language=fr&btw=0808488367&liste=Liste | première mention de Corinne Detiège : 2008-12-30 0200964 https://www.ejustice.just.fgov.be/tsv_pdf/2008/12/30/08200964.pdf | BCE : fonction depuis 2008 (https://kbopub.economie.fgov.be/kbopub/zoeknummerform.html?nummer=0808488367&actionLu=Rechercher) | statuts : 2024-03-12 0043904 https://www.ejustice.just.fgov.be/tsv_pdf/2024/03/12/24043904.pdf
0845832377;TD Pierre Gilloteaux;≤2012;≥14;Pierre Gilloteaux;non;2024-01-02;aucune détention publiée au Moniteur;personne physique (présumé, d'après les mandats);;A VERIFIER (âge du dirigeant);liste des actes : https://www.ejustice.just.fgov.be/cgi_tsv/list.pl?language=fr&btw=0845832377&liste=Liste | première mention de Pierre Gilloteaux : 2012-05-11 0302638 https://www.ejustice.just.fgov.be/tsv_pdf/2012/05/11/12302638.pdf | BCE : fonction depuis 2023 (https://kbopub.economie.fgov.be/kbopub/zoeknummerform.html?nummer=0845832377&actionLu=Rechercher) | statuts : 2024-01-02 0301804 https://www.ejustice.just.fgov.be/tsv_pdf/2024/01/02/24301804.pdf
0657771450;M.I.M & CO;2016;10;Ibrahim Ünlüsoy;non;2026-06-09;aucune détention publiée au Moniteur;personne physique (présumé, d'après les mandats);;A VERIFIER (âge du dirigeant);liste des actes : https://www.ejustice.just.fgov.be/cgi_tsv/list.pl?language=fr&btw=0657771450&liste=Liste | première mention de Ibrahim Ünlüsoy : 2016-10-13 0141025 https://www.ejustice.just.fgov.be/tsv_pdf/2016/10/13/16141025.pdf | BCE : fonction depuis 2023 (https://kbopub.economie.fgov.be/kbopub/zoeknummerform.html?nummer=0657771450&actionLu=Rechercher) | statuts : 2026-06-09 0335834 https://www.ejustice.just.fgov.be/tsv_pdf/2026/06/09/26335834.pdf
0467064995;TERRAPLANT;≤1999;≥27;Hubert Voss;non;2013-03-20;aucune détention publiée au Moniteur;famille (présumé, d'après les mandats);;A VERIFIER (âge du dirigeant, ancienneté 27 ans hors 10-25);liste des actes : https://www.ejustice.just.fgov.be/cgi_tsv/list.pl?language=fr&btw=0467064995&liste=Liste | première mention de Hubert Voss : 1999-10-23 079 https://www.ejustice.just.fgov.be/tsv_pdf/1999/10/23/1999-10-23_0079.pdf (page multi-sociétés d'avant 2003, à confirmer) | BCE : fonction depuis 1999 (https://kbopub.economie.fgov.be/kbopub/zoeknummerform.html?nummer=0467064995&actionLu=Rechercher) | statuts : 2013-03-20 0045185 https://www.ejustice.just.fgov.be/tsv_pdf/2013/03/20/13045185.pdf
0413070441;DECUBEL;≤2021;≥5;Kevin Dutrieux (né 1986);incertain : Alexandre Plissart nommé 2024-05-22 (âge inconnu);2024-05-22;"aucune détention publiée au Moniteur — indices par les mandats : administrateur personne morale Kevin Géraldine Ernest Dutrieux (0682690354, Société à responsabilité limitée) — dirigée par Kevin Dutrieux [même famille]; administrateur personne morale DECUBE (0863670776, Société anonyme) — dirigée par Pascal Couneson, Alexandre Plissart, Danny Roosens, Sylvie Creteur, Sabine Colson, Alexandre Plissart";holding patrimonial (présumé, d'après les mandats);;A VERIFIER (âge des nouveaux administrateurs, ancienneté 5 ans hors 10-25);liste des actes : https://www.ejustice.just.fgov.be/cgi_tsv/list.pl?language=fr&btw=0413070441&liste=Liste | première mention de Kevin Dutrieux : 2021-05-11 0329644 https://www.ejustice.just.fgov.be/tsv_pdf/2021/05/11/21329644.pdf | BCE : fonction depuis 2021 (https://kbopub.economie.fgov.be/kbopub/zoeknummerform.html?nummer=0413070441&actionLu=Rechercher) | naissance 1986 : « NE A LA LOUVIERE LE 30                                                                                       SEPTEMBRE 1986 » (2021-05-11 0329644) | statuts : 2024-05-22 0398751 https://www.ejustice.just.fgov.be/tsv_pdf/2024/05/22/24398751.pdf | BCE 0682690354 : https://kbopub.economie.fgov.be/kbopub/zoeknummerform.html?nummer=0682690354&actionLu=Rechercher | BCE 0863670776 : https://kbopub.economie.fgov.be/kbopub/zoeknummerform.html?nummer=0863670776&actionLu=Rechercher
0471467807;TRAVAPAC;2006;20;Pascal Serry;non;2020-12-16;aucune détention publiée au Moniteur;inconnu;;A VERIFIER (âge du dirigeant, actionnariat);liste des actes : https://www.ejustice.just.fgov.be/cgi_tsv/list.pl?language=fr&btw=0471467807&liste=Liste | première mention de Pascal Serry : 2006-07-28 0123280 https://www.ejustice.just.fgov.be/tsv_pdf/2006/07/28/06123280.pdf | BCE : fonction depuis 2020 (https://kbopub.economie.fgov.be/kbopub/zoeknummerform.html?nummer=0471467807&actionLu=Rechercher) | statuts : 2020-12-16 0361778 https://www.ejustice.just.fgov.be/tsv_pdf/2020/12/16/20361778.pdf
0454257631;FEYEN  S.A.;≤2000;≥26;Anita Feyen;incertain : Céline Mertens nommé 2019-03-25 (âge inconnu);2023-05-15;aucune détention publiée au Moniteur — indices par les mandats : administrateur personne morale 0716767246 (0716767246, ?) — dirigée par ?;inconnu;;A VERIFIER (âge du dirigeant, actionnariat, âge des nouveaux administrateurs, ancienneté 26 ans hors 10-25);liste des actes : https://www.ejustice.just.fgov.be/cgi_tsv/list.pl?language=fr&btw=0454257631&liste=Liste | première mention de Anita Feyen : 2000-09-22 404 https://www.ejustice.just.fgov.be/tsv_pdf/2000/09/22/2000-09-22_0404.pdf (page multi-sociétés d'avant 2003, à confirmer) | BCE : fonction depuis 2000 (https://kbopub.economie.fgov.be/kbopub/zoeknummerform.html?nummer=0454257631&actionLu=Rechercher) | statuts : 2023-05-15 0064383 https://www.ejustice.just.fgov.be/tsv_pdf/2023/05/15/23064383.pdf | BCE 0716767246 : https://kbopub.economie.fgov.be/kbopub/zoeknummerform.html?nummer=0716767246&actionLu=Rechercher
0480047753;TRANSPORTS SEMET;2003;23;Stéphane Semet (né 1972);non;2023-11-21;aucune détention publiée au Moniteur;inconnu;;A VERIFIER (actionnariat);liste des actes : https://www.ejustice.just.fgov.be/cgi_tsv/list.pl?language=fr&btw=0480047753&liste=Liste | première mention de Stéphane Semet : 2003-04-25 0048219 https://www.ejustice.just.fgov.be/tsv_pdf/2003/04/25/03048219.pdf | BCE : fonction depuis 2023 (https://kbopub.economie.fgov.be/kbopub/zoeknummerform.html?nummer=0480047753&actionLu=Rechercher) | naissance 1972 : « NE A TOURNAI  LE 26 JUILLET 1972 » (2003-04-25 0048219) | statuts : 2023-11-21 0432279 https://www.ejustice.just.fgov.be/tsv_pdf/2023/11/21/23432279.pdf
0419531334;Voyages et Autocars Sambre et Meuse;≤2001;≥25;Benoit Dethy (né 1963);non;2024-12-13;aucune détention publiée au Moniteur;famille (présumé, d'après les mandats);;GARDER;liste des actes : https://www.ejustice.just.fgov.be/cgi_tsv/list.pl?language=fr&btw=0419531334&liste=Liste | première mention de Benoit Dethy : 2001-01-18 111 https://www.ejustice.just.fgov.be/tsv_pdf/2001/01/18/2001-01-18_0111.pdf (page multi-sociétés d'avant 2003, à confirmer) | BCE : fonction depuis 2006 (https://kbopub.economie.fgov.be/kbopub/zoeknummerform.html?nummer=0419531334&actionLu=Rechercher) | naissance 1963 : « NE A NAMUR LE 18 AOUT 1963 » (2024-12-13 0450449) | statuts : 2024-12-13 0450449 https://www.ejustice.just.fgov.be/tsv_pdf/2024/12/13/24450449.pdf
0869968254;TRANSPORT LECAILLIE J.P.;≤2004;≥22;Jean-Pierre Lecaillié (né 1959);non;2023-07-31;aucune détention publiée au Moniteur;personne physique (présumé, d'après les mandats);;GARDER;liste des actes : https://www.ejustice.just.fgov.be/cgi_tsv/list.pl?language=fr&btw=0869968254&liste=Liste | première mention de Jean-Pierre Lecaillié : 2004-11-25 0161926 https://www.ejustice.just.fgov.be/tsv_pdf/2004/11/25/04161926.pdf | BCE : fonction depuis 2023 (https://kbopub.economie.fgov.be/kbopub/zoeknummerform.html?nummer=0869968254&actionLu=Rechercher) | naissance 1959 : « NE A AYE LE 2 JUILLET 1959 » (2023-07-31 0377032) | statuts : 2023-07-31 0377032 https://www.ejustice.just.fgov.be/tsv_pdf/2023/07/31/23377032.pdf
0640952442;BASE DE BARONVILLE;2016;10;Denis Robin;incertain : Bernard Clermont nommé 2021 (âge inconnu);2023-12-28;aucune détention publiée au Moniteur;inconnu;;A VERIFIER (âge du dirigeant, actionnariat, âge des nouveaux administrateurs);liste des actes : https://www.ejustice.just.fgov.be/cgi_tsv/list.pl?language=fr&btw=0640952442&liste=Liste | première mention de Denis Robin : 2016-10-25 0147819 https://www.ejustice.just.fgov.be/tsv_pdf/2016/10/25/16147819.pdf | BCE : fonction depuis 2016 (https://kbopub.economie.fgov.be/kbopub/zoeknummerform.html?nummer=0640952442&actionLu=Rechercher) | statuts : 2023-12-28 0480277 https://www.ejustice.just.fgov.be/tsv_pdf/2023/12/28/23480277.pdf
0556654591;MULTITRA LOGISTICS;≤2014;≥12;Daniel Plunus (né 1965);incertain : Pascal Delhalle nommé 2025-01-08 (âge inconnu);2021-12-31;"aucune détention publiée au Moniteur — indices par les mandats : administrateur personne morale DELHALLE BUSINESS MANAGEMENT (0820439856, Société à responsabilité limitée) — dirigée par Pascal Delhalle, Pascal Delhalle; administrateur personne morale DALAMARO (1008522559, Société à responsabilité limitée) — dirigée par Daniel Plunus [même famille]; administrateur personne morale LJMC (1015302463, Société à responsabilité limitée) — dirigée par Fabrice Lemmens; administrateur personne morale MULTITRA HOLDING (1016938102, Société anonyme) — dirigée par Thomas Van der Linden, Frédéric Van Doosselaere, Pascal Delhalle, Daniel Plunus, Fabrice Lemmens [même famille]";holding patrimonial (présumé, d'après les mandats);;A VERIFIER (âge des nouveaux administrateurs);liste des actes : https://www.ejustice.just.fgov.be/cgi_tsv/list.pl?language=fr&btw=0556654591&liste=Liste | première mention de Daniel Plunus : 2014-07-28 0144547 https://www.ejustice.just.fgov.be/tsv_pdf/2014/07/28/14144547.pdf | BCE : fonction depuis 2024 (https://kbopub.economie.fgov.be/kbopub/zoeknummerform.html?nummer=0556654591&actionLu=Rechercher) | naissance 1965 : « NE A VERVIERS LE 1 DECEMBRE 1965 » (2024-12-06 0448857) | statuts : 2021-12-31 0380414 https://www.ejustice.just.fgov.be/tsv_pdf/2021/12/31/21380414.pdf | BCE 0820439856 : https://kbopub.economie.fgov.be/kbopub/zoeknummerform.html?nummer=0820439856&actionLu=Rechercher | BCE 1008522559 : https://kbopub.economie.fgov.be/kbopub/zoeknummerform.html?nummer=1008522559&actionLu=Rechercher | BCE 1015302463 : https://kbopub.economie.fgov.be/kbopub/zoeknummerform.html?nummer=1015302463&actionLu=Rechercher | BCE 1016938102 : https://kbopub.economie.fgov.be/kbopub/zoeknummerform.html?nummer=1016938102&actionLu=Rechercher
0473001593;MICHEL LOGISTICS;2000;26;Cendrine Michel;oui : Valéry Michel (même nom, 2020-09-14);2016-10-14;aucune détention publiée au Moniteur — indices par les mandats : administrateur personne morale MICHEL MANAGEMENT (0870611721, Société à responsabilité limitée) — dirigée par Didier Michel, Béatrice Vaeremans [même famille];holding patrimonial (présumé, d'après les mandats);;SURVEILLER;liste des actes : https://www.ejustice.just.fgov.be/cgi_tsv/list.pl?language=fr&btw=0473001593&liste=Liste | première mention de Cendrine Michel : 2000-10-18 610 https://www.ejustice.just.fgov.be/tsv_pdf/2000/10/18/2000-10-18_0610.pdf (page multi-sociétés d'avant 2003, à confirmer) | BCE : fonction depuis 2023 (https://kbopub.economie.fgov.be/kbopub/zoeknummerform.html?nummer=0473001593&actionLu=Rechercher) | statuts : 2016-10-14 0142034 https://www.ejustice.just.fgov.be/tsv_pdf/2016/10/14/16142034.pdf | BCE 0870611721 : https://kbopub.economie.fgov.be/kbopub/zoeknummerform.html?nummer=0870611721&actionLu=Rechercher
0474025637;CASSART DEPANNAGE;≤2001;≥25;Carine Cassart;non;2001-02-20;aucune détention publiée au Moniteur;famille (présumé, d'après les mandats);;A VERIFIER (âge du dirigeant);liste des actes : https://www.ejustice.just.fgov.be/cgi_tsv/list.pl?language=fr&btw=0474025637&liste=Liste | première mention de Carine Cassart : 2001-02-20 135 https://www.ejustice.just.fgov.be/tsv_pdf/2001/02/20/2001-02-20_0135.pdf (page multi-sociétés d'avant 2003, à confirmer) | BCE : fonction depuis 2010 (https://kbopub.economie.fgov.be/kbopub/zoeknummerform.html?nummer=0474025637&actionLu=Rechercher) | statuts : 2001-02-20 135 https://www.ejustice.just.fgov.be/tsv_pdf/2001/02/20/2001-02-20_0135.pdf
0423132212;FIRST EUROFLAT HOTEL;2015;11;LEA COHEN LEVY;incertain : Leslie Benarroch Cohen nommé 2026-03-18 (âge inconnu);2004-06-28;aucune détention publiée au Moniteur — indices par les mandats : administrateur personne morale 1034274376 (1034274376, ?) — dirigée par ?;inconnu;;A VERIFIER (âge du dirigeant, actionnariat, âge des nouveaux administrateurs);liste des actes : https://www.ejustice.just.fgov.be/cgi_tsv/list.pl?language=fr&btw=0423132212&liste=Liste | première mention de LEA COHEN LEVY : 2017-07-04 0094803 https://www.ejustice.just.fgov.be/tsv_pdf/2017/07/04/17094803.pdf | BCE : fonction depuis 2015 (https://kbopub.economie.fgov.be/kbopub/zoeknummerform.html?nummer=0423132212&actionLu=Rechercher) | statuts : 2004-06-28 0094427 https://www.ejustice.just.fgov.be/tsv_pdf/2004/06/28/04094427.pdf | BCE 1034274376 : https://kbopub.economie.fgov.be/kbopub/zoeknummerform.html?nummer=1034274376&actionLu=Rechercher
